>>> starting hdl_localization (loads /root/data/globalmap.pcd)
[INFO] [launch]: All log files can be found below /root/.ros/log/2026-09-20-01-24-20-344363-DESKTOP-OHMRFI9-5510
[INFO] [launch]: Default logging verbosity is set to INFO
[INFO] [hdl_localization_node-1]: process started with pid [5512]
[INFO] [python3-2]: process started with pid [5514]
[hdl_localization_node-1] [INFO] [1789838660.476348843] [hdl_localization_node]: create registration method for localization
[hdl_localization_node-1] [INFO] [1789838660.476889901] [hdl_localization_node]: NDT_OMP is selected
[hdl_localization_node-1] [INFO] [1789838660.476969971] [hdl_localization_node]: search_method DIRECT7 is selected
[hdl_localization_node-1] [INFO] [1789838660.476987073] [hdl_localization_node]: create registration method for fallback during relocalization
[hdl_localization_node-1] [INFO] [1789838660.476999414] [hdl_localization_node]: NDT_OMP is selected
[hdl_localization_node-1] [INFO] [1789838660.477017488] [hdl_localization_node]: search_method DIRECT7 is selected
[hdl_localization_node-1] [INFO] [1789838660.477145756] [hdl_localization_node]: loading global map from /root/data/globalmap.pcd
[hdl_localization_node-1] [INFO] [1789838660.497111728] [hdl_localization_node]: global map loaded: 387538 points
[hdl_localization_node-1] [INFO] [1789838660.597702446] [hdl_localization_node]: initialize pose estimator with specified parameters!!
[hdl_localization_node-1] [INFO] [1789838660.598402964] [hdl_localization_node]: enable imu-based prediction
>>> recording /hdl_localization/odom
stdin is not a terminal device. Keyboard handling disabled.[INFO] [1789838665.454533709] [rosbag2_recorder]: Press SPACE for pausing/resuming
[INFO] [1789838665.456646137] [rosbag2_storage]: Opened database '/root/data/rec_reloc/rec_reloc_0.db3' for READ_WRITE.
[INFO] [1789838665.458143129] [rosbag2_recorder]: Listening for topics...
[INFO] [1789838665.458168108] [rosbag2_recorder]: Event publisher thread: Starting
[INFO] [1789838665.461122144] [rosbag2_recorder]: Subscribed to topic '/hdl_localization/odom'
[INFO] [1789838665.461241791] [rosbag2_recorder]: Recording...
[INFO] [1789838665.461509465] [rosbag2_recorder]: All requested topics are subscribed. Stopping discovery...
>>> replaying bag: /root/data/nuscenes_demo
stdin is not a terminal device. Keyboard handling disabled.[INFO] [1789838667.122380551] [rosbag2_storage]: Opened database '/root/data/nuscenes_demo/nuscenes_demo_0.db3' for READ_ONLY.
[INFO] [1789838667.122463361] [rosbag2_player]: Set rate to 1
[INFO] [1789838667.144230195] [rosbag2_player]: Adding keyboard callbacks.
[INFO] [1789838667.144268976] [rosbag2_player]: Press SPACE for Pause/Resume
[INFO] [1789838667.144288318] [rosbag2_player]: Press CURSOR_RIGHT for Play Next Message
[INFO] [1789838667.144304160] [rosbag2_player]: Press CURSOR_UP for Increase Rate 10%
[INFO] [1789838667.144318642] [rosbag2_player]: Press CURSOR_DOWN for Decrease Rate 10%
[INFO] [1789838667.144812974] [rosbag2_storage]: Opened database '/root/data/nuscenes_demo/nuscenes_demo_0.db3' for READ_ONLY.
[hdl_localization_node-1] Warning: Invalid frame ID "robot_odom" passed to canTransform argument target_frame - frame does not exist
[hdl_localization_node-1]          at line 95 in ./src/buffer_core.cpp
[hdl_localization_node-1] Warning: Invalid frame ID "robot_odom" passed to canTransform argument fixed_frame - frame does not exist
[hdl_localization_node-1]          at line 95 in ./src/buffer_core.cpp
[hdl_localization_node-1] Warning: Invalid frame ID "robot_odom" passed to canTransform argument fixed_frame - frame does not exist
[hdl_localization_node-1]          at line 95 in ./src/buffer_core.cpp
[hdl_localization_node-1] Warning: Invalid frame ID "robot_odom" passed to canTransform argument fixed_frame - frame does not exist
[hdl_localization_node-1]          at line 95 in ./src/buffer_core.cpp
[hdl_localization_node-1] Warning: Invalid frame ID "robot_odom" passed to canTransform argument fixed_frame - frame does not exist
[hdl_localization_node-1]          at line 95 in ./src/buffer_core.cpp
[hdl_localization_node-1] Warning: Invalid frame ID "robot_odom" passed to canTransform argument fixed_frame - frame does not exist
[hdl_localization_node-1]          at line 95 in ./src/buffer_core.cpp
[hdl_localization_node-1] Warning: Invalid frame ID "robot_odom" passed to canTransform argument fixed_frame - frame does not exist
[hdl_localization_node-1]          at line 95 in ./src/buffer_core.cpp
[hdl_localization_node-1] Warning: Invalid frame ID "robot_odom" passed to canTransform argument fixed_frame - frame does not exist
[hdl_localization_node-1]          at line 95 in ./src/buffer_core.cpp
[hdl_localization_node-1] Warning: Invalid frame ID "robot_odom" passed to canTransform argument fixed_frame - frame does not exist
[hdl_localization_node-1]          at line 95 in ./src/buffer_core.cpp
[hdl_localization_node-1] Warning: Invalid frame ID "robot_odom" passed to canTransform argument fixed_frame - frame does not exist
[hdl_localization_node-1]          at line 95 in ./src/buffer_core.cpp
[hdl_localization_node-1] Warning: Invalid frame ID "robot_odom" passed to canTransform argument fixed_frame - frame does not exist
[hdl_localization_node-1]          at line 95 in ./src/buffer_core.cpp
[hdl_localization_node-1] Warning: Invalid frame ID "robot_odom" passed to canTransform argument fixed_frame - frame does not exist
[hdl_localization_node-1]          at line 95 in ./src/buffer_core.cpp
[hdl_localization_node-1] Warning: Invalid frame ID "robot_odom" passed to canTransform argument fixed_frame - frame does not exist
[hdl_localization_node-1]          at line 95 in ./src/buffer_core.cpp
[hdl_localization_node-1] [WARN] [1789838668.761194287] [hdl_localization_node]: failed to look up transform between base_link and robot_odom
[hdl_localization_node-1] Warning: Invalid frame ID "robot_odom" passed to canTransform argument target_frame - frame does not exist
[hdl_localization_node-1]          at line 95 in ./src/buffer_core.cpp
[hdl_localization_node-1] Warning: Invalid frame ID "robot_odom" passed to canTransform argument fixed_frame - frame does not exist
[hdl_localization_node-1]          at line 95 in ./src/buffer_core.cpp
[hdl_localization_node-1] Warning: Invalid frame ID "robot_odom" passed to canTransform argument fixed_frame - frame does not exist
[hdl_localization_node-1]          at line 95 in ./src/buffer_core.cpp
[hdl_localization_node-1] Warning: Invalid frame ID "robot_odom" passed to canTransform argument fixed_frame - frame does not exist
[hdl_localization_node-1]          at line 95 in ./src/buffer_core.cpp
[hdl_localization_node-1] Warning: Invalid frame ID "robot_odom" passed to canTransform argument fixed_frame - frame does not exist
[hdl_localization_node-1]          at line 95 in ./src/buffer_core.cpp
[hdl_localization_node-1] Warning: Invalid frame ID "robot_odom" passed to canTransform argument fixed_frame - frame does not exist
[hdl_localization_node-1]          at line 95 in ./src/buffer_core.cpp
[hdl_localization_node-1] Warning: Invalid frame ID "robot_odom" passed to canTransform argument fixed_frame - frame does not exist
[hdl_localization_node-1]          at line 95 in ./src/buffer_core.cpp
[hdl_localization_node-1] Warning: Invalid frame ID "robot_odom" passed to canTransform argument fixed_frame - frame does not exist
[hdl_localization_node-1]          at line 95 in ./src/buffer_core.cpp
[hdl_localization_node-1] Warning: Invalid frame ID "robot_odom" passed to canTransform argument fixed_frame - frame does not exist
[hdl_localization_node-1]          at line 95 in ./src/buffer_core.cpp
[hdl_localization_node-1] Warning: Invalid frame ID "robot_odom" passed to canTransform argument fixed_frame - frame does not exist
[hdl_localization_node-1]          at line 95 in ./src/buffer_core.cpp
[hdl_localization_node-1] Warning: Invalid frame ID "robot_odom" passed to canTransform argument fixed_frame - frame does not exist
[hdl_localization_node-1]          at line 95 in ./src/buffer_core.cpp
[hdl_localization_node-1] Warning: Invalid frame ID "robot_odom" passed to canTransform argument fixed_frame - frame does not exist
[hdl_localization_node-1]          at line 95 in ./src/buffer_core.cpp
[hdl_localization_node-1] Warning: Invalid frame ID "robot_odom" passed to canTransform argument fixed_frame - frame does not exist
[hdl_localization_node-1]          at line 95 in ./src/buffer_core.cpp
[hdl_localization_node-1] Warning: Invalid frame ID "robot_odom" passed to canTransform argument fixed_frame - frame does not exist
[hdl_localization_node-1]          at line 95 in ./src/buffer_core.cpp
[hdl_localization_node-1] [WARN] [1789838669.272754220] [hdl_localization_node]: failed to look up transform between base_link and robot_odom
[hdl_localization_node-1] Warning: Invalid frame ID "robot_odom" passed to canTransform argument target_frame - frame does not exist
[hdl_localization_node-1]          at line 95 in ./src/buffer_core.cpp
[hdl_localization_node-1] Warning: Invalid frame ID "robot_odom" passed to canTransform argument fixed_frame - frame does not exist
[hdl_localization_node-1]          at line 95 in ./src/buffer_core.cpp
[hdl_localization_node-1] Warning: Invalid frame ID "robot_odom" passed to canTransform argument fixed_frame - frame does not exist
[hdl_localization_node-1]          at line 95 in ./src/buffer_core.cpp
[hdl_localization_node-1] Warning: Invalid frame ID "robot_odom" passed to canTransform argument fixed_frame - frame does not exist
[hdl_localization_node-1]          at line 95 in ./src/buffer_core.cpp
[hdl_localization_node-1] Warning: Invalid frame ID "robot_odom" passed to canTransform argument fixed_frame - frame does not exist
[hdl_localization_node-1]          at line 95 in ./src/buffer_core.cpp
[hdl_localization_node-1] Warning: Invalid frame ID "robot_odom" passed to canTransform argument fixed_frame - frame does not exist
[hdl_localization_node-1]          at line 95 in ./src/buffer_core.cpp
[hdl_localization_node-1] Warning: Invalid frame ID "robot_odom" passed to canTransform argument fixed_frame - frame does not exist
[hdl_localization_node-1]          at line 95 in ./src/buffer_core.cpp
[hdl_localization_node-1] Warning: Invalid frame ID "robot_odom" passed to canTransform argument fixed_frame - frame does not exist
[hdl_localization_node-1]          at line 95 in ./src/buffer_core.cpp
[hdl_localization_node-1] Warning: Invalid frame ID "robot_odom" passed to canTransform argument fixed_frame - frame does not exist
[hdl_localization_node-1]          at line 95 in ./src/buffer_core.cpp
[hdl_localization_node-1] Warning: Invalid frame ID "robot_odom" passed to canTransform argument fixed_frame - frame does not exist
[hdl_localization_node-1]          at line 95 in ./src/buffer_core.cpp
[hdl_localization_node-1] Warning: Invalid frame ID "robot_odom" passed to canTransform argument fixed_frame - frame does not exist
[hdl_localization_node-1]          at line 95 in ./src/buffer_core.cpp
[hdl_localization_node-1] Warning: Invalid frame ID "robot_odom" passed to canTransform argument fixed_frame - frame does not exist
[hdl_localization_node-1]          at line 95 in ./src/buffer_core.cpp
[hdl_localization_node-1] [WARN] [1789838669.753660327] [hdl_localization_node]: failed to look up transform between base_link and robot_odom
[hdl_localization_node-1] Warning: Invalid frame ID "robot_odom" passed to canTransform argument target_frame - frame does not exist
[hdl_localization_node-1]          at line 95 in ./src/buffer_core.cpp
[hdl_localization_node-1] Warning: Invalid frame ID "robot_odom" passed to canTransform argument fixed_frame - frame does not exist
[hdl_localization_node-1]          at line 95 in ./src/buffer_core.cpp
[hdl_localization_node-1] Warning: Invalid frame ID "robot_odom" passed to canTransform argument fixed_frame - frame does not exist
[hdl_localization_node-1]          at line 95 in ./src/buffer_core.cpp
[hdl_localization_node-1] Warning: Invalid frame ID "robot_odom" passed to canTransform argument fixed_frame - frame does not exist
[hdl_localization_node-1]          at line 95 in ./src/buffer_core.cpp
[hdl_localization_node-1] Warning: Invalid frame ID "robot_odom" passed to canTransform argument fixed_frame - frame does not exist
[hdl_localization_node-1]          at line 95 in ./src/buffer_core.cpp
[hdl_localization_node-1] Warning: Invalid frame ID "robot_odom" passed to canTransform argument fixed_frame - frame does not exist
[hdl_localization_node-1]          at line 95 in ./src/buffer_core.cpp
[hdl_localization_node-1] Warning: Invalid frame ID "robot_odom" passed to canTransform argument fixed_frame - frame does not exist
[hdl_localization_node-1]          at line 95 in ./src/buffer_core.cpp
[hdl_localization_node-1] Warning: Invalid frame ID "robot_odom" passed to canTransform argument fixed_frame - frame does not exist
[hdl_localization_node-1]          at line 95 in ./src/buffer_core.cpp
[hdl_localization_node-1] Warning: Invalid frame ID "robot_odom" passed to canTransform argument fixed_frame - frame does not exist
[hdl_localization_node-1]          at line 95 in ./src/buffer_core.cpp
[hdl_localization_node-1] Warning: Invalid frame ID "robot_odom" passed to canTransform argument fixed_frame - frame does not exist
[hdl_localization_node-1]          at line 95 in ./src/buffer_core.cpp
[hdl_localization_node-1] Warning: Invalid frame ID "robot_odom" passed to canTransform argument fixed_frame - frame does not exist
[hdl_localization_node-1]          at line 95 in ./src/buffer_core.cpp
[hdl_localization_node-1] Warning: Invalid frame ID "robot_odom" passed to canTransform argument fixed_frame - frame does not exist
[hdl_localization_node-1]          at line 95 in ./src/buffer_core.cpp
[hdl_localization_node-1] Warning: Invalid frame ID "robot_odom" passed to canTransform argument fixed_frame - frame does not exist
[hdl_localization_node-1]          at line 95 in ./src/buffer_core.cpp
[hdl_localization_node-1] [WARN] [1789838670.262348847] [hdl_localization_node]: failed to look up transform between base_link and robot_odom
[hdl_localization_node-1] Warning: Invalid frame ID "robot_odom" passed to canTransform argument target_frame - frame does not exist
[hdl_localization_node-1]          at line 95 in ./src/buffer_core.cpp
[hdl_localization_node-1] Warning: Invalid frame ID "robot_odom" passed to canTransform argument fixed_frame - frame does not exist
[hdl_localization_node-1]          at line 95 in ./src/buffer_core.cpp
[hdl_localization_node-1] Warning: Invalid frame ID "robot_odom" passed to canTransform argument fixed_frame - frame does not exist
[hdl_localization_node-1]          at line 95 in ./src/buffer_core.cpp
[hdl_localization_node-1] Warning: Invalid frame ID "robot_odom" passed to canTransform argument fixed_frame - frame does not exist
[hdl_localization_node-1]          at line 95 in ./src/buffer_core.cpp
[hdl_localization_node-1] Warning: Invalid frame ID "robot_odom" passed to canTransform argument fixed_frame - frame does not exist
[hdl_localization_node-1]          at line 95 in ./src/buffer_core.cpp
[hdl_localization_node-1] Warning: Invalid frame ID "robot_odom" passed to canTransform argument fixed_frame - frame does not exist
[hdl_localization_node-1]          at line 95 in ./src/buffer_core.cpp
[hdl_localization_node-1] Warning: Invalid frame ID "robot_odom" passed to canTransform argument fixed_frame - frame does not exist
[hdl_localization_node-1]          at line 95 in ./src/buffer_core.cpp
[hdl_localization_node-1] Warning: Invalid frame ID "robot_odom" passed to canTransform argument fixed_frame - frame does not exist
[hdl_localization_node-1]          at line 95 in ./src/buffer_core.cpp
[hdl_localization_node-1] Warning: Invalid frame ID "robot_odom" passed to canTransform argument fixed_frame - frame does not exist
[hdl_localization_node-1]          at line 95 in ./src/buffer_core.cpp
[hdl_localization_node-1] Warning: Invalid frame ID "robot_odom" passed to canTransform argument fixed_frame - frame does not exist
[hdl_localization_node-1]          at line 95 in ./src/buffer_core.cpp
[hdl_localization_node-1] Warning: Invalid frame ID "robot_odom" passed to canTransform argument fixed_frame - frame does not exist
[hdl_localization_node-1]          at line 95 in ./src/buffer_core.cpp
[hdl_localization_node-1] Warning: Invalid frame ID "robot_odom" passed to canTransform argument fixed_frame - frame does not exist
[hdl_localization_node-1]          at line 95 in ./src/buffer_core.cpp
[hdl_localization_node-1] Warning: Invalid frame ID "robot_odom" passed to canTransform argument fixed_frame - frame does not exist
[hdl_localization_node-1]          at line 95 in ./src/buffer_core.cpp
[hdl_localization_node-1] Warning: Invalid frame ID "robot_odom" passed to canTransform argument fixed_frame - frame does not exist
[hdl_localization_node-1]          at line 95 in ./src/buffer_core.cpp
[hdl_localization_node-1] [WARN] [1789838670.771656219] [hdl_localization_node]: failed to look up transform between base_link and robot_odom
[hdl_localization_node-1] Warning: Invalid frame ID "robot_odom" passed to canTransform argument target_frame - frame does not exist
[hdl_localization_node-1]          at line 95 in ./src/buffer_core.cpp
[hdl_localization_node-1] Warning: Invalid frame ID "robot_odom" passed to canTransform argument fixed_frame - frame does not exist
[hdl_localization_node-1]          at line 95 in ./src/buffer_core.cpp
[hdl_localization_node-1] Warning: Invalid frame ID "robot_odom" passed to canTransform argument fixed_frame - frame does not exist
[hdl_localization_node-1]          at line 95 in ./src/buffer_core.cpp
[hdl_localization_node-1] Warning: Invalid frame ID "robot_odom" passed to canTransform argument fixed_frame - frame does not exist
[hdl_localization_node-1]          at line 95 in ./src/buffer_core.cpp
[hdl_localization_node-1] Warning: Invalid frame ID "robot_odom" passed to canTransform argument fixed_frame - frame does not exist
[hdl_localization_node-1]          at line 95 in ./src/buffer_core.cpp
[hdl_localization_node-1] Warning: Invalid frame ID "robot_odom" passed to canTransform argument fixed_frame - frame does not exist
[hdl_localization_node-1]          at line 95 in ./src/buffer_core.cpp
[hdl_localization_node-1] Warning: Invalid frame ID "robot_odom" passed to canTransform argument fixed_frame - frame does not exist
[hdl_localization_node-1]          at line 95 in ./src/buffer_core.cpp
[hdl_localization_node-1] Warning: Invalid frame ID "robot_odom" passed to canTransform argument fixed_frame - frame does not exist
[hdl_localization_node-1]          at line 95 in ./src/buffer_core.cpp
[hdl_localization_node-1] Warning: Invalid frame ID "robot_odom" passed to canTransform argument fixed_frame - frame does not exist
[hdl_localization_node-1]          at line 95 in ./src/buffer_core.cpp
[hdl_localization_node-1] Warning: Invalid frame ID "robot_odom" passed to canTransform argument fixed_frame - frame does not exist
[hdl_localization_node-1]          at line 95 in ./src/buffer_core.cpp
[hdl_localization_node-1] Warning: Invalid frame ID "robot_odom" passed to canTransform argument fixed_frame - frame does not exist
[hdl_localization_node-1]          at line 95 in ./src/buffer_core.cpp
[hdl_localization_node-1] Warning: Invalid frame ID "robot_odom" passed to canTransform argument fixed_frame - frame does not exist
[hdl_localization_node-1]          at line 95 in ./src/buffer_core.cpp
[hdl_localization_node-1] Warning: Invalid frame ID "robot_odom" passed to canTransform argument fixed_frame - frame does not exist
[hdl_localization_node-1]          at line 95 in ./src/buffer_core.cpp
[hdl_localization_node-1] [WARN] [1789838671.261262272] [hdl_localization_node]: failed to look up transform between base_link and robot_odom
[hdl_localization_node-1] Warning: Invalid frame ID "robot_odom" passed to canTransform argument target_frame - frame does not exist
[hdl_localization_node-1]          at line 95 in ./src/buffer_core.cpp
[hdl_localization_node-1] Warning: Invalid frame ID "robot_odom" passed to canTransform argument fixed_frame - frame does not exist
[hdl_localization_node-1]          at line 95 in ./src/buffer_core.cpp
[hdl_localization_node-1] Warning: Invalid frame ID "robot_odom" passed to canTransform argument fixed_frame - frame does not exist
[hdl_localization_node-1]          at line 95 in ./src/buffer_core.cpp
[hdl_localization_node-1] Warning: Invalid frame ID "robot_odom" passed to canTransform argument fixed_frame - frame does not exist
[hdl_localization_node-1]          at line 95 in ./src/buffer_core.cpp
[hdl_localization_node-1] Warning: Invalid frame ID "robot_odom" passed to canTransform argument fixed_frame - frame does not exist
[hdl_localization_node-1]          at line 95 in ./src/buffer_core.cpp
[hdl_localization_node-1] Warning: Invalid frame ID "robot_odom" passed to canTransform argument fixed_frame - frame does not exist
[hdl_localization_node-1]          at line 95 in ./src/buffer_core.cpp
[hdl_localization_node-1] Warning: Invalid frame ID "robot_odom" passed to canTransform argument fixed_frame - frame does not exist
[hdl_localization_node-1]          at line 95 in ./src/buffer_core.cpp
[hdl_localization_node-1] Warning: Invalid frame ID "robot_odom" passed to canTransform argument fixed_frame - frame does not exist
[hdl_localization_node-1]          at line 95 in ./src/buffer_core.cpp
[hdl_localization_node-1] Warning: Invalid frame ID "robot_odom" passed to canTransform argument fixed_frame - frame does not exist
[hdl_localization_node-1]          at line 95 in ./src/buffer_core.cpp
[hdl_localization_node-1] Warning: Invalid frame ID "robot_odom" passed to canTransform argument fixed_frame - frame does not exist
[hdl_localization_node-1]          at line 95 in ./src/buffer_core.cpp
[hdl_localization_node-1] Warning: Invalid frame ID "robot_odom" passed to canTransform argument fixed_frame - frame does not exist
[hdl_localization_node-1]          at line 95 in ./src/buffer_core.cpp
[hdl_localization_node-1] Warning: Invalid frame ID "robot_odom" passed to canTransform argument fixed_frame - frame does not exist
[hdl_localization_node-1]          at line 95 in ./src/buffer_core.cpp
[hdl_localization_node-1] Warning: Invalid frame ID "robot_odom" passed to canTransform argument fixed_frame - frame does not exist
[hdl_localization_node-1]          at line 95 in ./src/buffer_core.cpp
[hdl_localization_node-1] Warning: Invalid frame ID "robot_odom" passed to canTransform argument fixed_frame - frame does not exist
[hdl_localization_node-1]          at line 95 in ./src/buffer_core.cpp
[hdl_localization_node-1] [WARN] [1789838671.721062667] [hdl_localization_node]: failed to look up transform between base_link and robot_odom
[hdl_localization_node-1] Warning: Invalid frame ID "robot_odom" passed to canTransform argument target_frame - frame does not exist
[hdl_localization_node-1]          at line 95 in ./src/buffer_core.cpp
[hdl_localization_node-1] Warning: Invalid frame ID "robot_odom" passed to canTransform argument fixed_frame - frame does not exist
[hdl_localization_node-1]          at line 95 in ./src/buffer_core.cpp
[hdl_localization_node-1] Warning: Invalid frame ID "robot_odom" passed to canTransform argument fixed_frame - frame does not exist
[hdl_localization_node-1]          at line 95 in ./src/buffer_core.cpp
[hdl_localization_node-1] Warning: Invalid frame ID "robot_odom" passed to canTransform argument fixed_frame - frame does not exist
[hdl_localization_node-1]          at line 95 in ./src/buffer_core.cpp
[hdl_localization_node-1] Warning: Invalid frame ID "robot_odom" passed to canTransform argument fixed_frame - frame does not exist
[hdl_localization_node-1]          at line 95 in ./src/buffer_core.cpp
[hdl_localization_node-1] Warning: Invalid frame ID "robot_odom" passed to canTransform argument fixed_frame - frame does not exist
[hdl_localization_node-1]          at line 95 in ./src/buffer_core.cpp
[hdl_localization_node-1] Warning: Invalid frame ID "robot_odom" passed to canTransform argument fixed_frame - frame does not exist
[hdl_localization_node-1]          at line 95 in ./src/buffer_core.cpp
[hdl_localization_node-1] Warning: Invalid frame ID "robot_odom" passed to canTransform argument fixed_frame - frame does not exist
[hdl_localization_node-1]          at line 95 in ./src/buffer_core.cpp
[hdl_localization_node-1] Warning: Invalid frame ID "robot_odom" passed to canTransform argument fixed_frame - frame does not exist
[hdl_localization_node-1]          at line 95 in ./src/buffer_core.cpp
[hdl_localization_node-1] Warning: Invalid frame ID "robot_odom" passed to canTransform argument fixed_frame - frame does not exist
[hdl_localization_node-1]          at line 95 in ./src/buffer_core.cpp
[hdl_localization_node-1] Warning: Invalid frame ID "robot_odom" passed to canTransform argument fixed_frame - frame does not exist
[hdl_localization_node-1]          at line 95 in ./src/buffer_core.cpp
[hdl_localization_node-1] Warning: Invalid frame ID "robot_odom" passed to canTransform argument fixed_frame - frame does not exist
[hdl_localization_node-1]          at line 95 in ./src/buffer_core.cpp
[hdl_localization_node-1] [WARN] [1789838672.251849346] [hdl_localization_node]: failed to look up transform between base_link and robot_odom
[hdl_localization_node-1] Warning: Invalid frame ID "robot_odom" passed to canTransform argument target_frame - frame does not exist
[hdl_localization_node-1]          at line 95 in ./src/buffer_core.cpp
[hdl_localization_node-1] Warning: Invalid frame ID "robot_odom" passed to canTransform argument fixed_frame - frame does not exist
[hdl_localization_node-1]          at line 95 in ./src/buffer_core.cpp
[hdl_localization_node-1] Warning: Invalid frame ID "robot_odom" passed to canTransform argument fixed_frame - frame does not exist
[hdl_localization_node-1]          at line 95 in ./src/buffer_core.cpp
[hdl_localization_node-1] Warning: Invalid frame ID "robot_odom" passed to canTransform argument fixed_frame - frame does not exist
[hdl_localization_node-1]          at line 95 in ./src/buffer_core.cpp
[hdl_localization_node-1] Warning: Invalid frame ID "robot_odom" passed to canTransform argument fixed_frame - frame does not exist
[hdl_localization_node-1]          at line 95 in ./src/buffer_core.cpp
[hdl_localization_node-1] Warning: Invalid frame ID "robot_odom" passed to canTransform argument fixed_frame - frame does not exist
[hdl_localization_node-1]          at line 95 in ./src/buffer_core.cpp
[hdl_localization_node-1] Warning: Invalid frame ID "robot_odom" passed to canTransform argument fixed_frame - frame does not exist
[hdl_localization_node-1]          at line 95 in ./src/buffer_core.cpp
[hdl_localization_node-1] Warning: Invalid frame ID "robot_odom" passed to canTransform argument fixed_frame - frame does not exist
[hdl_localization_node-1]          at line 95 in ./src/buffer_core.cpp
[hdl_localization_node-1] Warning: Invalid frame ID "robot_odom" passed to canTransform argument fixed_frame - frame does not exist
[hdl_localization_node-1]          at line 95 in ./src/buffer_core.cpp
[hdl_localization_node-1] Warning: Invalid frame ID "robot_odom" passed to canTransform argument fixed_frame - frame does not exist
[hdl_localization_node-1]          at line 95 in ./src/buffer_core.cpp
[hdl_localization_node-1] Warning: Invalid frame ID "robot_odom" passed to canTransform argument fixed_frame - frame does not exist
[hdl_localization_node-1]          at line 95 in ./src/buffer_core.cpp
[hdl_localization_node-1] Warning: Invalid frame ID "robot_odom" passed to canTransform argument fixed_frame - frame does not exist
[hdl_localization_node-1]          at line 95 in ./src/buffer_core.cpp
[hdl_localization_node-1] Warning: Invalid frame ID "robot_odom" passed to canTransform argument fixed_frame - frame does not exist
[hdl_localization_node-1]          at line 95 in ./src/buffer_core.cpp
[hdl_localization_node-1] [WARN] [1789838672.761239659] [hdl_localization_node]: failed to look up transform between base_link and robot_odom
[hdl_localization_node-1] Warning: Invalid frame ID "robot_odom" passed to canTransform argument target_frame - frame does not exist
[hdl_localization_node-1]          at line 95 in ./src/buffer_core.cpp
[hdl_localization_node-1] Warning: Invalid frame ID "robot_odom" passed to canTransform argument fixed_frame - frame does not exist
[hdl_localization_node-1]          at line 95 in ./src/buffer_core.cpp
[hdl_localization_node-1] Warning: Invalid frame ID "robot_odom" passed to canTransform argument fixed_frame - frame does not exist
[hdl_localization_node-1]          at line 95 in ./src/buffer_core.cpp
[hdl_localization_node-1] Warning: Invalid frame ID "robot_odom" passed to canTransform argument fixed_frame - frame does not exist
[hdl_localization_node-1]          at line 95 in ./src/buffer_core.cpp
[hdl_localization_node-1] Warning: Invalid frame ID "robot_odom" passed to canTransform argument fixed_frame - frame does not exist
[hdl_localization_node-1]          at line 95 in ./src/buffer_core.cpp
[hdl_localization_node-1] Warning: Invalid frame ID "robot_odom" passed to canTransform argument fixed_frame - frame does not exist
[hdl_localization_node-1]          at line 95 in ./src/buffer_core.cpp
[hdl_localization_node-1] Warning: Invalid frame ID "robot_odom" passed to canTransform argument fixed_frame - frame does not exist
[hdl_localization_node-1]          at line 95 in ./src/buffer_core.cpp
[hdl_localization_node-1] Warning: Invalid frame ID "robot_odom" passed to canTransform argument fixed_frame - frame does not exist
[hdl_localization_node-1]          at line 95 in ./src/buffer_core.cpp
[hdl_localization_node-1] Warning: Invalid frame ID "robot_odom" passed to canTransform argument fixed_frame - frame does not exist
[hdl_localization_node-1]          at line 95 in ./src/buffer_core.cpp
[hdl_localization_node-1] Warning: Invalid frame ID "robot_odom" passed to canTransform argument fixed_frame - frame does not exist
[hdl_localization_node-1]          at line 95 in ./src/buffer_core.cpp
[hdl_localization_node-1] Warning: Invalid frame ID "robot_odom" passed to canTransform argument fixed_frame - frame does not exist
[hdl_localization_node-1]          at line 95 in ./src/buffer_core.cpp
[hdl_localization_node-1] Warning: Invalid frame ID "robot_odom" passed to canTransform argument fixed_frame - frame does not exist
[hdl_localization_node-1]          at line 95 in ./src/buffer_core.cpp
[hdl_localization_node-1] Warning: Invalid frame ID "robot_odom" passed to canTransform argument fixed_frame - frame does not exist
[hdl_localization_node-1]          at line 95 in ./src/buffer_core.cpp
[hdl_localization_node-1] Warning: Invalid frame ID "robot_odom" passed to canTransform argument fixed_frame - frame does not exist
[hdl_localization_node-1]          at line 95 in ./src/buffer_core.cpp
[hdl_localization_node-1] [WARN] [1789838673.271128978] [hdl_localization_node]: failed to look up transform between base_link and robot_odom
[hdl_localization_node-1] Warning: Invalid frame ID "robot_odom" passed to canTransform argument target_frame - frame does not exist
[hdl_localization_node-1]          at line 95 in ./src/buffer_core.cpp
[hdl_localization_node-1] Warning: Invalid frame ID "robot_odom" passed to canTransform argument fixed_frame - frame does not exist
[hdl_localization_node-1]          at line 95 in ./src/buffer_core.cpp
[hdl_localization_node-1] Warning: Invalid frame ID "robot_odom" passed to canTransform argument fixed_frame - frame does not exist
[hdl_localization_node-1]          at line 95 in ./src/buffer_core.cpp
[hdl_localization_node-1] Warning: Invalid frame ID "robot_odom" passed to canTransform argument fixed_frame - frame does not exist
[hdl_localization_node-1]          at line 95 in ./src/buffer_core.cpp
[hdl_localization_node-1] Warning: Invalid frame ID "robot_odom" passed to canTransform argument fixed_frame - frame does not exist
[hdl_localization_node-1]          at line 95 in ./src/buffer_core.cpp
[hdl_localization_node-1] Warning: Invalid frame ID "robot_odom" passed to canTransform argument fixed_frame - frame does not exist
[hdl_localization_node-1]          at line 95 in ./src/buffer_core.cpp
[hdl_localization_node-1] Warning: Invalid frame ID "robot_odom" passed to canTransform argument fixed_frame - frame does not exist
[hdl_localization_node-1]          at line 95 in ./src/buffer_core.cpp
[hdl_localization_node-1] Warning: Invalid frame ID "robot_odom" passed to canTransform argument fixed_frame - frame does not exist
[hdl_localization_node-1]          at line 95 in ./src/buffer_core.cpp
[hdl_localization_node-1] Warning: Invalid frame ID "robot_odom" passed to canTransform argument fixed_frame - frame does not exist
[hdl_localization_node-1]          at line 95 in ./src/buffer_core.cpp
[hdl_localization_node-1] Warning: Invalid frame ID "robot_odom" passed to canTransform argument fixed_frame - frame does not exist
[hdl_localization_node-1]          at line 95 in ./src/buffer_core.cpp
[hdl_localization_node-1] Warning: Invalid frame ID "robot_odom" passed to canTransform argument fixed_frame - frame does not exist
[hdl_localization_node-1]          at line 95 in ./src/buffer_core.cpp
[hdl_localization_node-1] Warning: Invalid frame ID "robot_odom" passed to canTransform argument fixed_frame - frame does not exist
[hdl_localization_node-1]          at line 95 in ./src/buffer_core.cpp
[hdl_localization_node-1] Warning: Invalid frame ID "robot_odom" passed to canTransform argument fixed_frame - frame does not exist
[hdl_localization_node-1]          at line 95 in ./src/buffer_core.cpp
[hdl_localization_node-1] [WARN] [1789838673.760932283] [hdl_localization_node]: failed to look up transform between base_link and robot_odom
[hdl_localization_node-1] Warning: Invalid frame ID "robot_odom" passed to canTransform argument target_frame - frame does not exist
[hdl_localization_node-1]          at line 95 in ./src/buffer_core.cpp
[hdl_localization_node-1] Warning: Invalid frame ID "robot_odom" passed to canTransform argument fixed_frame - frame does not exist
[hdl_localization_node-1]          at line 95 in ./src/buffer_core.cpp
[hdl_localization_node-1] Warning: Invalid frame ID "robot_odom" passed to canTransform argument fixed_frame - frame does not exist
[hdl_localization_node-1]          at line 95 in ./src/buffer_core.cpp
[hdl_localization_node-1] Warning: Invalid frame ID "robot_odom" passed to canTransform argument fixed_frame - frame does not exist
[hdl_localization_node-1]          at line 95 in ./src/buffer_core.cpp
[hdl_localization_node-1] Warning: Invalid frame ID "robot_odom" passed to canTransform argument fixed_frame - frame does not exist
[hdl_localization_node-1]          at line 95 in ./src/buffer_core.cpp
[hdl_localization_node-1] Warning: Invalid frame ID "robot_odom" passed to canTransform argument fixed_frame - frame does not exist
[hdl_localization_node-1]          at line 95 in ./src/buffer_core.cpp
[hdl_localization_node-1] Warning: Invalid frame ID "robot_odom" passed to canTransform argument fixed_frame - frame does not exist
[hdl_localization_node-1]          at line 95 in ./src/buffer_core.cpp
[hdl_localization_node-1] Warning: Invalid frame ID "robot_odom" passed to canTransform argument fixed_frame - frame does not exist
[hdl_localization_node-1]          at line 95 in ./src/buffer_core.cpp
[hdl_localization_node-1] Warning: Invalid frame ID "robot_odom" passed to canTransform argument fixed_frame - frame does not exist
[hdl_localization_node-1]          at line 95 in ./src/buffer_core.cpp
[hdl_localization_node-1] Warning: Invalid frame ID "robot_odom" passed to canTransform argument fixed_frame - frame does not exist
[hdl_localization_node-1]          at line 95 in ./src/buffer_core.cpp
[hdl_localization_node-1] Warning: Invalid frame ID "robot_odom" passed to canTransform argument fixed_frame - frame does not exist
[hdl_localization_node-1]          at line 95 in ./src/buffer_core.cpp
[hdl_localization_node-1] Warning: Invalid frame ID "robot_odom" passed to canTransform argument fixed_frame - frame does not exist
[hdl_localization_node-1]          at line 95 in ./src/buffer_core.cpp
[hdl_localization_node-1] Warning: Invalid frame ID "robot_odom" passed to canTransform argument fixed_frame - frame does not exist
[hdl_localization_node-1]          at line 95 in ./src/buffer_core.cpp
[hdl_localization_node-1] Warning: Invalid frame ID "robot_odom" passed to canTransform argument fixed_frame - frame does not exist
[hdl_localization_node-1]          at line 95 in ./src/buffer_core.cpp
[hdl_localization_node-1] [WARN] [1789838674.270845785] [hdl_localization_node]: failed to look up transform between base_link and robot_odom
[hdl_localization_node-1] Warning: Invalid frame ID "robot_odom" passed to canTransform argument target_frame - frame does not exist
[hdl_localization_node-1]          at line 95 in ./src/buffer_core.cpp
[hdl_localization_node-1] Warning: Invalid frame ID "robot_odom" passed to canTransform argument fixed_frame - frame does not exist
[hdl_localization_node-1]          at line 95 in ./src/buffer_core.cpp
[hdl_localization_node-1] Warning: Invalid frame ID "robot_odom" passed to canTransform argument fixed_frame - frame does not exist
[hdl_localization_node-1]          at line 95 in ./src/buffer_core.cpp
[hdl_localization_node-1] Warning: Invalid frame ID "robot_odom" passed to canTransform argument fixed_frame - frame does not exist
[hdl_localization_node-1]          at line 95 in ./src/buffer_core.cpp
[hdl_localization_node-1] Warning: Invalid frame ID "robot_odom" passed to canTransform argument fixed_frame - frame does not exist
[hdl_localization_node-1]          at line 95 in ./src/buffer_core.cpp
[hdl_localization_node-1] Warning: Invalid frame ID "robot_odom" passed to canTransform argument fixed_frame - frame does not exist
[hdl_localization_node-1]          at line 95 in ./src/buffer_core.cpp
[hdl_localization_node-1] Warning: Invalid frame ID "robot_odom" passed to canTransform argument fixed_frame - frame does not exist
[hdl_localization_node-1]          at line 95 in ./src/buffer_core.cpp
[hdl_localization_node-1] Warning: Invalid frame ID "robot_odom" passed to canTransform argument fixed_frame - frame does not exist
[hdl_localization_node-1]          at line 95 in ./src/buffer_core.cpp
[hdl_localization_node-1] Warning: Invalid frame ID "robot_odom" passed to canTransform argument fixed_frame - frame does not exist
[hdl_localization_node-1]          at line 95 in ./src/buffer_core.cpp
[hdl_localization_node-1] Warning: Invalid frame ID "robot_odom" passed to canTransform argument fixed_frame - frame does not exist
[hdl_localization_node-1]          at line 95 in ./src/buffer_core.cpp
[hdl_localization_node-1] Warning: Invalid frame ID "robot_odom" passed to canTransform argument fixed_frame - frame does not exist
[hdl_localization_node-1]          at line 95 in ./src/buffer_core.cpp
[hdl_localization_node-1] Warning: Invalid frame ID "robot_odom" passed to canTransform argument fixed_frame - frame does not exist
[hdl_localization_node-1]          at line 95 in ./src/buffer_core.cpp
[hdl_localization_node-1] Warning: Invalid frame ID "robot_odom" passed to canTransform argument fixed_frame - frame does not exist
[hdl_localization_node-1]          at line 95 in ./src/buffer_core.cpp
[hdl_localization_node-1] [WARN] [1789838674.760682985] [hdl_localization_node]: failed to look up transform between base_link and robot_odom
[hdl_localization_node-1] Warning: Invalid frame ID "robot_odom" passed to canTransform argument target_frame - frame does not exist
[hdl_localization_node-1]          at line 95 in ./src/buffer_core.cpp
[hdl_localization_node-1] Warning: Invalid frame ID "robot_odom" passed to canTransform argument fixed_frame - frame does not exist
[hdl_localization_node-1]          at line 95 in ./src/buffer_core.cpp
[hdl_localization_node-1] Warning: Invalid frame ID "robot_odom" passed to canTransform argument fixed_frame - frame does not exist
[hdl_localization_node-1]          at line 95 in ./src/buffer_core.cpp
[hdl_localization_node-1] Warning: Invalid frame ID "robot_odom" passed to canTransform argument fixed_frame - frame does not exist
[hdl_localization_node-1]          at line 95 in ./src/buffer_core.cpp
[hdl_localization_node-1] Warning: Invalid frame ID "robot_odom" passed to canTransform argument fixed_frame - frame does not exist
[hdl_localization_node-1]          at line 95 in ./src/buffer_core.cpp
[hdl_localization_node-1] Warning: Invalid frame ID "robot_odom" passed to canTransform argument fixed_frame - frame does not exist
[hdl_localization_node-1]          at line 95 in ./src/buffer_core.cpp
[hdl_localization_node-1] Warning: Invalid frame ID "robot_odom" passed to canTransform argument fixed_frame - frame does not exist
[hdl_localization_node-1]          at line 95 in ./src/buffer_core.cpp
[hdl_localization_node-1] Warning: Invalid frame ID "robot_odom" passed to canTransform argument fixed_frame - frame does not exist
[hdl_localization_node-1]          at line 95 in ./src/buffer_core.cpp
[hdl_localization_node-1] Warning: Invalid frame ID "robot_odom" passed to canTransform argument fixed_frame - frame does not exist
[hdl_localization_node-1]          at line 95 in ./src/buffer_core.cpp
[hdl_localization_node-1] Warning: Invalid frame ID "robot_odom" passed to canTransform argument fixed_frame - frame does not exist
[hdl_localization_node-1]          at line 95 in ./src/buffer_core.cpp
[hdl_localization_node-1] Warning: Invalid frame ID "robot_odom" passed to canTransform argument fixed_frame - frame does not exist
[hdl_localization_node-1]          at line 95 in ./src/buffer_core.cpp
[hdl_localization_node-1] Warning: Invalid frame ID "robot_odom" passed to canTransform argument fixed_frame - frame does not exist
[hdl_localization_node-1]          at line 95 in ./src/buffer_core.cpp
[hdl_localization_node-1] Warning: Invalid frame ID "robot_odom" passed to canTransform argument fixed_frame - frame does not exist
[hdl_localization_node-1]          at line 95 in ./src/buffer_core.cpp
[hdl_localization_node-1] Warning: Invalid frame ID "robot_odom" passed to canTransform argument fixed_frame - frame does not exist
[hdl_localization_node-1]          at line 95 in ./src/buffer_core.cpp
[hdl_localization_node-1] [WARN] [1789838675.270469453] [hdl_localization_node]: failed to look up transform between base_link and robot_odom
[hdl_localization_node-1] Warning: Invalid frame ID "robot_odom" passed to canTransform argument target_frame - frame does not exist
[hdl_localization_node-1]          at line 95 in ./src/buffer_core.cpp
[hdl_localization_node-1] Warning: Invalid frame ID "robot_odom" passed to canTransform argument fixed_frame - frame does not exist
[hdl_localization_node-1]          at line 95 in ./src/buffer_core.cpp
[hdl_localization_node-1] Warning: Invalid frame ID "robot_odom" passed to canTransform argument fixed_frame - frame does not exist
[hdl_localization_node-1]          at line 95 in ./src/buffer_core.cpp
[hdl_localization_node-1] Warning: Invalid frame ID "robot_odom" passed to canTransform argument fixed_frame - frame does not exist
[hdl_localization_node-1]          at line 95 in ./src/buffer_core.cpp
[hdl_localization_node-1] Warning: Invalid frame ID "robot_odom" passed to canTransform argument fixed_frame - frame does not exist
[hdl_localization_node-1]          at line 95 in ./src/buffer_core.cpp
[hdl_localization_node-1] Warning: Invalid frame ID "robot_odom" passed to canTransform argument fixed_frame - frame does not exist
[hdl_localization_node-1]          at line 95 in ./src/buffer_core.cpp
[hdl_localization_node-1] Warning: Invalid frame ID "robot_odom" passed to canTransform argument fixed_frame - frame does not exist
[hdl_localization_node-1]          at line 95 in ./src/buffer_core.cpp
[hdl_localization_node-1] Warning: Invalid frame ID "robot_odom" passed to canTransform argument fixed_frame - frame does not exist
[hdl_localization_node-1]          at line 95 in ./src/buffer_core.cpp
[hdl_localization_node-1] Warning: Invalid frame ID "robot_odom" passed to canTransform argument fixed_frame - frame does not exist
[hdl_localization_node-1]          at line 95 in ./src/buffer_core.cpp
[hdl_localization_node-1] Warning: Invalid frame ID "robot_odom" passed to canTransform argument fixed_frame - frame does not exist
[hdl_localization_node-1]          at line 95 in ./src/buffer_core.cpp
[hdl_localization_node-1] Warning: Invalid frame ID "robot_odom" passed to canTransform argument fixed_frame - frame does not exist
[hdl_localization_node-1]          at line 95 in ./src/buffer_core.cpp
[hdl_localization_node-1] Warning: Invalid frame ID "robot_odom" passed to canTransform argument fixed_frame - frame does not exist
[hdl_localization_node-1]          at line 95 in ./src/buffer_core.cpp
[hdl_localization_node-1] [WARN] [1789838675.749901046] [hdl_localization_node]: failed to look up transform between base_link and robot_odom
[hdl_localization_node-1] Warning: Invalid frame ID "robot_odom" passed to canTransform argument target_frame - frame does not exist
[hdl_localization_node-1]          at line 95 in ./src/buffer_core.cpp
[hdl_localization_node-1] Warning: Invalid frame ID "robot_odom" passed to canTransform argument fixed_frame - frame does not exist
[hdl_localization_node-1]          at line 95 in ./src/buffer_core.cpp
[hdl_localization_node-1] Warning: Invalid frame ID "robot_odom" passed to canTransform argument fixed_frame - frame does not exist
[hdl_localization_node-1]          at line 95 in ./src/buffer_core.cpp
[hdl_localization_node-1] Warning: Invalid frame ID "robot_odom" passed to canTransform argument fixed_frame - frame does not exist
[hdl_localization_node-1]          at line 95 in ./src/buffer_core.cpp
[hdl_localization_node-1] Warning: Invalid frame ID "robot_odom" passed to canTransform argument fixed_frame - frame does not exist
[hdl_localization_node-1]          at line 95 in ./src/buffer_core.cpp
[hdl_localization_node-1] Warning: Invalid frame ID "robot_odom" passed to canTransform argument fixed_frame - frame does not exist
[hdl_localization_node-1]          at line 95 in ./src/buffer_core.cpp
[hdl_localization_node-1] Warning: Invalid frame ID "robot_odom" passed to canTransform argument fixed_frame - frame does not exist
[hdl_localization_node-1]          at line 95 in ./src/buffer_core.cpp
[hdl_localization_node-1] Warning: Invalid frame ID "robot_odom" passed to canTransform argument fixed_frame - frame does not exist
[hdl_localization_node-1]          at line 95 in ./src/buffer_core.cpp
[hdl_localization_node-1] Warning: Invalid frame ID "robot_odom" passed to canTransform argument fixed_frame - frame does not exist
[hdl_localization_node-1]          at line 95 in ./src/buffer_core.cpp
[hdl_localization_node-1] Warning: Invalid frame ID "robot_odom" passed to canTransform argument fixed_frame - frame does not exist
[hdl_localization_node-1]          at line 95 in ./src/buffer_core.cpp
[hdl_localization_node-1] Warning: Invalid frame ID "robot_odom" passed to canTransform argument fixed_frame - frame does not exist
[hdl_localization_node-1]          at line 95 in ./src/buffer_core.cpp
[hdl_localization_node-1] Warning: Invalid frame ID "robot_odom" passed to canTransform argument fixed_frame - frame does not exist
[hdl_localization_node-1]          at line 95 in ./src/buffer_core.cpp
[hdl_localization_node-1] Warning: Invalid frame ID "robot_odom" passed to canTransform argument fixed_frame - frame does not exist
[hdl_localization_node-1]          at line 95 in ./src/buffer_core.cpp
[hdl_localization_node-1] [WARN] [1789838676.260351722] [hdl_localization_node]: failed to look up transform between base_link and robot_odom
[hdl_localization_node-1] Warning: Invalid frame ID "robot_odom" passed to canTransform argument target_frame - frame does not exist
[hdl_localization_node-1]          at line 95 in ./src/buffer_core.cpp
[hdl_localization_node-1] Warning: Invalid frame ID "robot_odom" passed to canTransform argument fixed_frame - frame does not exist
[hdl_localization_node-1]          at line 95 in ./src/buffer_core.cpp
[hdl_localization_node-1] Warning: Invalid frame ID "robot_odom" passed to canTransform argument fixed_frame - frame does not exist
[hdl_localization_node-1]          at line 95 in ./src/buffer_core.cpp
[hdl_localization_node-1] Warning: Invalid frame ID "robot_odom" passed to canTransform argument fixed_frame - frame does not exist
[hdl_localization_node-1]          at line 95 in ./src/buffer_core.cpp
[hdl_localization_node-1] Warning: Invalid frame ID "robot_odom" passed to canTransform argument fixed_frame - frame does not exist
[hdl_localization_node-1]          at line 95 in ./src/buffer_core.cpp
[hdl_localization_node-1] Warning: Invalid frame ID "robot_odom" passed to canTransform argument fixed_frame - frame does not exist
[hdl_localization_node-1]          at line 95 in ./src/buffer_core.cpp
[hdl_localization_node-1] Warning: Invalid frame ID "robot_odom" passed to canTransform argument fixed_frame - frame does not exist
[hdl_localization_node-1]          at line 95 in ./src/buffer_core.cpp
[hdl_localization_node-1] Warning: Invalid frame ID "robot_odom" passed to canTransform argument fixed_frame - frame does not exist
[hdl_localization_node-1]          at line 95 in ./src/buffer_core.cpp
[hdl_localization_node-1] Warning: Invalid frame ID "robot_odom" passed to canTransform argument fixed_frame - frame does not exist
[hdl_localization_node-1]          at line 95 in ./src/buffer_core.cpp
[hdl_localization_node-1] Warning: Invalid frame ID "robot_odom" passed to canTransform argument fixed_frame - frame does not exist
[hdl_localization_node-1]          at line 95 in ./src/buffer_core.cpp
[hdl_localization_node-1] Warning: Invalid frame ID "robot_odom" passed to canTransform argument fixed_frame - frame does not exist
[hdl_localization_node-1]          at line 95 in ./src/buffer_core.cpp
[hdl_localization_node-1] Warning: Invalid frame ID "robot_odom" passed to canTransform argument fixed_frame - frame does not exist
[hdl_localization_node-1]          at line 95 in ./src/buffer_core.cpp
[hdl_localization_node-1] Warning: Invalid frame ID "robot_odom" passed to canTransform argument fixed_frame - frame does not exist
[hdl_localization_node-1]          at line 95 in ./src/buffer_core.cpp
[hdl_localization_node-1] Warning: Invalid frame ID "robot_odom" passed to canTransform argument fixed_frame - frame does not exist
[hdl_localization_node-1]          at line 95 in ./src/buffer_core.cpp
[hdl_localization_node-1] [WARN] [1789838676.771581404] [hdl_localization_node]: failed to look up transform between base_link and robot_odom
[hdl_localization_node-1] Warning: Invalid frame ID "robot_odom" passed to canTransform argument target_frame - frame does not exist
[hdl_localization_node-1]          at line 95 in ./src/buffer_core.cpp
[hdl_localization_node-1] Warning: Invalid frame ID "robot_odom" passed to canTransform argument fixed_frame - frame does not exist
[hdl_localization_node-1]          at line 95 in ./src/buffer_core.cpp
[hdl_localization_node-1] Warning: Invalid frame ID "robot_odom" passed to canTransform argument fixed_frame - frame does not exist
[hdl_localization_node-1]          at line 95 in ./src/buffer_core.cpp
[hdl_localization_node-1] Warning: Invalid frame ID "robot_odom" passed to canTransform argument fixed_frame - frame does not exist
[hdl_localization_node-1]          at line 95 in ./src/buffer_core.cpp
[hdl_localization_node-1] Warning: Invalid frame ID "robot_odom" passed to canTransform argument fixed_frame - frame does not exist
[hdl_localization_node-1]          at line 95 in ./src/buffer_core.cpp
[hdl_localization_node-1] Warning: Invalid frame ID "robot_odom" passed to canTransform argument fixed_frame - frame does not exist
[hdl_localization_node-1]          at line 95 in ./src/buffer_core.cpp
[hdl_localization_node-1] Warning: Invalid frame ID "robot_odom" passed to canTransform argument fixed_frame - frame does not exist
[hdl_localization_node-1]          at line 95 in ./src/buffer_core.cpp
[hdl_localization_node-1] Warning: Invalid frame ID "robot_odom" passed to canTransform argument fixed_frame - frame does not exist
[hdl_localization_node-1]          at line 95 in ./src/buffer_core.cpp
[hdl_localization_node-1] Warning: Invalid frame ID "robot_odom" passed to canTransform argument fixed_frame - frame does not exist
[hdl_localization_node-1]          at line 95 in ./src/buffer_core.cpp
[hdl_localization_node-1] Warning: Invalid frame ID "robot_odom" passed to canTransform argument fixed_frame - frame does not exist
[hdl_localization_node-1]          at line 95 in ./src/buffer_core.cpp
[hdl_localization_node-1] Warning: Invalid frame ID "robot_odom" passed to canTransform argument fixed_frame - frame does not exist
[hdl_localization_node-1]          at line 95 in ./src/buffer_core.cpp
[hdl_localization_node-1] Warning: Invalid frame ID "robot_odom" passed to canTransform argument fixed_frame - frame does not exist
[hdl_localization_node-1]          at line 95 in ./src/buffer_core.cpp
[hdl_localization_node-1] Warning: Invalid frame ID "robot_odom" passed to canTransform argument fixed_frame - frame does not exist
[hdl_localization_node-1]          at line 95 in ./src/buffer_core.cpp
[hdl_localization_node-1] [WARN] [1789838677.211007531] [hdl_localization_node]: failed to look up transform between base_link and robot_odom
[hdl_localization_node-1] Warning: Invalid frame ID "robot_odom" passed to canTransform argument target_frame - frame does not exist
[hdl_localization_node-1]          at line 95 in ./src/buffer_core.cpp
[hdl_localization_node-1] Warning: Invalid frame ID "robot_odom" passed to canTransform argument fixed_frame - frame does not exist
[hdl_localization_node-1]          at line 95 in ./src/buffer_core.cpp
[hdl_localization_node-1] Warning: Invalid frame ID "robot_odom" passed to canTransform argument fixed_frame - frame does not exist
[hdl_localization_node-1]          at line 95 in ./src/buffer_core.cpp
[hdl_localization_node-1] Warning: Invalid frame ID "robot_odom" passed to canTransform argument fixed_frame - frame does not exist
[hdl_localization_node-1]          at line 95 in ./src/buffer_core.cpp
[hdl_localization_node-1] Warning: Invalid frame ID "robot_odom" passed to canTransform argument fixed_frame - frame does not exist
[hdl_localization_node-1]          at line 95 in ./src/buffer_core.cpp
[hdl_localization_node-1] Warning: Invalid frame ID "robot_odom" passed to canTransform argument fixed_frame - frame does not exist
[hdl_localization_node-1]          at line 95 in ./src/buffer_core.cpp
[hdl_localization_node-1] Warning: Invalid frame ID "robot_odom" passed to canTransform argument fixed_frame - frame does not exist
[hdl_localization_node-1]          at line 95 in ./src/buffer_core.cpp
[hdl_localization_node-1] Warning: Invalid frame ID "robot_odom" passed to canTransform argument fixed_frame - frame does not exist
[hdl_localization_node-1]          at line 95 in ./src/buffer_core.cpp
[hdl_localization_node-1] Warning: Invalid frame ID "robot_odom" passed to canTransform argument fixed_frame - frame does not exist
[hdl_localization_node-1]          at line 95 in ./src/buffer_core.cpp
[hdl_localization_node-1] Warning: Invalid frame ID "robot_odom" passed to canTransform argument fixed_frame - frame does not exist
[hdl_localization_node-1]          at line 95 in ./src/buffer_core.cpp
[hdl_localization_node-1] Warning: Invalid frame ID "robot_odom" passed to canTransform argument fixed_frame - frame does not exist
[hdl_localization_node-1]          at line 95 in ./src/buffer_core.cpp
[hdl_localization_node-1] Warning: Invalid frame ID "robot_odom" passed to canTransform argument fixed_frame - frame does not exist
[hdl_localization_node-1]          at line 95 in ./src/buffer_core.cpp
[hdl_localization_node-1] Warning: Invalid frame ID "robot_odom" passed to canTransform argument fixed_frame - frame does not exist
[hdl_localization_node-1]          at line 95 in ./src/buffer_core.cpp
[hdl_localization_node-1] Warning: Invalid frame ID "robot_odom" passed to canTransform argument fixed_frame - frame does not exist
[hdl_localization_node-1]          at line 95 in ./src/buffer_core.cpp
[hdl_localization_node-1] [WARN] [1789838677.721283390] [hdl_localization_node]: failed to look up transform between base_link and robot_odom
[hdl_localization_node-1] Warning: Invalid frame ID "robot_odom" passed to canTransform argument target_frame - frame does not exist
[hdl_localization_node-1]          at line 95 in ./src/buffer_core.cpp
[hdl_localization_node-1] Warning: Invalid frame ID "robot_odom" passed to canTransform argument fixed_frame - frame does not exist
[hdl_localization_node-1]          at line 95 in ./src/buffer_core.cpp
[hdl_localization_node-1] Warning: Invalid frame ID "robot_odom" passed to canTransform argument fixed_frame - frame does not exist
[hdl_localization_node-1]          at line 95 in ./src/buffer_core.cpp
[hdl_localization_node-1] Warning: Invalid frame ID "robot_odom" passed to canTransform argument fixed_frame - frame does not exist
[hdl_localization_node-1]          at line 95 in ./src/buffer_core.cpp
[hdl_localization_node-1] Warning: Invalid frame ID "robot_odom" passed to canTransform argument fixed_frame - frame does not exist
[hdl_localization_node-1]          at line 95 in ./src/buffer_core.cpp
[hdl_localization_node-1] Warning: Invalid frame ID "robot_odom" passed to canTransform argument fixed_frame - frame does not exist
[hdl_localization_node-1]          at line 95 in ./src/buffer_core.cpp
[hdl_localization_node-1] Warning: Invalid frame ID "robot_odom" passed to canTransform argument fixed_frame - frame does not exist
[hdl_localization_node-1]          at line 95 in ./src/buffer_core.cpp
[hdl_localization_node-1] Warning: Invalid frame ID "robot_odom" passed to canTransform argument fixed_frame - frame does not exist
[hdl_localization_node-1]          at line 95 in ./src/buffer_core.cpp
[hdl_localization_node-1] Warning: Invalid frame ID "robot_odom" passed to canTransform argument fixed_frame - frame does not exist
[hdl_localization_node-1]          at line 95 in ./src/buffer_core.cpp
[hdl_localization_node-1] Warning: Invalid frame ID "robot_odom" passed to canTransform argument fixed_frame - frame does not exist
[hdl_localization_node-1]          at line 95 in ./src/buffer_core.cpp
[hdl_localization_node-1] Warning: Invalid frame ID "robot_odom" passed to canTransform argument fixed_frame - frame does not exist
[hdl_localization_node-1]          at line 95 in ./src/buffer_core.cpp
[hdl_localization_node-1] Warning: Invalid frame ID "robot_odom" passed to canTransform argument fixed_frame - frame does not exist
[hdl_localization_node-1]          at line 95 in ./src/buffer_core.cpp
[hdl_localization_node-1] [WARN] [1789838678.200568462] [hdl_localization_node]: failed to look up transform between base_link and robot_odom
[hdl_localization_node-1] Warning: Invalid frame ID "robot_odom" passed to canTransform argument target_frame - frame does not exist
[hdl_localization_node-1]          at line 95 in ./src/buffer_core.cpp
[hdl_localization_node-1] Warning: Invalid frame ID "robot_odom" passed to canTransform argument fixed_frame - frame does not exist
[hdl_localization_node-1]          at line 95 in ./src/buffer_core.cpp
[hdl_localization_node-1] Warning: Invalid frame ID "robot_odom" passed to canTransform argument fixed_frame - frame does not exist
[hdl_localization_node-1]          at line 95 in ./src/buffer_core.cpp
[hdl_localization_node-1] Warning: Invalid frame ID "robot_odom" passed to canTransform argument fixed_frame - frame does not exist
[hdl_localization_node-1]          at line 95 in ./src/buffer_core.cpp
[hdl_localization_node-1] Warning: Invalid frame ID "robot_odom" passed to canTransform argument fixed_frame - frame does not exist
[hdl_localization_node-1]          at line 95 in ./src/buffer_core.cpp
[hdl_localization_node-1] Warning: Invalid frame ID "robot_odom" passed to canTransform argument fixed_frame - frame does not exist
[hdl_localization_node-1]          at line 95 in ./src/buffer_core.cpp
[hdl_localization_node-1] Warning: Invalid frame ID "robot_odom" passed to canTransform argument fixed_frame - frame does not exist
[hdl_localization_node-1]          at line 95 in ./src/buffer_core.cpp
[hdl_localization_node-1] Warning: Invalid frame ID "robot_odom" passed to canTransform argument fixed_frame - frame does not exist
[hdl_localization_node-1]          at line 95 in ./src/buffer_core.cpp
[hdl_localization_node-1] Warning: Invalid frame ID "robot_odom" passed to canTransform argument fixed_frame - frame does not exist
[hdl_localization_node-1]          at line 95 in ./src/buffer_core.cpp
[hdl_localization_node-1] Warning: Invalid frame ID "robot_odom" passed to canTransform argument fixed_frame - frame does not exist
[hdl_localization_node-1]          at line 95 in ./src/buffer_core.cpp
[hdl_localization_node-1] Warning: Invalid frame ID "robot_odom" passed to canTransform argument fixed_frame - frame does not exist
[hdl_localization_node-1]          at line 95 in ./src/buffer_core.cpp
[hdl_localization_node-1] Warning: Invalid frame ID "robot_odom" passed to canTransform argument fixed_frame - frame does not exist
[hdl_localization_node-1]          at line 95 in ./src/buffer_core.cpp
[hdl_localization_node-1] Warning: Invalid frame ID "robot_odom" passed to canTransform argument fixed_frame - frame does not exist
[hdl_localization_node-1]          at line 95 in ./src/buffer_core.cpp
[hdl_localization_node-1] [WARN] [1789838678.710709522] [hdl_localization_node]: failed to look up transform between base_link and robot_odom
[hdl_localization_node-1] Warning: Invalid frame ID "robot_odom" passed to canTransform argument target_frame - frame does not exist
[hdl_localization_node-1]          at line 95 in ./src/buffer_core.cpp
[hdl_localization_node-1] Warning: Invalid frame ID "robot_odom" passed to canTransform argument fixed_frame - frame does not exist
[hdl_localization_node-1]          at line 95 in ./src/buffer_core.cpp
[hdl_localization_node-1] Warning: Invalid frame ID "robot_odom" passed to canTransform argument fixed_frame - frame does not exist
[hdl_localization_node-1]          at line 95 in ./src/buffer_core.cpp
[hdl_localization_node-1] Warning: Invalid frame ID "robot_odom" passed to canTransform argument fixed_frame - frame does not exist
[hdl_localization_node-1]          at line 95 in ./src/buffer_core.cpp
[hdl_localization_node-1] Warning: Invalid frame ID "robot_odom" passed to canTransform argument fixed_frame - frame does not exist
[hdl_localization_node-1]          at line 95 in ./src/buffer_core.cpp
[hdl_localization_node-1] Warning: Invalid frame ID "robot_odom" passed to canTransform argument fixed_frame - frame does not exist
[hdl_localization_node-1]          at line 95 in ./src/buffer_core.cpp
[hdl_localization_node-1] Warning: Invalid frame ID "robot_odom" passed to canTransform argument fixed_frame - frame does not exist
[hdl_localization_node-1]          at line 95 in ./src/buffer_core.cpp
[hdl_localization_node-1] Warning: Invalid frame ID "robot_odom" passed to canTransform argument fixed_frame - frame does not exist
[hdl_localization_node-1]          at line 95 in ./src/buffer_core.cpp
[hdl_localization_node-1] Warning: Invalid frame ID "robot_odom" passed to canTransform argument fixed_frame - frame does not exist
[hdl_localization_node-1]          at line 95 in ./src/buffer_core.cpp
[hdl_localization_node-1] Warning: Invalid frame ID "robot_odom" passed to canTransform argument fixed_frame - frame does not exist
[hdl_localization_node-1]          at line 95 in ./src/buffer_core.cpp
[hdl_localization_node-1] Warning: Invalid frame ID "robot_odom" passed to canTransform argument fixed_frame - frame does not exist
[hdl_localization_node-1]          at line 95 in ./src/buffer_core.cpp
[hdl_localization_node-1] Warning: Invalid frame ID "robot_odom" passed to canTransform argument fixed_frame - frame does not exist
[hdl_localization_node-1]          at line 95 in ./src/buffer_core.cpp
[hdl_localization_node-1] Warning: Invalid frame ID "robot_odom" passed to canTransform argument fixed_frame - frame does not exist
[hdl_localization_node-1]          at line 95 in ./src/buffer_core.cpp
[hdl_localization_node-1] Warning: Invalid frame ID "robot_odom" passed to canTransform argument fixed_frame - frame does not exist
[hdl_localization_node-1]          at line 95 in ./src/buffer_core.cpp
[hdl_localization_node-1] [WARN] [1789838679.220616273] [hdl_localization_node]: failed to look up transform between base_link and robot_odom
[hdl_localization_node-1] Warning: Invalid frame ID "robot_odom" passed to canTransform argument target_frame - frame does not exist
[hdl_localization_node-1]          at line 95 in ./src/buffer_core.cpp
[hdl_localization_node-1] Warning: Invalid frame ID "robot_odom" passed to canTransform argument fixed_frame - frame does not exist
[hdl_localization_node-1]          at line 95 in ./src/buffer_core.cpp
[hdl_localization_node-1] Warning: Invalid frame ID "robot_odom" passed to canTransform argument fixed_frame - frame does not exist
[hdl_localization_node-1]          at line 95 in ./src/buffer_core.cpp
[hdl_localization_node-1] Warning: Invalid frame ID "robot_odom" passed to canTransform argument fixed_frame - frame does not exist
[hdl_localization_node-1]          at line 95 in ./src/buffer_core.cpp
[hdl_localization_node-1] Warning: Invalid frame ID "robot_odom" passed to canTransform argument fixed_frame - frame does not exist
[hdl_localization_node-1]          at line 95 in ./src/buffer_core.cpp
[hdl_localization_node-1] Warning: Invalid frame ID "robot_odom" passed to canTransform argument fixed_frame - frame does not exist
[hdl_localization_node-1]          at line 95 in ./src/buffer_core.cpp
[hdl_localization_node-1] Warning: Invalid frame ID "robot_odom" passed to canTransform argument fixed_frame - frame does not exist
[hdl_localization_node-1]          at line 95 in ./src/buffer_core.cpp
[hdl_localization_node-1] Warning: Invalid frame ID "robot_odom" passed to canTransform argument fixed_frame - frame does not exist
[hdl_localization_node-1]          at line 95 in ./src/buffer_core.cpp
[hdl_localization_node-1] Warning: Invalid frame ID "robot_odom" passed to canTransform argument fixed_frame - frame does not exist
[hdl_localization_node-1]          at line 95 in ./src/buffer_core.cpp
[hdl_localization_node-1] Warning: Invalid frame ID "robot_odom" passed to canTransform argument fixed_frame - frame does not exist
[hdl_localization_node-1]          at line 95 in ./src/buffer_core.cpp
[hdl_localization_node-1] Warning: Invalid frame ID "robot_odom" passed to canTransform argument fixed_frame - frame does not exist
[hdl_localization_node-1]          at line 95 in ./src/buffer_core.cpp
[hdl_localization_node-1] Warning: Invalid frame ID "robot_odom" passed to canTransform argument fixed_frame - frame does not exist
[hdl_localization_node-1]          at line 95 in ./src/buffer_core.cpp
[hdl_localization_node-1] Warning: Invalid frame ID "robot_odom" passed to canTransform argument fixed_frame - frame does not exist
[hdl_localization_node-1]          at line 95 in ./src/buffer_core.cpp
[hdl_localization_node-1] [WARN] [1789838679.711285832] [hdl_localization_node]: failed to look up transform between base_link and robot_odom
[hdl_localization_node-1] Warning: Invalid frame ID "robot_odom" passed to canTransform argument target_frame - frame does not exist
[hdl_localization_node-1]          at line 95 in ./src/buffer_core.cpp
[hdl_localization_node-1] Warning: Invalid frame ID "robot_odom" passed to canTransform argument fixed_frame - frame does not exist
[hdl_localization_node-1]          at line 95 in ./src/buffer_core.cpp
[hdl_localization_node-1] Warning: Invalid frame ID "robot_odom" passed to canTransform argument fixed_frame - frame does not exist
[hdl_localization_node-1]          at line 95 in ./src/buffer_core.cpp
[hdl_localization_node-1] Warning: Invalid frame ID "robot_odom" passed to canTransform argument fixed_frame - frame does not exist
[hdl_localization_node-1]          at line 95 in ./src/buffer_core.cpp
[hdl_localization_node-1] Warning: Invalid frame ID "robot_odom" passed to canTransform argument fixed_frame - frame does not exist
[hdl_localization_node-1]          at line 95 in ./src/buffer_core.cpp
[hdl_localization_node-1] Warning: Invalid frame ID "robot_odom" passed to canTransform argument fixed_frame - frame does not exist
[hdl_localization_node-1]          at line 95 in ./src/buffer_core.cpp
[hdl_localization_node-1] Warning: Invalid frame ID "robot_odom" passed to canTransform argument fixed_frame - frame does not exist
[hdl_localization_node-1]          at line 95 in ./src/buffer_core.cpp
[hdl_localization_node-1] Warning: Invalid frame ID "robot_odom" passed to canTransform argument fixed_frame - frame does not exist
[hdl_localization_node-1]          at line 95 in ./src/buffer_core.cpp
[hdl_localization_node-1] Warning: Invalid frame ID "robot_odom" passed to canTransform argument fixed_frame - frame does not exist
[hdl_localization_node-1]          at line 95 in ./src/buffer_core.cpp
[hdl_localization_node-1] Warning: Invalid frame ID "robot_odom" passed to canTransform argument fixed_frame - frame does not exist
[hdl_localization_node-1]          at line 95 in ./src/buffer_core.cpp
[hdl_localization_node-1] Warning: Invalid frame ID "robot_odom" passed to canTransform argument fixed_frame - frame does not exist
[hdl_localization_node-1]          at line 95 in ./src/buffer_core.cpp
[hdl_localization_node-1] Warning: Invalid frame ID "robot_odom" passed to canTransform argument fixed_frame - frame does not exist
[hdl_localization_node-1]          at line 95 in ./src/buffer_core.cpp
[hdl_localization_node-1] Warning: Invalid frame ID "robot_odom" passed to canTransform argument fixed_frame - frame does not exist
[hdl_localization_node-1]          at line 95 in ./src/buffer_core.cpp
[hdl_localization_node-1] Warning: Invalid frame ID "robot_odom" passed to canTransform argument fixed_frame - frame does not exist
[hdl_localization_node-1]          at line 95 in ./src/buffer_core.cpp
[hdl_localization_node-1] [WARN] [1789838680.271261116] [hdl_localization_node]: failed to look up transform between base_link and robot_odom
[hdl_localization_node-1] Warning: Invalid frame ID "robot_odom" passed to canTransform argument target_frame - frame does not exist
[hdl_localization_node-1]          at line 95 in ./src/buffer_core.cpp
[hdl_localization_node-1] Warning: Invalid frame ID "robot_odom" passed to canTransform argument fixed_frame - frame does not exist
[hdl_localization_node-1]          at line 95 in ./src/buffer_core.cpp
[hdl_localization_node-1] Warning: Invalid frame ID "robot_odom" passed to canTransform argument fixed_frame - frame does not exist
[hdl_localization_node-1]          at line 95 in ./src/buffer_core.cpp
[hdl_localization_node-1] Warning: Invalid frame ID "robot_odom" passed to canTransform argument fixed_frame - frame does not exist
[hdl_localization_node-1]          at line 95 in ./src/buffer_core.cpp
[hdl_localization_node-1] Warning: Invalid frame ID "robot_odom" passed to canTransform argument fixed_frame - frame does not exist
[hdl_localization_node-1]          at line 95 in ./src/buffer_core.cpp
[hdl_localization_node-1] Warning: Invalid frame ID "robot_odom" passed to canTransform argument fixed_frame - frame does not exist
[hdl_localization_node-1]          at line 95 in ./src/buffer_core.cpp
[hdl_localization_node-1] Warning: Invalid frame ID "robot_odom" passed to canTransform argument fixed_frame - frame does not exist
[hdl_localization_node-1]          at line 95 in ./src/buffer_core.cpp
[hdl_localization_node-1] Warning: Invalid frame ID "robot_odom" passed to canTransform argument fixed_frame - frame does not exist
[hdl_localization_node-1]          at line 95 in ./src/buffer_core.cpp
[hdl_localization_node-1] Warning: Invalid frame ID "robot_odom" passed to canTransform argument fixed_frame - frame does not exist
[hdl_localization_node-1]          at line 95 in ./src/buffer_core.cpp
[hdl_localization_node-1] Warning: Invalid frame ID "robot_odom" passed to canTransform argument fixed_frame - frame does not exist
[hdl_localization_node-1]          at line 95 in ./src/buffer_core.cpp
[hdl_localization_node-1] Warning: Invalid frame ID "robot_odom" passed to canTransform argument fixed_frame - frame does not exist
[hdl_localization_node-1]          at line 95 in ./src/buffer_core.cpp
[hdl_localization_node-1] Warning: Invalid frame ID "robot_odom" passed to canTransform argument fixed_frame - frame does not exist
[hdl_localization_node-1]          at line 95 in ./src/buffer_core.cpp
[hdl_localization_node-1] [WARN] [1789838680.751088220] [hdl_localization_node]: failed to look up transform between base_link and robot_odom
[hdl_localization_node-1] Warning: Invalid frame ID "robot_odom" passed to canTransform argument target_frame - frame does not exist
[hdl_localization_node-1]          at line 95 in ./src/buffer_core.cpp
[hdl_localization_node-1] Warning: Invalid frame ID "robot_odom" passed to canTransform argument fixed_frame - frame does not exist
[hdl_localization_node-1]          at line 95 in ./src/buffer_core.cpp
[hdl_localization_node-1] Warning: Invalid frame ID "robot_odom" passed to canTransform argument fixed_frame - frame does not exist
[hdl_localization_node-1]          at line 95 in ./src/buffer_core.cpp
[hdl_localization_node-1] Warning: Invalid frame ID "robot_odom" passed to canTransform argument fixed_frame - frame does not exist
[hdl_localization_node-1]          at line 95 in ./src/buffer_core.cpp
[hdl_localization_node-1] Warning: Invalid frame ID "robot_odom" passed to canTransform argument fixed_frame - frame does not exist
[hdl_localization_node-1]          at line 95 in ./src/buffer_core.cpp
[hdl_localization_node-1] Warning: Invalid frame ID "robot_odom" passed to canTransform argument fixed_frame - frame does not exist
[hdl_localization_node-1]          at line 95 in ./src/buffer_core.cpp
[hdl_localization_node-1] Warning: Invalid frame ID "robot_odom" passed to canTransform argument fixed_frame - frame does not exist
[hdl_localization_node-1]          at line 95 in ./src/buffer_core.cpp
[hdl_localization_node-1] Warning: Invalid frame ID "robot_odom" passed to canTransform argument fixed_frame - frame does not exist
[hdl_localization_node-1]          at line 95 in ./src/buffer_core.cpp
[hdl_localization_node-1] Warning: Invalid frame ID "robot_odom" passed to canTransform argument fixed_frame - frame does not exist
[hdl_localization_node-1]          at line 95 in ./src/buffer_core.cpp
[hdl_localization_node-1] Warning: Invalid frame ID "robot_odom" passed to canTransform argument fixed_frame - frame does not exist
[hdl_localization_node-1]          at line 95 in ./src/buffer_core.cpp
[hdl_localization_node-1] Warning: Invalid frame ID "robot_odom" passed to canTransform argument fixed_frame - frame does not exist
[hdl_localization_node-1]          at line 95 in ./src/buffer_core.cpp
[hdl_localization_node-1] Warning: Invalid frame ID "robot_odom" passed to canTransform argument fixed_frame - frame does not exist
[hdl_localization_node-1]          at line 95 in ./src/buffer_core.cpp
[hdl_localization_node-1] Warning: Invalid frame ID "robot_odom" passed to canTransform argument fixed_frame - frame does not exist
[hdl_localization_node-1]          at line 95 in ./src/buffer_core.cpp
[hdl_localization_node-1] [WARN] [1789838681.210905843] [hdl_localization_node]: failed to look up transform between base_link and robot_odom
[hdl_localization_node-1] Warning: Invalid frame ID "robot_odom" passed to canTransform argument target_frame - frame does not exist
[hdl_localization_node-1]          at line 95 in ./src/buffer_core.cpp
[hdl_localization_node-1] Warning: Invalid frame ID "robot_odom" passed to canTransform argument fixed_frame - frame does not exist
[hdl_localization_node-1]          at line 95 in ./src/buffer_core.cpp
[hdl_localization_node-1] Warning: Invalid frame ID "robot_odom" passed to canTransform argument fixed_frame - frame does not exist
[hdl_localization_node-1]          at line 95 in ./src/buffer_core.cpp
[hdl_localization_node-1] Warning: Invalid frame ID "robot_odom" passed to canTransform argument fixed_frame - frame does not exist
[hdl_localization_node-1]          at line 95 in ./src/buffer_core.cpp
[hdl_localization_node-1] Warning: Invalid frame ID "robot_odom" passed to canTransform argument fixed_frame - frame does not exist
[hdl_localization_node-1]          at line 95 in ./src/buffer_core.cpp
[hdl_localization_node-1] Warning: Invalid frame ID "robot_odom" passed to canTransform argument fixed_frame - frame does not exist
[hdl_localization_node-1]          at line 95 in ./src/buffer_core.cpp
[hdl_localization_node-1] Warning: Invalid frame ID "robot_odom" passed to canTransform argument fixed_frame - frame does not exist
[hdl_localization_node-1]          at line 95 in ./src/buffer_core.cpp
[hdl_localization_node-1] Warning: Invalid frame ID "robot_odom" passed to canTransform argument fixed_frame - frame does not exist
[hdl_localization_node-1]          at line 95 in ./src/buffer_core.cpp
[hdl_localization_node-1] Warning: Invalid frame ID "robot_odom" passed to canTransform argument fixed_frame - frame does not exist
[hdl_localization_node-1]          at line 95 in ./src/buffer_core.cpp
[hdl_localization_node-1] Warning: Invalid frame ID "robot_odom" passed to canTransform argument fixed_frame - frame does not exist
[hdl_localization_node-1]          at line 95 in ./src/buffer_core.cpp
[hdl_localization_node-1] Warning: Invalid frame ID "robot_odom" passed to canTransform argument fixed_frame - frame does not exist
[hdl_localization_node-1]          at line 95 in ./src/buffer_core.cpp
[hdl_localization_node-1] Warning: Invalid frame ID "robot_odom" passed to canTransform argument fixed_frame - frame does not exist
[hdl_localization_node-1]          at line 95 in ./src/buffer_core.cpp
[hdl_localization_node-1] [WARN] [1789838681.700409975] [hdl_localization_node]: failed to look up transform between base_link and robot_odom
[hdl_localization_node-1] Warning: Invalid frame ID "robot_odom" passed to canTransform argument target_frame - frame does not exist
[hdl_localization_node-1]          at line 95 in ./src/buffer_core.cpp
[hdl_localization_node-1] Warning: Invalid frame ID "robot_odom" passed to canTransform argument fixed_frame - frame does not exist
[hdl_localization_node-1]          at line 95 in ./src/buffer_core.cpp
[hdl_localization_node-1] Warning: Invalid frame ID "robot_odom" passed to canTransform argument fixed_frame - frame does not exist
[hdl_localization_node-1]          at line 95 in ./src/buffer_core.cpp
[hdl_localization_node-1] Warning: Invalid frame ID "robot_odom" passed to canTransform argument fixed_frame - frame does not exist
[hdl_localization_node-1]          at line 95 in ./src/buffer_core.cpp
[hdl_localization_node-1] Warning: Invalid frame ID "robot_odom" passed to canTransform argument fixed_frame - frame does not exist
[hdl_localization_node-1]          at line 95 in ./src/buffer_core.cpp
[hdl_localization_node-1] Warning: Invalid frame ID "robot_odom" passed to canTransform argument fixed_frame - frame does not exist
[hdl_localization_node-1]          at line 95 in ./src/buffer_core.cpp
[hdl_localization_node-1] Warning: Invalid frame ID "robot_odom" passed to canTransform argument fixed_frame - frame does not exist
[hdl_localization_node-1]          at line 95 in ./src/buffer_core.cpp
[hdl_localization_node-1] Warning: Invalid frame ID "robot_odom" passed to canTransform argument fixed_frame - frame does not exist
[hdl_localization_node-1]          at line 95 in ./src/buffer_core.cpp
[hdl_localization_node-1] Warning: Invalid frame ID "robot_odom" passed to canTransform argument fixed_frame - frame does not exist
[hdl_localization_node-1]          at line 95 in ./src/buffer_core.cpp
[hdl_localization_node-1] Warning: Invalid frame ID "robot_odom" passed to canTransform argument fixed_frame - frame does not exist
[hdl_localization_node-1]          at line 95 in ./src/buffer_core.cpp
[hdl_localization_node-1] Warning: Invalid frame ID "robot_odom" passed to canTransform argument fixed_frame - frame does not exist
[hdl_localization_node-1]          at line 95 in ./src/buffer_core.cpp
[hdl_localization_node-1] Warning: Invalid frame ID "robot_odom" passed to canTransform argument fixed_frame - frame does not exist
[hdl_localization_node-1]          at line 95 in ./src/buffer_core.cpp
[hdl_localization_node-1] Warning: Invalid frame ID "robot_odom" passed to canTransform argument fixed_frame - frame does not exist
[hdl_localization_node-1]          at line 95 in ./src/buffer_core.cpp
[hdl_localization_node-1] [WARN] [1789838682.211270867] [hdl_localization_node]: failed to look up transform between base_link and robot_odom
[hdl_localization_node-1] Warning: Invalid frame ID "robot_odom" passed to canTransform argument target_frame - frame does not exist
[hdl_localization_node-1]          at line 95 in ./src/buffer_core.cpp
[hdl_localization_node-1] Warning: Invalid frame ID "robot_odom" passed to canTransform argument fixed_frame - frame does not exist
[hdl_localization_node-1]          at line 95 in ./src/buffer_core.cpp
[hdl_localization_node-1] Warning: Invalid frame ID "robot_odom" passed to canTransform argument fixed_frame - frame does not exist
[hdl_localization_node-1]          at line 95 in ./src/buffer_core.cpp
[hdl_localization_node-1] Warning: Invalid frame ID "robot_odom" passed to canTransform argument fixed_frame - frame does not exist
[hdl_localization_node-1]          at line 95 in ./src/buffer_core.cpp
[hdl_localization_node-1] Warning: Invalid frame ID "robot_odom" passed to canTransform argument fixed_frame - frame does not exist
[hdl_localization_node-1]          at line 95 in ./src/buffer_core.cpp
[hdl_localization_node-1] Warning: Invalid frame ID "robot_odom" passed to canTransform argument fixed_frame - frame does not exist
[hdl_localization_node-1]          at line 95 in ./src/buffer_core.cpp
[hdl_localization_node-1] Warning: Invalid frame ID "robot_odom" passed to canTransform argument fixed_frame - frame does not exist
[hdl_localization_node-1]          at line 95 in ./src/buffer_core.cpp
[hdl_localization_node-1] Warning: Invalid frame ID "robot_odom" passed to canTransform argument fixed_frame - frame does not exist
[hdl_localization_node-1]          at line 95 in ./src/buffer_core.cpp
[hdl_localization_node-1] Warning: Invalid frame ID "robot_odom" passed to canTransform argument fixed_frame - frame does not exist
[hdl_localization_node-1]          at line 95 in ./src/buffer_core.cpp
[hdl_localization_node-1] Warning: Invalid frame ID "robot_odom" passed to canTransform argument fixed_frame - frame does not exist
[hdl_localization_node-1]          at line 95 in ./src/buffer_core.cpp
[hdl_localization_node-1] Warning: Invalid frame ID "robot_odom" passed to canTransform argument fixed_frame - frame does not exist
[hdl_localization_node-1]          at line 95 in ./src/buffer_core.cpp
[hdl_localization_node-1] Warning: Invalid frame ID "robot_odom" passed to canTransform argument fixed_frame - frame does not exist
[hdl_localization_node-1]          at line 95 in ./src/buffer_core.cpp
[hdl_localization_node-1] Warning: Invalid frame ID "robot_odom" passed to canTransform argument fixed_frame - frame does not exist
[hdl_localization_node-1]          at line 95 in ./src/buffer_core.cpp
[hdl_localization_node-1] Warning: Invalid frame ID "robot_odom" passed to canTransform argument fixed_frame - frame does not exist
[hdl_localization_node-1]          at line 95 in ./src/buffer_core.cpp
[hdl_localization_node-1] [WARN] [1789838682.721011988] [hdl_localization_node]: failed to look up transform between base_link and robot_odom
[hdl_localization_node-1] Warning: Invalid frame ID "robot_odom" passed to canTransform argument target_frame - frame does not exist
[hdl_localization_node-1]          at line 95 in ./src/buffer_core.cpp
[hdl_localization_node-1] Warning: Invalid frame ID "robot_odom" passed to canTransform argument fixed_frame - frame does not exist
[hdl_localization_node-1]          at line 95 in ./src/buffer_core.cpp
[hdl_localization_node-1] Warning: Invalid frame ID "robot_odom" passed to canTransform argument fixed_frame - frame does not exist
[hdl_localization_node-1]          at line 95 in ./src/buffer_core.cpp
[hdl_localization_node-1] Warning: Invalid frame ID "robot_odom" passed to canTransform argument fixed_frame - frame does not exist
[hdl_localization_node-1]          at line 95 in ./src/buffer_core.cpp
[hdl_localization_node-1] Warning: Invalid frame ID "robot_odom" passed to canTransform argument fixed_frame - frame does not exist
[hdl_localization_node-1]          at line 95 in ./src/buffer_core.cpp
[hdl_localization_node-1] Warning: Invalid frame ID "robot_odom" passed to canTransform argument fixed_frame - frame does not exist
[hdl_localization_node-1]          at line 95 in ./src/buffer_core.cpp
[hdl_localization_node-1] Warning: Invalid frame ID "robot_odom" passed to canTransform argument fixed_frame - frame does not exist
[hdl_localization_node-1]          at line 95 in ./src/buffer_core.cpp
[hdl_localization_node-1] Warning: Invalid frame ID "robot_odom" passed to canTransform argument fixed_frame - frame does not exist
[hdl_localization_node-1]          at line 95 in ./src/buffer_core.cpp
[hdl_localization_node-1] Warning: Invalid frame ID "robot_odom" passed to canTransform argument fixed_frame - frame does not exist
[hdl_localization_node-1]          at line 95 in ./src/buffer_core.cpp
[hdl_localization_node-1] Warning: Invalid frame ID "robot_odom" passed to canTransform argument fixed_frame - frame does not exist
[hdl_localization_node-1]          at line 95 in ./src/buffer_core.cpp
[hdl_localization_node-1] Warning: Invalid frame ID "robot_odom" passed to canTransform argument fixed_frame - frame does not exist
[hdl_localization_node-1]          at line 95 in ./src/buffer_core.cpp
[hdl_localization_node-1] Warning: Invalid frame ID "robot_odom" passed to canTransform argument fixed_frame - frame does not exist
[hdl_localization_node-1]          at line 95 in ./src/buffer_core.cpp
[hdl_localization_node-1] Warning: Invalid frame ID "robot_odom" passed to canTransform argument fixed_frame - frame does not exist
[hdl_localization_node-1]          at line 95 in ./src/buffer_core.cpp
[hdl_localization_node-1] [WARN] [1789838683.210426456] [hdl_localization_node]: failed to look up transform between base_link and robot_odom
[hdl_localization_node-1] Warning: Invalid frame ID "robot_odom" passed to canTransform argument target_frame - frame does not exist
[hdl_localization_node-1]          at line 95 in ./src/buffer_core.cpp
[hdl_localization_node-1] Warning: Invalid frame ID "robot_odom" passed to canTransform argument fixed_frame - frame does not exist
[hdl_localization_node-1]          at line 95 in ./src/buffer_core.cpp
[hdl_localization_node-1] Warning: Invalid frame ID "robot_odom" passed to canTransform argument fixed_frame - frame does not exist
[hdl_localization_node-1]          at line 95 in ./src/buffer_core.cpp
[hdl_localization_node-1] Warning: Invalid frame ID "robot_odom" passed to canTransform argument fixed_frame - frame does not exist
[hdl_localization_node-1]          at line 95 in ./src/buffer_core.cpp
[hdl_localization_node-1] Warning: Invalid frame ID "robot_odom" passed to canTransform argument fixed_frame - frame does not exist
[hdl_localization_node-1]          at line 95 in ./src/buffer_core.cpp
[hdl_localization_node-1] Warning: Invalid frame ID "robot_odom" passed to canTransform argument fixed_frame - frame does not exist
[hdl_localization_node-1]          at line 95 in ./src/buffer_core.cpp
[hdl_localization_node-1] Warning: Invalid frame ID "robot_odom" passed to canTransform argument fixed_frame - frame does not exist
[hdl_localization_node-1]          at line 95 in ./src/buffer_core.cpp
[hdl_localization_node-1] Warning: Invalid frame ID "robot_odom" passed to canTransform argument fixed_frame - frame does not exist
[hdl_localization_node-1]          at line 95 in ./src/buffer_core.cpp
[hdl_localization_node-1] Warning: Invalid frame ID "robot_odom" passed to canTransform argument fixed_frame - frame does not exist
[hdl_localization_node-1]          at line 95 in ./src/buffer_core.cpp
[hdl_localization_node-1] Warning: Invalid frame ID "robot_odom" passed to canTransform argument fixed_frame - frame does not exist
[hdl_localization_node-1]          at line 95 in ./src/buffer_core.cpp
[hdl_localization_node-1] Warning: Invalid frame ID "robot_odom" passed to canTransform argument fixed_frame - frame does not exist
[hdl_localization_node-1]          at line 95 in ./src/buffer_core.cpp
[hdl_localization_node-1] Warning: Invalid frame ID "robot_odom" passed to canTransform argument fixed_frame - frame does not exist
[hdl_localization_node-1]          at line 95 in ./src/buffer_core.cpp
[hdl_localization_node-1] Warning: Invalid frame ID "robot_odom" passed to canTransform argument fixed_frame - frame does not exist
[hdl_localization_node-1]          at line 95 in ./src/buffer_core.cpp
[hdl_localization_node-1] Warning: Invalid frame ID "robot_odom" passed to canTransform argument fixed_frame - frame does not exist
[hdl_localization_node-1]          at line 95 in ./src/buffer_core.cpp
[hdl_localization_node-1] [WARN] [1789838683.720552556] [hdl_localization_node]: failed to look up transform between base_link and robot_odom
[hdl_localization_node-1] Warning: Invalid frame ID "robot_odom" passed to canTransform argument target_frame - frame does not exist
[hdl_localization_node-1]          at line 95 in ./src/buffer_core.cpp
[hdl_localization_node-1] Warning: Invalid frame ID "robot_odom" passed to canTransform argument fixed_frame - frame does not exist
[hdl_localization_node-1]          at line 95 in ./src/buffer_core.cpp
[hdl_localization_node-1] Warning: Invalid frame ID "robot_odom" passed to canTransform argument fixed_frame - frame does not exist
[hdl_localization_node-1]          at line 95 in ./src/buffer_core.cpp
[hdl_localization_node-1] Warning: Invalid frame ID "robot_odom" passed to canTransform argument fixed_frame - frame does not exist
[hdl_localization_node-1]          at line 95 in ./src/buffer_core.cpp
[hdl_localization_node-1] Warning: Invalid frame ID "robot_odom" passed to canTransform argument fixed_frame - frame does not exist
[hdl_localization_node-1]          at line 95 in ./src/buffer_core.cpp
[hdl_localization_node-1] Warning: Invalid frame ID "robot_odom" passed to canTransform argument fixed_frame - frame does not exist
[hdl_localization_node-1]          at line 95 in ./src/buffer_core.cpp
[hdl_localization_node-1] Warning: Invalid frame ID "robot_odom" passed to canTransform argument fixed_frame - frame does not exist
[hdl_localization_node-1]          at line 95 in ./src/buffer_core.cpp
[hdl_localization_node-1] Warning: Invalid frame ID "robot_odom" passed to canTransform argument fixed_frame - frame does not exist
[hdl_localization_node-1]          at line 95 in ./src/buffer_core.cpp
[hdl_localization_node-1] Warning: Invalid frame ID "robot_odom" passed to canTransform argument fixed_frame - frame does not exist
[hdl_localization_node-1]          at line 95 in ./src/buffer_core.cpp
[hdl_localization_node-1] Warning: Invalid frame ID "robot_odom" passed to canTransform argument fixed_frame - frame does not exist
[hdl_localization_node-1]          at line 95 in ./src/buffer_core.cpp
[hdl_localization_node-1] Warning: Invalid frame ID "robot_odom" passed to canTransform argument fixed_frame - frame does not exist
[hdl_localization_node-1]          at line 95 in ./src/buffer_core.cpp
[hdl_localization_node-1] Warning: Invalid frame ID "robot_odom" passed to canTransform argument fixed_frame - frame does not exist
[hdl_localization_node-1]          at line 95 in ./src/buffer_core.cpp
[hdl_localization_node-1] Warning: Invalid frame ID "robot_odom" passed to canTransform argument fixed_frame - frame does not exist
[hdl_localization_node-1]          at line 95 in ./src/buffer_core.cpp
[hdl_localization_node-1] Warning: Invalid frame ID "robot_odom" passed to canTransform argument fixed_frame - frame does not exist
[hdl_localization_node-1]          at line 95 in ./src/buffer_core.cpp
[hdl_localization_node-1] [WARN] [1789838684.270946304] [hdl_localization_node]: failed to look up transform between base_link and robot_odom
[hdl_localization_node-1] Warning: Invalid frame ID "robot_odom" passed to canTransform argument target_frame - frame does not exist
[hdl_localization_node-1]          at line 95 in ./src/buffer_core.cpp
[hdl_localization_node-1] Warning: Invalid frame ID "robot_odom" passed to canTransform argument fixed_frame - frame does not exist
[hdl_localization_node-1]          at line 95 in ./src/buffer_core.cpp
[hdl_localization_node-1] Warning: Invalid frame ID "robot_odom" passed to canTransform argument fixed_frame - frame does not exist
[hdl_localization_node-1]          at line 95 in ./src/buffer_core.cpp
[hdl_localization_node-1] Warning: Invalid frame ID "robot_odom" passed to canTransform argument fixed_frame - frame does not exist
[hdl_localization_node-1]          at line 95 in ./src/buffer_core.cpp
[hdl_localization_node-1] Warning: Invalid frame ID "robot_odom" passed to canTransform argument fixed_frame - frame does not exist
[hdl_localization_node-1]          at line 95 in ./src/buffer_core.cpp
[hdl_localization_node-1] Warning: Invalid frame ID "robot_odom" passed to canTransform argument fixed_frame - frame does not exist
[hdl_localization_node-1]          at line 95 in ./src/buffer_core.cpp
[hdl_localization_node-1] Warning: Invalid frame ID "robot_odom" passed to canTransform argument fixed_frame - frame does not exist
[hdl_localization_node-1]          at line 95 in ./src/buffer_core.cpp
[hdl_localization_node-1] Warning: Invalid frame ID "robot_odom" passed to canTransform argument fixed_frame - frame does not exist
[hdl_localization_node-1]          at line 95 in ./src/buffer_core.cpp
[hdl_localization_node-1] Warning: Invalid frame ID "robot_odom" passed to canTransform argument fixed_frame - frame does not exist
[hdl_localization_node-1]          at line 95 in ./src/buffer_core.cpp
[hdl_localization_node-1] Warning: Invalid frame ID "robot_odom" passed to canTransform argument fixed_frame - frame does not exist
[hdl_localization_node-1]          at line 95 in ./src/buffer_core.cpp
[hdl_localization_node-1] Warning: Invalid frame ID "robot_odom" passed to canTransform argument fixed_frame - frame does not exist
[hdl_localization_node-1]          at line 95 in ./src/buffer_core.cpp
[hdl_localization_node-1] Warning: Invalid frame ID "robot_odom" passed to canTransform argument fixed_frame - frame does not exist
[hdl_localization_node-1]          at line 95 in ./src/buffer_core.cpp
[hdl_localization_node-1] Warning: Invalid frame ID "robot_odom" passed to canTransform argument fixed_frame - frame does not exist
[hdl_localization_node-1]          at line 95 in ./src/buffer_core.cpp
[hdl_localization_node-1] [WARN] [1789838684.761170850] [hdl_localization_node]: failed to look up transform between base_link and robot_odom
[hdl_localization_node-1] Warning: Invalid frame ID "robot_odom" passed to canTransform argument target_frame - frame does not exist
[hdl_localization_node-1]          at line 95 in ./src/buffer_core.cpp
[hdl_localization_node-1] Warning: Invalid frame ID "robot_odom" passed to canTransform argument fixed_frame - frame does not exist
[hdl_localization_node-1]          at line 95 in ./src/buffer_core.cpp
[hdl_localization_node-1] Warning: Invalid frame ID "robot_odom" passed to canTransform argument fixed_frame - frame does not exist
[hdl_localization_node-1]          at line 95 in ./src/buffer_core.cpp
[hdl_localization_node-1] Warning: Invalid frame ID "robot_odom" passed to canTransform argument fixed_frame - frame does not exist
[hdl_localization_node-1]          at line 95 in ./src/buffer_core.cpp
[hdl_localization_node-1] Warning: Invalid frame ID "robot_odom" passed to canTransform argument fixed_frame - frame does not exist
[hdl_localization_node-1]          at line 95 in ./src/buffer_core.cpp
[hdl_localization_node-1] Warning: Invalid frame ID "robot_odom" passed to canTransform argument fixed_frame - frame does not exist
[hdl_localization_node-1]          at line 95 in ./src/buffer_core.cpp
[hdl_localization_node-1] Warning: Invalid frame ID "robot_odom" passed to canTransform argument fixed_frame - frame does not exist
[hdl_localization_node-1]          at line 95 in ./src/buffer_core.cpp
[hdl_localization_node-1] Warning: Invalid frame ID "robot_odom" passed to canTransform argument fixed_frame - frame does not exist
[hdl_localization_node-1]          at line 95 in ./src/buffer_core.cpp
[hdl_localization_node-1] Warning: Invalid frame ID "robot_odom" passed to canTransform argument fixed_frame - frame does not exist
[hdl_localization_node-1]          at line 95 in ./src/buffer_core.cpp
[hdl_localization_node-1] Warning: Invalid frame ID "robot_odom" passed to canTransform argument fixed_frame - frame does not exist
[hdl_localization_node-1]          at line 95 in ./src/buffer_core.cpp
[hdl_localization_node-1] Warning: Invalid frame ID "robot_odom" passed to canTransform argument fixed_frame - frame does not exist
[hdl_localization_node-1]          at line 95 in ./src/buffer_core.cpp
[hdl_localization_node-1] Warning: Invalid frame ID "robot_odom" passed to canTransform argument fixed_frame - frame does not exist
[hdl_localization_node-1]          at line 95 in ./src/buffer_core.cpp
[hdl_localization_node-1] Warning: Invalid frame ID "robot_odom" passed to canTransform argument fixed_frame - frame does not exist
[hdl_localization_node-1]          at line 95 in ./src/buffer_core.cpp
[hdl_localization_node-1] Warning: Invalid frame ID "robot_odom" passed to canTransform argument fixed_frame - frame does not exist
[hdl_localization_node-1]          at line 95 in ./src/buffer_core.cpp
[hdl_localization_node-1] [WARN] [1789838685.271786358] [hdl_localization_node]: failed to look up transform between base_link and robot_odom
[hdl_localization_node-1] Warning: Invalid frame ID "robot_odom" passed to canTransform argument target_frame - frame does not exist
[hdl_localization_node-1]          at line 95 in ./src/buffer_core.cpp
[hdl_localization_node-1] Warning: Invalid frame ID "robot_odom" passed to canTransform argument fixed_frame - frame does not exist
[hdl_localization_node-1]          at line 95 in ./src/buffer_core.cpp
[hdl_localization_node-1] Warning: Invalid frame ID "robot_odom" passed to canTransform argument fixed_frame - frame does not exist
[hdl_localization_node-1]          at line 95 in ./src/buffer_core.cpp
[hdl_localization_node-1] Warning: Invalid frame ID "robot_odom" passed to canTransform argument fixed_frame - frame does not exist
[hdl_localization_node-1]          at line 95 in ./src/buffer_core.cpp
[hdl_localization_node-1] Warning: Invalid frame ID "robot_odom" passed to canTransform argument fixed_frame - frame does not exist
[hdl_localization_node-1]          at line 95 in ./src/buffer_core.cpp
[hdl_localization_node-1] Warning: Invalid frame ID "robot_odom" passed to canTransform argument fixed_frame - frame does not exist
[hdl_localization_node-1]          at line 95 in ./src/buffer_core.cpp
[hdl_localization_node-1] Warning: Invalid frame ID "robot_odom" passed to canTransform argument fixed_frame - frame does not exist
[hdl_localization_node-1]          at line 95 in ./src/buffer_core.cpp
[hdl_localization_node-1] Warning: Invalid frame ID "robot_odom" passed to canTransform argument fixed_frame - frame does not exist
[hdl_localization_node-1]          at line 95 in ./src/buffer_core.cpp
[hdl_localization_node-1] Warning: Invalid frame ID "robot_odom" passed to canTransform argument fixed_frame - frame does not exist
[hdl_localization_node-1]          at line 95 in ./src/buffer_core.cpp
[hdl_localization_node-1] Warning: Invalid frame ID "robot_odom" passed to canTransform argument fixed_frame - frame does not exist
[hdl_localization_node-1]          at line 95 in ./src/buffer_core.cpp
[hdl_localization_node-1] Warning: Invalid frame ID "robot_odom" passed to canTransform argument fixed_frame - frame does not exist
[hdl_localization_node-1]          at line 95 in ./src/buffer_core.cpp
[hdl_localization_node-1] Warning: Invalid frame ID "robot_odom" passed to canTransform argument fixed_frame - frame does not exist
[hdl_localization_node-1]          at line 95 in ./src/buffer_core.cpp
[hdl_localization_node-1] Warning: Invalid frame ID "robot_odom" passed to canTransform argument fixed_frame - frame does not exist
[hdl_localization_node-1]          at line 95 in ./src/buffer_core.cpp
[hdl_localization_node-1] [WARN] [1789838685.711186694] [hdl_localization_node]: failed to look up transform between base_link and robot_odom
[hdl_localization_node-1] Warning: Invalid frame ID "robot_odom" passed to canTransform argument target_frame - frame does not exist
[hdl_localization_node-1]          at line 95 in ./src/buffer_core.cpp
[hdl_localization_node-1] Warning: Invalid frame ID "robot_odom" passed to canTransform argument fixed_frame - frame does not exist
[hdl_localization_node-1]          at line 95 in ./src/buffer_core.cpp
[hdl_localization_node-1] Warning: Invalid frame ID "robot_odom" passed to canTransform argument fixed_frame - frame does not exist
[hdl_localization_node-1]          at line 95 in ./src/buffer_core.cpp
[hdl_localization_node-1] Warning: Invalid frame ID "robot_odom" passed to canTransform argument fixed_frame - frame does not exist
[hdl_localization_node-1]          at line 95 in ./src/buffer_core.cpp
[hdl_localization_node-1] Warning: Invalid frame ID "robot_odom" passed to canTransform argument fixed_frame - frame does not exist
[hdl_localization_node-1]          at line 95 in ./src/buffer_core.cpp
[hdl_localization_node-1] Warning: Invalid frame ID "robot_odom" passed to canTransform argument fixed_frame - frame does not exist
[hdl_localization_node-1]          at line 95 in ./src/buffer_core.cpp
[hdl_localization_node-1] Warning: Invalid frame ID "robot_odom" passed to canTransform argument fixed_frame - frame does not exist
[hdl_localization_node-1]          at line 95 in ./src/buffer_core.cpp
[hdl_localization_node-1] Warning: Invalid frame ID "robot_odom" passed to canTransform argument fixed_frame - frame does not exist
[hdl_localization_node-1]          at line 95 in ./src/buffer_core.cpp
[hdl_localization_node-1] Warning: Invalid frame ID "robot_odom" passed to canTransform argument fixed_frame - frame does not exist
[hdl_localization_node-1]          at line 95 in ./src/buffer_core.cpp
[hdl_localization_node-1] Warning: Invalid frame ID "robot_odom" passed to canTransform argument fixed_frame - frame does not exist
[hdl_localization_node-1]          at line 95 in ./src/buffer_core.cpp
[hdl_localization_node-1] Warning: Invalid frame ID "robot_odom" passed to canTransform argument fixed_frame - frame does not exist
[hdl_localization_node-1]          at line 95 in ./src/buffer_core.cpp
[hdl_localization_node-1] Warning: Invalid frame ID "robot_odom" passed to canTransform argument fixed_frame - frame does not exist
[hdl_localization_node-1]          at line 95 in ./src/buffer_core.cpp
[hdl_localization_node-1] Warning: Invalid frame ID "robot_odom" passed to canTransform argument fixed_frame - frame does not exist
[hdl_localization_node-1]          at line 95 in ./src/buffer_core.cpp
[hdl_localization_node-1] Warning: Invalid frame ID "robot_odom" passed to canTransform argument fixed_frame - frame does not exist
[hdl_localization_node-1]          at line 95 in ./src/buffer_core.cpp
[hdl_localization_node-1] [WARN] [1789838686.221464978] [hdl_localization_node]: failed to look up transform between base_link and robot_odom
[hdl_localization_node-1] Warning: Invalid frame ID "robot_odom" passed to canTransform argument target_frame - frame does not exist
[hdl_localization_node-1]          at line 95 in ./src/buffer_core.cpp
[hdl_localization_node-1] Warning: Invalid frame ID "robot_odom" passed to canTransform argument fixed_frame - frame does not exist
[hdl_localization_node-1]          at line 95 in ./src/buffer_core.cpp
[hdl_localization_node-1] Warning: Invalid frame ID "robot_odom" passed to canTransform argument fixed_frame - frame does not exist
[hdl_localization_node-1]          at line 95 in ./src/buffer_core.cpp
[hdl_localization_node-1] Warning: Invalid frame ID "robot_odom" passed to canTransform argument fixed_frame - frame does not exist
[hdl_localization_node-1]          at line 95 in ./src/buffer_core.cpp
[hdl_localization_node-1] Warning: Invalid frame ID "robot_odom" passed to canTransform argument fixed_frame - frame does not exist
[hdl_localization_node-1]          at line 95 in ./src/buffer_core.cpp
[hdl_localization_node-1] Warning: Invalid frame ID "robot_odom" passed to canTransform argument fixed_frame - frame does not exist
[hdl_localization_node-1]          at line 95 in ./src/buffer_core.cpp
[hdl_localization_node-1] Warning: Invalid frame ID "robot_odom" passed to canTransform argument fixed_frame - frame does not exist
[hdl_localization_node-1]          at line 95 in ./src/buffer_core.cpp
[hdl_localization_node-1] Warning: Invalid frame ID "robot_odom" passed to canTransform argument fixed_frame - frame does not exist
[hdl_localization_node-1]          at line 95 in ./src/buffer_core.cpp
[hdl_localization_node-1] Warning: Invalid frame ID "robot_odom" passed to canTransform argument fixed_frame - frame does not exist
[hdl_localization_node-1]          at line 95 in ./src/buffer_core.cpp
[hdl_localization_node-1] Warning: Invalid frame ID "robot_odom" passed to canTransform argument fixed_frame - frame does not exist
[hdl_localization_node-1]          at line 95 in ./src/buffer_core.cpp
[hdl_localization_node-1] Warning: Invalid frame ID "robot_odom" passed to canTransform argument fixed_frame - frame does not exist
[hdl_localization_node-1]          at line 95 in ./src/buffer_core.cpp
[hdl_localization_node-1] Warning: Invalid frame ID "robot_odom" passed to canTransform argument fixed_frame - frame does not exist
[hdl_localization_node-1]          at line 95 in ./src/buffer_core.cpp
[hdl_localization_node-1] [WARN] [1789838686.700814464] [hdl_localization_node]: failed to look up transform between base_link and robot_odom
[hdl_localization_node-1] Warning: Invalid frame ID "robot_odom" passed to canTransform argument target_frame - frame does not exist
[hdl_localization_node-1]          at line 95 in ./src/buffer_core.cpp
[hdl_localization_node-1] Warning: Invalid frame ID "robot_odom" passed to canTransform argument fixed_frame - frame does not exist
[hdl_localization_node-1]          at line 95 in ./src/buffer_core.cpp
[hdl_localization_node-1] Warning: Invalid frame ID "robot_odom" passed to canTransform argument fixed_frame - frame does not exist
[hdl_localization_node-1]          at line 95 in ./src/buffer_core.cpp
[hdl_localization_node-1] Warning: Invalid frame ID "robot_odom" passed to canTransform argument fixed_frame - frame does not exist
[hdl_localization_node-1]          at line 95 in ./src/buffer_core.cpp
[hdl_localization_node-1] Warning: Invalid frame ID "robot_odom" passed to canTransform argument fixed_frame - frame does not exist
[hdl_localization_node-1]          at line 95 in ./src/buffer_core.cpp
[hdl_localization_node-1] Warning: Invalid frame ID "robot_odom" passed to canTransform argument fixed_frame - frame does not exist
[hdl_localization_node-1]          at line 95 in ./src/buffer_core.cpp
[hdl_localization_node-1] Warning: Invalid frame ID "robot_odom" passed to canTransform argument fixed_frame - frame does not exist
[hdl_localization_node-1]          at line 95 in ./src/buffer_core.cpp
[hdl_localization_node-1] Warning: Invalid frame ID "robot_odom" passed to canTransform argument fixed_frame - frame does not exist
[hdl_localization_node-1]          at line 95 in ./src/buffer_core.cpp
[hdl_localization_node-1] Warning: Invalid frame ID "robot_odom" passed to canTransform argument fixed_frame - frame does not exist
[hdl_localization_node-1]          at line 95 in ./src/buffer_core.cpp
[hdl_localization_node-1] Warning: Invalid frame ID "robot_odom" passed to canTransform argument fixed_frame - frame does not exist
[hdl_localization_node-1]          at line 95 in ./src/buffer_core.cpp
[hdl_localization_node-1] Warning: Invalid frame ID "robot_odom" passed to canTransform argument fixed_frame - frame does not exist
[hdl_localization_node-1]          at line 95 in ./src/buffer_core.cpp
[hdl_localization_node-1] Warning: Invalid frame ID "robot_odom" passed to canTransform argument fixed_frame - frame does not exist
[hdl_localization_node-1]          at line 95 in ./src/buffer_core.cpp
[hdl_localization_node-1] Warning: Invalid frame ID "robot_odom" passed to canTransform argument fixed_frame - frame does not exist
[hdl_localization_node-1]          at line 95 in ./src/buffer_core.cpp
[hdl_localization_node-1] Warning: Invalid frame ID "robot_odom" passed to canTransform argument fixed_frame - frame does not exist
[hdl_localization_node-1]          at line 95 in ./src/buffer_core.cpp
[hdl_localization_node-1] Warning: Invalid frame ID "robot_odom" passed to canTransform argument fixed_frame - frame does not exist
[hdl_localization_node-1]          at line 95 in ./src/buffer_core.cpp
[hdl_localization_node-1] Warning: Invalid frame ID "robot_odom" passed to canTransform argument fixed_frame - frame does not exist
[hdl_localization_node-1]          at line 95 in ./src/buffer_core.cpp
[hdl_localization_node-1] Warning: Invalid frame ID "robot_odom" passed to canTransform argument fixed_frame - frame does not exist
[hdl_localization_node-1]          at line 95 in ./src/buffer_core.cpp
[hdl_localization_node-1] Warning: Invalid frame ID "robot_odom" passed to canTransform argument fixed_frame - frame does not exist
[hdl_localization_node-1]          at line 95 in ./src/buffer_core.cpp
[hdl_localization_node-1] Warning: Invalid frame ID "robot_odom" passed to canTransform argument fixed_frame - frame does not exist
[hdl_localization_node-1]          at line 95 in ./src/buffer_core.cpp
[hdl_localization_node-1] Warning: Invalid frame ID "robot_odom" passed to canTransform argument fixed_frame - frame does not exist
[hdl_localization_node-1]          at line 95 in ./src/buffer_core.cpp
>>> bag done
[hdl_localization_node-1] Warning: Invalid frame ID "robot_odom" passed to canTransform argument fixed_frame - frame does not exist
[hdl_localization_node-1]          at line 95 in ./src/buffer_core.cpp
[hdl_localization_node-1] Warning: Invalid frame ID "robot_odom" passed to canTransform argument fixed_frame - frame does not exist
[hdl_localization_node-1]          at line 95 in ./src/buffer_core.cpp
[hdl_localization_node-1] Warning: Invalid frame ID "robot_odom" passed to canTransform argument fixed_frame - frame does not exist
[hdl_localization_node-1]          at line 95 in ./src/buffer_core.cpp
[hdl_localization_node-1] Warning: Invalid frame ID "robot_odom" passed to canTransform argument fixed_frame - frame does not exist
[hdl_localization_node-1]          at line 95 in ./src/buffer_core.cpp
[hdl_localization_node-1] Warning: Invalid frame ID "robot_odom" passed to canTransform argument fixed_frame - frame does not exist
[hdl_localization_node-1]          at line 95 in ./src/buffer_core.cpp
[hdl_localization_node-1] Warning: Invalid frame ID "robot_odom" passed to canTransform argument fixed_frame - frame does not exist
[hdl_localization_node-1]          at line 95 in ./src/buffer_core.cpp
[hdl_localization_node-1] Warning: Invalid frame ID "robot_odom" passed to canTransform argument fixed_frame - frame does not exist
[hdl_localization_node-1]          at line 95 in ./src/buffer_core.cpp
[hdl_localization_node-1] Warning: Invalid frame ID "robot_odom" passed to canTransform argument fixed_frame - frame does not exist
[hdl_localization_node-1]          at line 95 in ./src/buffer_core.cpp
[hdl_localization_node-1] Warning: Invalid frame ID "robot_odom" passed to canTransform argument fixed_frame - frame does not exist
[hdl_localization_node-1]          at line 95 in ./src/buffer_core.cpp
[hdl_localization_node-1] Warning: Invalid frame ID "robot_odom" passed to canTransform argument fixed_frame - frame does not exist
[hdl_localization_node-1]          at line 95 in ./src/buffer_core.cpp
[hdl_localization_node-1] Warning: Invalid frame ID "robot_odom" passed to canTransform argument fixed_frame - frame does not exist
[hdl_localization_node-1]          at line 95 in ./src/buffer_core.cpp
[hdl_localization_node-1] Warning: Invalid frame ID "robot_odom" passed to canTransform argument fixed_frame - frame does not exist
[hdl_localization_node-1]          at line 95 in ./src/buffer_core.cpp
[hdl_localization_node-1] Warning: Invalid frame ID "robot_odom" passed to canTransform argument fixed_frame - frame does not exist
[hdl_localization_node-1]          at line 95 in ./src/buffer_core.cpp
[hdl_localization_node-1] Warning: Invalid frame ID "robot_odom" passed to canTransform argument fixed_frame - frame does not exist
[hdl_localization_node-1]          at line 95 in ./src/buffer_core.cpp
[hdl_localization_node-1] Warning: Invalid frame ID "robot_odom" passed to canTransform argument fixed_frame - frame does not exist
[hdl_localization_node-1]          at line 95 in ./src/buffer_core.cpp
[hdl_localization_node-1] Warning: Invalid frame ID "robot_odom" passed to canTransform argument fixed_frame - frame does not exist
[hdl_localization_node-1]          at line 95 in ./src/buffer_core.cpp
[hdl_localization_node-1] Warning: Invalid frame ID "robot_odom" passed to canTransform argument fixed_frame - frame does not exist
[hdl_localization_node-1]          at line 95 in ./src/buffer_core.cpp
[hdl_localization_node-1] Warning: Invalid frame ID "robot_odom" passed to canTransform argument fixed_frame - frame does not exist
[hdl_localization_node-1]          at line 95 in ./src/buffer_core.cpp
[hdl_localization_node-1] Warning: Invalid frame ID "robot_odom" passed to canTransform argument fixed_frame - frame does not exist
[hdl_localization_node-1]          at line 95 in ./src/buffer_core.cpp
[hdl_localization_node-1] Warning: Invalid frame ID "robot_odom" passed to canTransform argument fixed_frame - frame does not exist
[hdl_localization_node-1]          at line 95 in ./src/buffer_core.cpp
[hdl_localization_node-1] Warning: Invalid frame ID "robot_odom" passed to canTransform argument fixed_frame - frame does not exist
[hdl_localization_node-1]          at line 95 in ./src/buffer_core.cpp
[hdl_localization_node-1] Warning: Invalid frame ID "robot_odom" passed to canTransform argument fixed_frame - frame does not exist
[hdl_localization_node-1]          at line 95 in ./src/buffer_core.cpp
[hdl_localization_node-1] Warning: Invalid frame ID "robot_odom" passed to canTransform argument fixed_frame - frame does not exist
[hdl_localization_node-1]          at line 95 in ./src/buffer_core.cpp
[hdl_localization_node-1] Warning: Invalid frame ID "robot_odom" passed to canTransform argument fixed_frame - frame does not exist
[hdl_localization_node-1]          at line 95 in ./src/buffer_core.cpp
[hdl_localization_node-1] Warning: Invalid frame ID "robot_odom" passed to canTransform argument fixed_frame - frame does not exist
[hdl_localization_node-1]          at line 95 in ./src/buffer_core.cpp
[hdl_localization_node-1] Warning: Invalid frame ID "robot_odom" passed to canTransform argument fixed_frame - frame does not exist
[hdl_localization_node-1]          at line 95 in ./src/buffer_core.cpp
[hdl_localization_node-1] Warning: Invalid frame ID "robot_odom" passed to canTransform argument fixed_frame - frame does not exist
[hdl_localization_node-1]          at line 95 in ./src/buffer_core.cpp
[hdl_localization_node-1] Warning: Invalid frame ID "robot_odom" passed to canTransform argument fixed_frame - frame does not exist
[hdl_localization_node-1]          at line 95 in ./src/buffer_core.cpp
[hdl_localization_node-1] Warning: Invalid frame ID "robot_odom" passed to canTransform argument fixed_frame - frame does not exist
[hdl_localization_node-1]          at line 95 in ./src/buffer_core.cpp
[hdl_localization_node-1] Warning: Invalid frame ID "robot_odom" passed to canTransform argument fixed_frame - frame does not exist
[hdl_localization_node-1]          at line 95 in ./src/buffer_core.cpp
[hdl_localization_node-1] Warning: Invalid frame ID "robot_odom" passed to canTransform argument fixed_frame - frame does not exist
[hdl_localization_node-1]          at line 95 in ./src/buffer_core.cpp
[hdl_localization_node-1] Warning: Invalid frame ID "robot_odom" passed to canTransform argument fixed_frame - frame does not exist
[hdl_localization_node-1]          at line 95 in ./src/buffer_core.cpp
[hdl_localization_node-1] Warning: Invalid frame ID "robot_odom" passed to canTransform argument fixed_frame - frame does not exist
[hdl_localization_node-1]          at line 95 in ./src/buffer_core.cpp
[hdl_localization_node-1] Warning: Invalid frame ID "robot_odom" passed to canTransform argument fixed_frame - frame does not exist
[hdl_localization_node-1]          at line 95 in ./src/buffer_core.cpp
[hdl_localization_node-1] Warning: Invalid frame ID "robot_odom" passed to canTransform argument fixed_frame - frame does not exist
[hdl_localization_node-1]          at line 95 in ./src/buffer_core.cpp
[hdl_localization_node-1] Warning: Invalid frame ID "robot_odom" passed to canTransform argument fixed_frame - frame does not exist
[hdl_localization_node-1]          at line 95 in ./src/buffer_core.cpp
[hdl_localization_node-1] Warning: Invalid frame ID "robot_odom" passed to canTransform argument fixed_frame - frame does not exist
[hdl_localization_node-1]          at line 95 in ./src/buffer_core.cpp
[hdl_localization_node-1] Warning: Invalid frame ID "robot_odom" passed to canTransform argument fixed_frame - frame does not exist
[hdl_localization_node-1]          at line 95 in ./src/buffer_core.cpp
[hdl_localization_node-1] Warning: Invalid frame ID "robot_odom" passed to canTransform argument fixed_frame - frame does not exist
[hdl_localization_node-1]          at line 95 in ./src/buffer_core.cpp
[hdl_localization_node-1] Warning: Invalid frame ID "robot_odom" passed to canTransform argument fixed_frame - frame does not exist
[hdl_localization_node-1]          at line 95 in ./src/buffer_core.cpp
[hdl_localization_node-1] Warning: Invalid frame ID "robot_odom" passed to canTransform argument fixed_frame - frame does not exist
[hdl_localization_node-1]          at line 95 in ./src/buffer_core.cpp
[hdl_localization_node-1] Warning: Invalid frame ID "robot_odom" passed to canTransform argument fixed_frame - frame does not exist
[hdl_localization_node-1]          at line 95 in ./src/buffer_core.cpp
[hdl_localization_node-1] Warning: Invalid frame ID "robot_odom" passed to canTransform argument fixed_frame - frame does not exist
[hdl_localization_node-1]          at line 95 in ./src/buffer_core.cpp
[hdl_localization_node-1] Warning: Invalid frame ID "robot_odom" passed to canTransform argument fixed_frame - frame does not exist
[hdl_localization_node-1]          at line 95 in ./src/buffer_core.cpp
[hdl_localization_node-1] Warning: Invalid frame ID "robot_odom" passed to canTransform argument fixed_frame - frame does not exist
[hdl_localization_node-1]          at line 95 in ./src/buffer_core.cpp
[hdl_localization_node-1] Warning: Invalid frame ID "robot_odom" passed to canTransform argument fixed_frame - frame does not exist
[hdl_localization_node-1]          at line 95 in ./src/buffer_core.cpp
[hdl_localization_node-1] Warning: Invalid frame ID "robot_odom" passed to canTransform argument fixed_frame - frame does not exist
[hdl_localization_node-1]          at line 95 in ./src/buffer_core.cpp
[hdl_localization_node-1] Warning: Invalid frame ID "robot_odom" passed to canTransform argument fixed_frame - frame does not exist
[hdl_localization_node-1]          at line 95 in ./src/buffer_core.cpp
[hdl_localization_node-1] Warning: Invalid frame ID "robot_odom" passed to canTransform argument fixed_frame - frame does not exist
[hdl_localization_node-1]          at line 95 in ./src/buffer_core.cpp
[hdl_localization_node-1] Warning: Invalid frame ID "robot_odom" passed to canTransform argument fixed_frame - frame does not exist
[hdl_localization_node-1]          at line 95 in ./src/buffer_core.cpp
[hdl_localization_node-1] Warning: Invalid frame ID "robot_odom" passed to canTransform argument fixed_frame - frame does not exist
[hdl_localization_node-1]          at line 95 in ./src/buffer_core.cpp
[hdl_localization_node-1] Warning: Invalid frame ID "robot_odom" passed to canTransform argument fixed_frame - frame does not exist
[hdl_localization_node-1]          at line 95 in ./src/buffer_core.cpp
[hdl_localization_node-1] Warning: Invalid frame ID "robot_odom" passed to canTransform argument fixed_frame - frame does not exist
[hdl_localization_node-1]          at line 95 in ./src/buffer_core.cpp
[hdl_localization_node-1] Warning: Invalid frame ID "robot_odom" passed to canTransform argument fixed_frame - frame does not exist
[hdl_localization_node-1]          at line 95 in ./src/buffer_core.cpp
[hdl_localization_node-1] Warning: Invalid frame ID "robot_odom" passed to canTransform argument fixed_frame - frame does not exist
[hdl_localization_node-1]          at line 95 in ./src/buffer_core.cpp
[hdl_localization_node-1] Warning: Invalid frame ID "robot_odom" passed to canTransform argument fixed_frame - frame does not exist
[hdl_localization_node-1]          at line 95 in ./src/buffer_core.cpp
[hdl_localization_node-1] Warning: Invalid frame ID "robot_odom" passed to canTransform argument fixed_frame - frame does not exist
[hdl_localization_node-1]          at line 95 in ./src/buffer_core.cpp
[hdl_localization_node-1] Warning: Invalid frame ID "robot_odom" passed to canTransform argument fixed_frame - frame does not exist
[hdl_localization_node-1]          at line 95 in ./src/buffer_core.cpp
[hdl_localization_node-1] Warning: Invalid frame ID "robot_odom" passed to canTransform argument fixed_frame - frame does not exist
[hdl_localization_node-1]          at line 95 in ./src/buffer_core.cpp
[hdl_localization_node-1] Warning: Invalid frame ID "robot_odom" passed to canTransform argument fixed_frame - frame does not exist
[hdl_localization_node-1]          at line 95 in ./src/buffer_core.cpp
[hdl_localization_node-1] Warning: Invalid frame ID "robot_odom" passed to canTransform argument fixed_frame - frame does not exist
[hdl_localization_node-1]          at line 95 in ./src/buffer_core.cpp
[hdl_localization_node-1] Warning: Invalid frame ID "robot_odom" passed to canTransform argument fixed_frame - frame does not exist
[hdl_localization_node-1]          at line 95 in ./src/buffer_core.cpp
[hdl_localization_node-1] Warning: Invalid frame ID "robot_odom" passed to canTransform argument fixed_frame - frame does not exist
[hdl_localization_node-1]          at line 95 in ./src/buffer_core.cpp
[hdl_localization_node-1] Warning: Invalid frame ID "robot_odom" passed to canTransform argument fixed_frame - frame does not exist
[hdl_localization_node-1]          at line 95 in ./src/buffer_core.cpp
[hdl_localization_node-1] Warning: Invalid frame ID "robot_odom" passed to canTransform argument fixed_frame - frame does not exist
[hdl_localization_node-1]          at line 95 in ./src/buffer_core.cpp
[hdl_localization_node-1] Warning: Invalid frame ID "robot_odom" passed to canTransform argument fixed_frame - frame does not exist
[hdl_localization_node-1]          at line 95 in ./src/buffer_core.cpp
[hdl_localization_node-1] Warning: Invalid frame ID "robot_odom" passed to canTransform argument fixed_frame - frame does not exist
[hdl_localization_node-1]          at line 95 in ./src/buffer_core.cpp
[hdl_localization_node-1] Warning: Invalid frame ID "robot_odom" passed to canTransform argument fixed_frame - frame does not exist
[hdl_localization_node-1]          at line 95 in ./src/buffer_core.cpp
[hdl_localization_node-1] Warning: Invalid frame ID "robot_odom" passed to canTransform argument fixed_frame - frame does not exist
[hdl_localization_node-1]          at line 95 in ./src/buffer_core.cpp
[hdl_localization_node-1] Warning: Invalid frame ID "robot_odom" passed to canTransform argument fixed_frame - frame does not exist
[hdl_localization_node-1]          at line 95 in ./src/buffer_core.cpp
[hdl_localization_node-1] Warning: Invalid frame ID "robot_odom" passed to canTransform argument fixed_frame - frame does not exist
[hdl_localization_node-1]          at line 95 in ./src/buffer_core.cpp
[hdl_localization_node-1] Warning: Invalid frame ID "robot_odom" passed to canTransform argument fixed_frame - frame does not exist
[hdl_localization_node-1]          at line 95 in ./src/buffer_core.cpp
[hdl_localization_node-1] Warning: Invalid frame ID "robot_odom" passed to canTransform argument fixed_frame - frame does not exist
[hdl_localization_node-1]          at line 95 in ./src/buffer_core.cpp
[hdl_localization_node-1] Warning: Invalid frame ID "robot_odom" passed to canTransform argument fixed_frame - frame does not exist
[hdl_localization_node-1]          at line 95 in ./src/buffer_core.cpp
[hdl_localization_node-1] Warning: Invalid frame ID "robot_odom" passed to canTransform argument fixed_frame - frame does not exist
[hdl_localization_node-1]          at line 95 in ./src/buffer_core.cpp
[hdl_localization_node-1] Warning: Invalid frame ID "robot_odom" passed to canTransform argument fixed_frame - frame does not exist
[hdl_localization_node-1]          at line 95 in ./src/buffer_core.cpp
[hdl_localization_node-1] Warning: Invalid frame ID "robot_odom" passed to canTransform argument fixed_frame - frame does not exist
[hdl_localization_node-1]          at line 95 in ./src/buffer_core.cpp
[hdl_localization_node-1] Warning: Invalid frame ID "robot_odom" passed to canTransform argument fixed_frame - frame does not exist
[hdl_localization_node-1]          at line 95 in ./src/buffer_core.cpp
[hdl_localization_node-1] Warning: Invalid frame ID "robot_odom" passed to canTransform argument fixed_frame - frame does not exist
[hdl_localization_node-1]          at line 95 in ./src/buffer_core.cpp
[hdl_localization_node-1] Warning: Invalid frame ID "robot_odom" passed to canTransform argument fixed_frame - frame does not exist
[hdl_localization_node-1]          at line 95 in ./src/buffer_core.cpp
[hdl_localization_node-1] Warning: Invalid frame ID "robot_odom" passed to canTransform argument fixed_frame - frame does not exist
[hdl_localization_node-1]          at line 95 in ./src/buffer_core.cpp
[hdl_localization_node-1] Warning: Invalid frame ID "robot_odom" passed to canTransform argument fixed_frame - frame does not exist
[hdl_localization_node-1]          at line 95 in ./src/buffer_core.cpp
[hdl_localization_node-1] Warning: Invalid frame ID "robot_odom" passed to canTransform argument fixed_frame - frame does not exist
[hdl_localization_node-1]          at line 95 in ./src/buffer_core.cpp
[hdl_localization_node-1] Warning: Invalid frame ID "robot_odom" passed to canTransform argument fixed_frame - frame does not exist
[hdl_localization_node-1]          at line 95 in ./src/buffer_core.cpp
[hdl_localization_node-1] Warning: Invalid frame ID "robot_odom" passed to canTransform argument fixed_frame - frame does not exist
[hdl_localization_node-1]          at line 95 in ./src/buffer_core.cpp
[hdl_localization_node-1] Warning: Invalid frame ID "robot_odom" passed to canTransform argument fixed_frame - frame does not exist
[hdl_localization_node-1]          at line 95 in ./src/buffer_core.cpp
[hdl_localization_node-1] Warning: Invalid frame ID "robot_odom" passed to canTransform argument fixed_frame - frame does not exist
[hdl_localization_node-1]          at line 95 in ./src/buffer_core.cpp
[hdl_localization_node-1] Warning: Invalid frame ID "robot_odom" passed to canTransform argument fixed_frame - frame does not exist
[hdl_localization_node-1]          at line 95 in ./src/buffer_core.cpp
[hdl_localization_node-1] Warning: Invalid frame ID "robot_odom" passed to canTransform argument fixed_frame - frame does not exist
[hdl_localization_node-1]          at line 95 in ./src/buffer_core.cpp
[hdl_localization_node-1] Warning: Invalid frame ID "robot_odom" passed to canTransform argument fixed_frame - frame does not exist
[hdl_localization_node-1]          at line 95 in ./src/buffer_core.cpp
[hdl_localization_node-1] Warning: Invalid frame ID "robot_odom" passed to canTransform argument fixed_frame - frame does not exist
[hdl_localization_node-1]          at line 95 in ./src/buffer_core.cpp
[hdl_localization_node-1] Warning: Invalid frame ID "robot_odom" passed to canTransform argument fixed_frame - frame does not exist
[hdl_localization_node-1]          at line 95 in ./src/buffer_core.cpp
[hdl_localization_node-1] Warning: Invalid frame ID "robot_odom" passed to canTransform argument fixed_frame - frame does not exist
[hdl_localization_node-1]          at line 95 in ./src/buffer_core.cpp
[hdl_localization_node-1] Warning: Invalid frame ID "robot_odom" passed to canTransform argument fixed_frame - frame does not exist
[hdl_localization_node-1]          at line 95 in ./src/buffer_core.cpp
[hdl_localization_node-1] Warning: Invalid frame ID "robot_odom" passed to canTransform argument fixed_frame - frame does not exist
[hdl_localization_node-1]          at line 95 in ./src/buffer_core.cpp
[hdl_localization_node-1] Warning: Invalid frame ID "robot_odom" passed to canTransform argument fixed_frame - frame does not exist
[hdl_localization_node-1]          at line 95 in ./src/buffer_core.cpp
[hdl_localization_node-1] Warning: Invalid frame ID "robot_odom" passed to canTransform argument fixed_frame - frame does not exist
[hdl_localization_node-1]          at line 95 in ./src/buffer_core.cpp
[hdl_localization_node-1] Warning: Invalid frame ID "robot_odom" passed to canTransform argument fixed_frame - frame does not exist
[hdl_localization_node-1]          at line 95 in ./src/buffer_core.cpp
[hdl_localization_node-1] Warning: Invalid frame ID "robot_odom" passed to canTransform argument fixed_frame - frame does not exist
[hdl_localization_node-1]          at line 95 in ./src/buffer_core.cpp
[hdl_localization_node-1] Warning: Invalid frame ID "robot_odom" passed to canTransform argument fixed_frame - frame does not exist
[hdl_localization_node-1]          at line 95 in ./src/buffer_core.cpp
[hdl_localization_node-1] Warning: Invalid frame ID "robot_odom" passed to canTransform argument fixed_frame - frame does not exist
[hdl_localization_node-1]          at line 95 in ./src/buffer_core.cpp
[hdl_localization_node-1] Warning: Invalid frame ID "robot_odom" passed to canTransform argument fixed_frame - frame does not exist
[hdl_localization_node-1]          at line 95 in ./src/buffer_core.cpp
[hdl_localization_node-1] Warning: Invalid frame ID "robot_odom" passed to canTransform argument fixed_frame - frame does not exist
[hdl_localization_node-1]          at line 95 in ./src/buffer_core.cpp
[hdl_localization_node-1] Warning: Invalid frame ID "robot_odom" passed to canTransform argument fixed_frame - frame does not exist
[hdl_localization_node-1]          at line 95 in ./src/buffer_core.cpp
[hdl_localization_node-1] Warning: Invalid frame ID "robot_odom" passed to canTransform argument fixed_frame - frame does not exist
[hdl_localization_node-1]          at line 95 in ./src/buffer_core.cpp
[hdl_localization_node-1] Warning: Invalid frame ID "robot_odom" passed to canTransform argument fixed_frame - frame does not exist
[hdl_localization_node-1]          at line 95 in ./src/buffer_core.cpp
[hdl_localization_node-1] Warning: Invalid frame ID "robot_odom" passed to canTransform argument fixed_frame - frame does not exist
[hdl_localization_node-1]          at line 95 in ./src/buffer_core.cpp
[hdl_localization_node-1] Warning: Invalid frame ID "robot_odom" passed to canTransform argument fixed_frame - frame does not exist
[hdl_localization_node-1]          at line 95 in ./src/buffer_core.cpp
[hdl_localization_node-1] Warning: Invalid frame ID "robot_odom" passed to canTransform argument fixed_frame - frame does not exist
[hdl_localization_node-1]          at line 95 in ./src/buffer_core.cpp
[hdl_localization_node-1] Warning: Invalid frame ID "robot_odom" passed to canTransform argument fixed_frame - frame does not exist
[hdl_localization_node-1]          at line 95 in ./src/buffer_core.cpp
[hdl_localization_node-1] Warning: Invalid frame ID "robot_odom" passed to canTransform argument fixed_frame - frame does not exist
[hdl_localization_node-1]          at line 95 in ./src/buffer_core.cpp
[hdl_localization_node-1] Warning: Invalid frame ID "robot_odom" passed to canTransform argument fixed_frame - frame does not exist
[hdl_localization_node-1]          at line 95 in ./src/buffer_core.cpp
[hdl_localization_node-1] Warning: Invalid frame ID "robot_odom" passed to canTransform argument fixed_frame - frame does not exist
[hdl_localization_node-1]          at line 95 in ./src/buffer_core.cpp
[hdl_localization_node-1] Warning: Invalid frame ID "robot_odom" passed to canTransform argument fixed_frame - frame does not exist
[hdl_localization_node-1]          at line 95 in ./src/buffer_core.cpp
[hdl_localization_node-1] Warning: Invalid frame ID "robot_odom" passed to canTransform argument fixed_frame - frame does not exist
[hdl_localization_node-1]          at line 95 in ./src/buffer_core.cpp
[hdl_localization_node-1] Warning: Invalid frame ID "robot_odom" passed to canTransform argument fixed_frame - frame does not exist
[hdl_localization_node-1]          at line 95 in ./src/buffer_core.cpp
[hdl_localization_node-1] Warning: Invalid frame ID "robot_odom" passed to canTransform argument fixed_frame - frame does not exist
[hdl_localization_node-1]          at line 95 in ./src/buffer_core.cpp
[hdl_localization_node-1] Warning: Invalid frame ID "robot_odom" passed to canTransform argument fixed_frame - frame does not exist
[hdl_localization_node-1]          at line 95 in ./src/buffer_core.cpp
[hdl_localization_node-1] Warning: Invalid frame ID "robot_odom" passed to canTransform argument fixed_frame - frame does not exist
[hdl_localization_node-1]          at line 95 in ./src/buffer_core.cpp
[hdl_localization_node-1] Warning: Invalid frame ID "robot_odom" passed to canTransform argument fixed_frame - frame does not exist
[hdl_localization_node-1]          at line 95 in ./src/buffer_core.cpp
[hdl_localization_node-1] Warning: Invalid frame ID "robot_odom" passed to canTransform argument fixed_frame - frame does not exist
[hdl_localization_node-1]          at line 95 in ./src/buffer_core.cpp
[hdl_localization_node-1] Warning: Invalid frame ID "robot_odom" passed to canTransform argument fixed_frame - frame does not exist
[hdl_localization_node-1]          at line 95 in ./src/buffer_core.cpp
[hdl_localization_node-1] Warning: Invalid frame ID "robot_odom" passed to canTransform argument fixed_frame - frame does not exist
[hdl_localization_node-1]          at line 95 in ./src/buffer_core.cpp
[hdl_localization_node-1] Warning: Invalid frame ID "robot_odom" passed to canTransform argument fixed_frame - frame does not exist
[hdl_localization_node-1]          at line 95 in ./src/buffer_core.cpp
[hdl_localization_node-1] Warning: Invalid frame ID "robot_odom" passed to canTransform argument fixed_frame - frame does not exist
[hdl_localization_node-1]          at line 95 in ./src/buffer_core.cpp
[hdl_localization_node-1] Warning: Invalid frame ID "robot_odom" passed to canTransform argument fixed_frame - frame does not exist
[hdl_localization_node-1]          at line 95 in ./src/buffer_core.cpp
[hdl_localization_node-1] Warning: Invalid frame ID "robot_odom" passed to canTransform argument fixed_frame - frame does not exist
[hdl_localization_node-1]          at line 95 in ./src/buffer_core.cpp
[hdl_localization_node-1] Warning: Invalid frame ID "robot_odom" passed to canTransform argument fixed_frame - frame does not exist
[hdl_localization_node-1]          at line 95 in ./src/buffer_core.cpp
[hdl_localization_node-1] Warning: Invalid frame ID "robot_odom" passed to canTransform argument fixed_frame - frame does not exist
[hdl_localization_node-1]          at line 95 in ./src/buffer_core.cpp
[hdl_localization_node-1] Warning: Invalid frame ID "robot_odom" passed to canTransform argument fixed_frame - frame does not exist
[hdl_localization_node-1]          at line 95 in ./src/buffer_core.cpp
[hdl_localization_node-1] Warning: Invalid frame ID "robot_odom" passed to canTransform argument fixed_frame - frame does not exist
[hdl_localization_node-1]          at line 95 in ./src/buffer_core.cpp
[hdl_localization_node-1] Warning: Invalid frame ID "robot_odom" passed to canTransform argument fixed_frame - frame does not exist
[hdl_localization_node-1]          at line 95 in ./src/buffer_core.cpp
[hdl_localization_node-1] Warning: Invalid frame ID "robot_odom" passed to canTransform argument fixed_frame - frame does not exist
[hdl_localization_node-1]          at line 95 in ./src/buffer_core.cpp
[hdl_localization_node-1] Warning: Invalid frame ID "robot_odom" passed to canTransform argument fixed_frame - frame does not exist
[hdl_localization_node-1]          at line 95 in ./src/buffer_core.cpp
[hdl_localization_node-1] Warning: Invalid frame ID "robot_odom" passed to canTransform argument fixed_frame - frame does not exist
[hdl_localization_node-1]          at line 95 in ./src/buffer_core.cpp
[hdl_localization_node-1] Warning: Invalid frame ID "robot_odom" passed to canTransform argument fixed_frame - frame does not exist
[hdl_localization_node-1]          at line 95 in ./src/buffer_core.cpp
[hdl_localization_node-1] Warning: Invalid frame ID "robot_odom" passed to canTransform argument fixed_frame - frame does not exist
[hdl_localization_node-1]          at line 95 in ./src/buffer_core.cpp
[hdl_localization_node-1] Warning: Invalid frame ID "robot_odom" passed to canTransform argument fixed_frame - frame does not exist
[hdl_localization_node-1]          at line 95 in ./src/buffer_core.cpp
[hdl_localization_node-1] Warning: Invalid frame ID "robot_odom" passed to canTransform argument fixed_frame - frame does not exist
[hdl_localization_node-1]          at line 95 in ./src/buffer_core.cpp
[hdl_localization_node-1] Warning: Invalid frame ID "robot_odom" passed to canTransform argument fixed_frame - frame does not exist
[hdl_localization_node-1]          at line 95 in ./src/buffer_core.cpp
[hdl_localization_node-1] Warning: Invalid frame ID "robot_odom" passed to canTransform argument fixed_frame - frame does not exist
[hdl_localization_node-1]          at line 95 in ./src/buffer_core.cpp
[hdl_localization_node-1] Warning: Invalid frame ID "robot_odom" passed to canTransform argument fixed_frame - frame does not exist
[hdl_localization_node-1]          at line 95 in ./src/buffer_core.cpp
[hdl_localization_node-1] Warning: Invalid frame ID "robot_odom" passed to canTransform argument fixed_frame - frame does not exist
[hdl_localization_node-1]          at line 95 in ./src/buffer_core.cpp
[hdl_localization_node-1] Warning: Invalid frame ID "robot_odom" passed to canTransform argument fixed_frame - frame does not exist
[hdl_localization_node-1]          at line 95 in ./src/buffer_core.cpp
[hdl_localization_node-1] Warning: Invalid frame ID "robot_odom" passed to canTransform argument fixed_frame - frame does not exist
[hdl_localization_node-1]          at line 95 in ./src/buffer_core.cpp
[hdl_localization_node-1] Warning: Invalid frame ID "robot_odom" passed to canTransform argument fixed_frame - frame does not exist
[hdl_localization_node-1]          at line 95 in ./src/buffer_core.cpp
[hdl_localization_node-1] Warning: Invalid frame ID "robot_odom" passed to canTransform argument fixed_frame - frame does not exist
[hdl_localization_node-1]          at line 95 in ./src/buffer_core.cpp
[hdl_localization_node-1] Warning: Invalid frame ID "robot_odom" passed to canTransform argument fixed_frame - frame does not exist
[hdl_localization_node-1]          at line 95 in ./src/buffer_core.cpp
[hdl_localization_node-1] Warning: Invalid frame ID "robot_odom" passed to canTransform argument fixed_frame - frame does not exist
[hdl_localization_node-1]          at line 95 in ./src/buffer_core.cpp
[hdl_localization_node-1] Warning: Invalid frame ID "robot_odom" passed to canTransform argument fixed_frame - frame does not exist
[hdl_localization_node-1]          at line 95 in ./src/buffer_core.cpp
[hdl_localization_node-1] Warning: Invalid frame ID "robot_odom" passed to canTransform argument fixed_frame - frame does not exist
[hdl_localization_node-1]          at line 95 in ./src/buffer_core.cpp
[hdl_localization_node-1] Warning: Invalid frame ID "robot_odom" passed to canTransform argument fixed_frame - frame does not exist
[hdl_localization_node-1]          at line 95 in ./src/buffer_core.cpp
[hdl_localization_node-1] Warning: Invalid frame ID "robot_odom" passed to canTransform argument fixed_frame - frame does not exist
[hdl_localization_node-1]          at line 95 in ./src/buffer_core.cpp
[hdl_localization_node-1] Warning: Invalid frame ID "robot_odom" passed to canTransform argument fixed_frame - frame does not exist
[hdl_localization_node-1]          at line 95 in ./src/buffer_core.cpp
[hdl_localization_node-1] Warning: Invalid frame ID "robot_odom" passed to canTransform argument fixed_frame - frame does not exist
[hdl_localization_node-1]          at line 95 in ./src/buffer_core.cpp
[hdl_localization_node-1] Warning: Invalid frame ID "robot_odom" passed to canTransform argument fixed_frame - frame does not exist
[hdl_localization_node-1]          at line 95 in ./src/buffer_core.cpp
[hdl_localization_node-1] Warning: Invalid frame ID "robot_odom" passed to canTransform argument fixed_frame - frame does not exist
[hdl_localization_node-1]          at line 95 in ./src/buffer_core.cpp
[hdl_localization_node-1] Warning: Invalid frame ID "robot_odom" passed to canTransform argument fixed_frame - frame does not exist
[hdl_localization_node-1]          at line 95 in ./src/buffer_core.cpp
[hdl_localization_node-1] Warning: Invalid frame ID "robot_odom" passed to canTransform argument fixed_frame - frame does not exist
[hdl_localization_node-1]          at line 95 in ./src/buffer_core.cpp
[hdl_localization_node-1] Warning: Invalid frame ID "robot_odom" passed to canTransform argument fixed_frame - frame does not exist
[hdl_localization_node-1]          at line 95 in ./src/buffer_core.cpp
[hdl_localization_node-1] Warning: Invalid frame ID "robot_odom" passed to canTransform argument fixed_frame - frame does not exist
[hdl_localization_node-1]          at line 95 in ./src/buffer_core.cpp
[hdl_localization_node-1] Warning: Invalid frame ID "robot_odom" passed to canTransform argument fixed_frame - frame does not exist
[hdl_localization_node-1]          at line 95 in ./src/buffer_core.cpp
[hdl_localization_node-1] Warning: Invalid frame ID "robot_odom" passed to canTransform argument fixed_frame - frame does not exist
[hdl_localization_node-1]          at line 95 in ./src/buffer_core.cpp
[hdl_localization_node-1] Warning: Invalid frame ID "robot_odom" passed to canTransform argument fixed_frame - frame does not exist
[hdl_localization_node-1]          at line 95 in ./src/buffer_core.cpp
[hdl_localization_node-1] Warning: Invalid frame ID "robot_odom" passed to canTransform argument fixed_frame - frame does not exist
[hdl_localization_node-1]          at line 95 in ./src/buffer_core.cpp
[hdl_localization_node-1] Warning: Invalid frame ID "robot_odom" passed to canTransform argument fixed_frame - frame does not exist
[hdl_localization_node-1]          at line 95 in ./src/buffer_core.cpp
[hdl_localization_node-1] Warning: Invalid frame ID "robot_odom" passed to canTransform argument fixed_frame - frame does not exist
[hdl_localization_node-1]          at line 95 in ./src/buffer_core.cpp
[hdl_localization_node-1] Warning: Invalid frame ID "robot_odom" passed to canTransform argument fixed_frame - frame does not exist
[hdl_localization_node-1]          at line 95 in ./src/buffer_core.cpp
[hdl_localization_node-1] Warning: Invalid frame ID "robot_odom" passed to canTransform argument fixed_frame - frame does not exist
[hdl_localization_node-1]          at line 95 in ./src/buffer_core.cpp
[hdl_localization_node-1] Warning: Invalid frame ID "robot_odom" passed to canTransform argument fixed_frame - frame does not exist
[hdl_localization_node-1]          at line 95 in ./src/buffer_core.cpp
[hdl_localization_node-1] Warning: Invalid frame ID "robot_odom" passed to canTransform argument fixed_frame - frame does not exist
[hdl_localization_node-1]          at line 95 in ./src/buffer_core.cpp
[hdl_localization_node-1] Warning: Invalid frame ID "robot_odom" passed to canTransform argument fixed_frame - frame does not exist
[hdl_localization_node-1]          at line 95 in ./src/buffer_core.cpp
[hdl_localization_node-1] Warning: Invalid frame ID "robot_odom" passed to canTransform argument fixed_frame - frame does not exist
[hdl_localization_node-1]          at line 95 in ./src/buffer_core.cpp
[hdl_localization_node-1] Warning: Invalid frame ID "robot_odom" passed to canTransform argument fixed_frame - frame does not exist
[hdl_localization_node-1]          at line 95 in ./src/buffer_core.cpp
[hdl_localization_node-1] Warning: Invalid frame ID "robot_odom" passed to canTransform argument fixed_frame - frame does not exist
[hdl_localization_node-1]          at line 95 in ./src/buffer_core.cpp
[hdl_localization_node-1] Warning: Invalid frame ID "robot_odom" passed to canTransform argument fixed_frame - frame does not exist
[hdl_localization_node-1]          at line 95 in ./src/buffer_core.cpp
[hdl_localization_node-1] Warning: Invalid frame ID "robot_odom" passed to canTransform argument fixed_frame - frame does not exist
[hdl_localization_node-1]          at line 95 in ./src/buffer_core.cpp
[hdl_localization_node-1] Warning: Invalid frame ID "robot_odom" passed to canTransform argument fixed_frame - frame does not exist
[hdl_localization_node-1]          at line 95 in ./src/buffer_core.cpp
[hdl_localization_node-1] Warning: Invalid frame ID "robot_odom" passed to canTransform argument fixed_frame - frame does not exist
[hdl_localization_node-1]          at line 95 in ./src/buffer_core.cpp
[hdl_localization_node-1] Warning: Invalid frame ID "robot_odom" passed to canTransform argument fixed_frame - frame does not exist
[hdl_localization_node-1]          at line 95 in ./src/buffer_core.cpp
[hdl_localization_node-1] Warning: Invalid frame ID "robot_odom" passed to canTransform argument fixed_frame - frame does not exist
[hdl_localization_node-1]          at line 95 in ./src/buffer_core.cpp
[hdl_localization_node-1] Warning: Invalid frame ID "robot_odom" passed to canTransform argument fixed_frame - frame does not exist
[hdl_localization_node-1]          at line 95 in ./src/buffer_core.cpp
[hdl_localization_node-1] Warning: Invalid frame ID "robot_odom" passed to canTransform argument fixed_frame - frame does not exist
[hdl_localization_node-1]          at line 95 in ./src/buffer_core.cpp
[hdl_localization_node-1] Warning: Invalid frame ID "robot_odom" passed to canTransform argument fixed_frame - frame does not exist
[hdl_localization_node-1]          at line 95 in ./src/buffer_core.cpp
[hdl_localization_node-1] Warning: Invalid frame ID "robot_odom" passed to canTransform argument fixed_frame - frame does not exist
[hdl_localization_node-1]          at line 95 in ./src/buffer_core.cpp
[hdl_localization_node-1] Warning: Invalid frame ID "robot_odom" passed to canTransform argument fixed_frame - frame does not exist
[hdl_localization_node-1]          at line 95 in ./src/buffer_core.cpp
[hdl_localization_node-1] Warning: Invalid frame ID "robot_odom" passed to canTransform argument fixed_frame - frame does not exist
[hdl_localization_node-1]          at line 95 in ./src/buffer_core.cpp
[hdl_localization_node-1] Warning: Invalid frame ID "robot_odom" passed to canTransform argument fixed_frame - frame does not exist
[hdl_localization_node-1]          at line 95 in ./src/buffer_core.cpp
[hdl_localization_node-1] Warning: Invalid frame ID "robot_odom" passed to canTransform argument fixed_frame - frame does not exist
[hdl_localization_node-1]          at line 95 in ./src/buffer_core.cpp
[hdl_localization_node-1] Warning: Invalid frame ID "robot_odom" passed to canTransform argument fixed_frame - frame does not exist
[hdl_localization_node-1]          at line 95 in ./src/buffer_core.cpp
[hdl_localization_node-1] Warning: Invalid frame ID "robot_odom" passed to canTransform argument fixed_frame - frame does not exist
[hdl_localization_node-1]          at line 95 in ./src/buffer_core.cpp
[hdl_localization_node-1] Warning: Invalid frame ID "robot_odom" passed to canTransform argument fixed_frame - frame does not exist
[hdl_localization_node-1]          at line 95 in ./src/buffer_core.cpp
[hdl_localization_node-1] Warning: Invalid frame ID "robot_odom" passed to canTransform argument fixed_frame - frame does not exist
[hdl_localization_node-1]          at line 95 in ./src/buffer_core.cpp
[hdl_localization_node-1] Warning: Invalid frame ID "robot_odom" passed to canTransform argument fixed_frame - frame does not exist
[hdl_localization_node-1]          at line 95 in ./src/buffer_core.cpp
[hdl_localization_node-1] Warning: Invalid frame ID "robot_odom" passed to canTransform argument fixed_frame - frame does not exist
[hdl_localization_node-1]          at line 95 in ./src/buffer_core.cpp
[hdl_localization_node-1] Warning: Invalid frame ID "robot_odom" passed to canTransform argument fixed_frame - frame does not exist
[hdl_localization_node-1]          at line 95 in ./src/buffer_core.cpp
[hdl_localization_node-1] Warning: Invalid frame ID "robot_odom" passed to canTransform argument fixed_frame - frame does not exist
[hdl_localization_node-1]          at line 95 in ./src/buffer_core.cpp
[hdl_localization_node-1] Warning: Invalid frame ID "robot_odom" passed to canTransform argument fixed_frame - frame does not exist
[hdl_localization_node-1]          at line 95 in ./src/buffer_core.cpp
[hdl_localization_node-1] Warning: Invalid frame ID "robot_odom" passed to canTransform argument fixed_frame - frame does not exist
[hdl_localization_node-1]          at line 95 in ./src/buffer_core.cpp
[hdl_localization_node-1] Warning: Invalid frame ID "robot_odom" passed to canTransform argument fixed_frame - frame does not exist
[hdl_localization_node-1]          at line 95 in ./src/buffer_core.cpp
[hdl_localization_node-1] Warning: Invalid frame ID "robot_odom" passed to canTransform argument fixed_frame - frame does not exist
[hdl_localization_node-1]          at line 95 in ./src/buffer_core.cpp
[hdl_localization_node-1] Warning: Invalid frame ID "robot_odom" passed to canTransform argument fixed_frame - frame does not exist
[hdl_localization_node-1]          at line 95 in ./src/buffer_core.cpp
[hdl_localization_node-1] Warning: Invalid frame ID "robot_odom" passed to canTransform argument fixed_frame - frame does not exist
[hdl_localization_node-1]          at line 95 in ./src/buffer_core.cpp
[hdl_localization_node-1] Warning: Invalid frame ID "robot_odom" passed to canTransform argument fixed_frame - frame does not exist
[hdl_localization_node-1]          at line 95 in ./src/buffer_core.cpp
[hdl_localization_node-1] Warning: Invalid frame ID "robot_odom" passed to canTransform argument fixed_frame - frame does not exist
[hdl_localization_node-1]          at line 95 in ./src/buffer_core.cpp
[hdl_localization_node-1] Warning: Invalid frame ID "robot_odom" passed to canTransform argument fixed_frame - frame does not exist
[hdl_localization_node-1]          at line 95 in ./src/buffer_core.cpp
[hdl_localization_node-1] Warning: Invalid frame ID "robot_odom" passed to canTransform argument fixed_frame - frame does not exist
[hdl_localization_node-1]          at line 95 in ./src/buffer_core.cpp
[hdl_localization_node-1] Warning: Invalid frame ID "robot_odom" passed to canTransform argument fixed_frame - frame does not exist
[hdl_localization_node-1]          at line 95 in ./src/buffer_core.cpp
[hdl_localization_node-1] Warning: Invalid frame ID "robot_odom" passed to canTransform argument fixed_frame - frame does not exist
[hdl_localization_node-1]          at line 95 in ./src/buffer_core.cpp
[hdl_localization_node-1] Warning: Invalid frame ID "robot_odom" passed to canTransform argument fixed_frame - frame does not exist
[hdl_localization_node-1]          at line 95 in ./src/buffer_core.cpp
[hdl_localization_node-1] Warning: Invalid frame ID "robot_odom" passed to canTransform argument fixed_frame - frame does not exist
[hdl_localization_node-1]          at line 95 in ./src/buffer_core.cpp
[hdl_localization_node-1] Warning: Invalid frame ID "robot_odom" passed to canTransform argument fixed_frame - frame does not exist
[hdl_localization_node-1]          at line 95 in ./src/buffer_core.cpp
[hdl_localization_node-1] Warning: Invalid frame ID "robot_odom" passed to canTransform argument fixed_frame - frame does not exist
[hdl_localization_node-1]          at line 95 in ./src/buffer_core.cpp
[hdl_localization_node-1] Warning: Invalid frame ID "robot_odom" passed to canTransform argument fixed_frame - frame does not exist
[hdl_localization_node-1]          at line 95 in ./src/buffer_core.cpp
[hdl_localization_node-1] Warning: Invalid frame ID "robot_odom" passed to canTransform argument fixed_frame - frame does not exist
[hdl_localization_node-1]          at line 95 in ./src/buffer_core.cpp
[hdl_localization_node-1] Warning: Invalid frame ID "robot_odom" passed to canTransform argument fixed_frame - frame does not exist
[hdl_localization_node-1]          at line 95 in ./src/buffer_core.cpp
[hdl_localization_node-1] Warning: Invalid frame ID "robot_odom" passed to canTransform argument fixed_frame - frame does not exist
[hdl_localization_node-1]          at line 95 in ./src/buffer_core.cpp
[hdl_localization_node-1] Warning: Invalid frame ID "robot_odom" passed to canTransform argument fixed_frame - frame does not exist
[hdl_localization_node-1]          at line 95 in ./src/buffer_core.cpp
[hdl_localization_node-1] Warning: Invalid frame ID "robot_odom" passed to canTransform argument fixed_frame - frame does not exist
[hdl_localization_node-1]          at line 95 in ./src/buffer_core.cpp
[hdl_localization_node-1] Warning: Invalid frame ID "robot_odom" passed to canTransform argument fixed_frame - frame does not exist
[hdl_localization_node-1]          at line 95 in ./src/buffer_core.cpp
[hdl_localization_node-1] Warning: Invalid frame ID "robot_odom" passed to canTransform argument fixed_frame - frame does not exist
[hdl_localization_node-1]          at line 95 in ./src/buffer_core.cpp
[hdl_localization_node-1] Warning: Invalid frame ID "robot_odom" passed to canTransform argument fixed_frame - frame does not exist
[hdl_localization_node-1]          at line 95 in ./src/buffer_core.cpp
[hdl_localization_node-1] Warning: Invalid frame ID "robot_odom" passed to canTransform argument fixed_frame - frame does not exist
[hdl_localization_node-1]          at line 95 in ./src/buffer_core.cpp
[hdl_localization_node-1] Warning: Invalid frame ID "robot_odom" passed to canTransform argument fixed_frame - frame does not exist
[hdl_localization_node-1]          at line 95 in ./src/buffer_core.cpp
[hdl_localization_node-1] Warning: Invalid frame ID "robot_odom" passed to canTransform argument fixed_frame - frame does not exist
[hdl_localization_node-1]          at line 95 in ./src/buffer_core.cpp
[hdl_localization_node-1] Warning: Invalid frame ID "robot_odom" passed to canTransform argument fixed_frame - frame does not exist
[hdl_localization_node-1]          at line 95 in ./src/buffer_core.cpp
[hdl_localization_node-1] Warning: Invalid frame ID "robot_odom" passed to canTransform argument fixed_frame - frame does not exist
[hdl_localization_node-1]          at line 95 in ./src/buffer_core.cpp
[hdl_localization_node-1] Warning: Invalid frame ID "robot_odom" passed to canTransform argument fixed_frame - frame does not exist
[hdl_localization_node-1]          at line 95 in ./src/buffer_core.cpp
[hdl_localization_node-1] Warning: Invalid frame ID "robot_odom" passed to canTransform argument fixed_frame - frame does not exist
[hdl_localization_node-1]          at line 95 in ./src/buffer_core.cpp
[hdl_localization_node-1] Warning: Invalid frame ID "robot_odom" passed to canTransform argument fixed_frame - frame does not exist
[hdl_localization_node-1]          at line 95 in ./src/buffer_core.cpp
[hdl_localization_node-1] Warning: Invalid frame ID "robot_odom" passed to canTransform argument fixed_frame - frame does not exist
[hdl_localization_node-1]          at line 95 in ./src/buffer_core.cpp
[hdl_localization_node-1] Warning: Invalid frame ID "robot_odom" passed to canTransform argument fixed_frame - frame does not exist
[hdl_localization_node-1]          at line 95 in ./src/buffer_core.cpp
[hdl_localization_node-1] Warning: Invalid frame ID "robot_odom" passed to canTransform argument fixed_frame - frame does not exist
[hdl_localization_node-1]          at line 95 in ./src/buffer_core.cpp
[hdl_localization_node-1] Warning: Invalid frame ID "robot_odom" passed to canTransform argument fixed_frame - frame does not exist
[hdl_localization_node-1]          at line 95 in ./src/buffer_core.cpp
[hdl_localization_node-1] Warning: Invalid frame ID "robot_odom" passed to canTransform argument fixed_frame - frame does not exist
[hdl_localization_node-1]          at line 95 in ./src/buffer_core.cpp
[hdl_localization_node-1] Warning: Invalid frame ID "robot_odom" passed to canTransform argument fixed_frame - frame does not exist
[hdl_localization_node-1]          at line 95 in ./src/buffer_core.cpp
[hdl_localization_node-1] Warning: Invalid frame ID "robot_odom" passed to canTransform argument fixed_frame - frame does not exist
[hdl_localization_node-1]          at line 95 in ./src/buffer_core.cpp
[hdl_localization_node-1] Warning: Invalid frame ID "robot_odom" passed to canTransform argument fixed_frame - frame does not exist
[hdl_localization_node-1]          at line 95 in ./src/buffer_core.cpp
[hdl_localization_node-1] Warning: Invalid frame ID "robot_odom" passed to canTransform argument fixed_frame - frame does not exist
[hdl_localization_node-1]          at line 95 in ./src/buffer_core.cpp
[hdl_localization_node-1] Warning: Invalid frame ID "robot_odom" passed to canTransform argument fixed_frame - frame does not exist
[hdl_localization_node-1]          at line 95 in ./src/buffer_core.cpp
[hdl_localization_node-1] Warning: Invalid frame ID "robot_odom" passed to canTransform argument fixed_frame - frame does not exist
[hdl_localization_node-1]          at line 95 in ./src/buffer_core.cpp
[hdl_localization_node-1] Warning: Invalid frame ID "robot_odom" passed to canTransform argument fixed_frame - frame does not exist
[hdl_localization_node-1]          at line 95 in ./src/buffer_core.cpp
[hdl_localization_node-1] Warning: Invalid frame ID "robot_odom" passed to canTransform argument fixed_frame - frame does not exist
[hdl_localization_node-1]          at line 95 in ./src/buffer_core.cpp
[hdl_localization_node-1] Warning: Invalid frame ID "robot_odom" passed to canTransform argument fixed_frame - frame does not exist
[hdl_localization_node-1]          at line 95 in ./src/buffer_core.cpp
[hdl_localization_node-1] Warning: Invalid frame ID "robot_odom" passed to canTransform argument fixed_frame - frame does not exist
[hdl_localization_node-1]          at line 95 in ./src/buffer_core.cpp
[hdl_localization_node-1] Warning: Invalid frame ID "robot_odom" passed to canTransform argument fixed_frame - frame does not exist
[hdl_localization_node-1]          at line 95 in ./src/buffer_core.cpp
[hdl_localization_node-1] Warning: Invalid frame ID "robot_odom" passed to canTransform argument fixed_frame - frame does not exist
[hdl_localization_node-1]          at line 95 in ./src/buffer_core.cpp
[hdl_localization_node-1] Warning: Invalid frame ID "robot_odom" passed to canTransform argument fixed_frame - frame does not exist
[hdl_localization_node-1]          at line 95 in ./src/buffer_core.cpp
[hdl_localization_node-1] Warning: Invalid frame ID "robot_odom" passed to canTransform argument fixed_frame - frame does not exist
[hdl_localization_node-1]          at line 95 in ./src/buffer_core.cpp
[hdl_localization_node-1] Warning: Invalid frame ID "robot_odom" passed to canTransform argument fixed_frame - frame does not exist
[hdl_localization_node-1]          at line 95 in ./src/buffer_core.cpp
[hdl_localization_node-1] Warning: Invalid frame ID "robot_odom" passed to canTransform argument fixed_frame - frame does not exist
[hdl_localization_node-1]          at line 95 in ./src/buffer_core.cpp
[hdl_localization_node-1] Warning: Invalid frame ID "robot_odom" passed to canTransform argument fixed_frame - frame does not exist
[hdl_localization_node-1]          at line 95 in ./src/buffer_core.cpp
[hdl_localization_node-1] Warning: Invalid frame ID "robot_odom" passed to canTransform argument fixed_frame - frame does not exist
[hdl_localization_node-1]          at line 95 in ./src/buffer_core.cpp
[hdl_localization_node-1] Warning: Invalid frame ID "robot_odom" passed to canTransform argument fixed_frame - frame does not exist
[hdl_localization_node-1]          at line 95 in ./src/buffer_core.cpp
[hdl_localization_node-1] Warning: Invalid frame ID "robot_odom" passed to canTransform argument fixed_frame - frame does not exist
[hdl_localization_node-1]          at line 95 in ./src/buffer_core.cpp
[hdl_localization_node-1] Warning: Invalid frame ID "robot_odom" passed to canTransform argument fixed_frame - frame does not exist
[hdl_localization_node-1]          at line 95 in ./src/buffer_core.cpp
[hdl_localization_node-1] Warning: Invalid frame ID "robot_odom" passed to canTransform argument fixed_frame - frame does not exist
[hdl_localization_node-1]          at line 95 in ./src/buffer_core.cpp
[hdl_localization_node-1] Warning: Invalid frame ID "robot_odom" passed to canTransform argument fixed_frame - frame does not exist
[hdl_localization_node-1]          at line 95 in ./src/buffer_core.cpp
[hdl_localization_node-1] Warning: Invalid frame ID "robot_odom" passed to canTransform argument fixed_frame - frame does not exist
[hdl_localization_node-1]          at line 95 in ./src/buffer_core.cpp
[hdl_localization_node-1] Warning: Invalid frame ID "robot_odom" passed to canTransform argument fixed_frame - frame does not exist
[hdl_localization_node-1]          at line 95 in ./src/buffer_core.cpp
[hdl_localization_node-1] Warning: Invalid frame ID "robot_odom" passed to canTransform argument fixed_frame - frame does not exist
[hdl_localization_node-1]          at line 95 in ./src/buffer_core.cpp
[hdl_localization_node-1] Warning: Invalid frame ID "robot_odom" passed to canTransform argument fixed_frame - frame does not exist
[hdl_localization_node-1]          at line 95 in ./src/buffer_core.cpp
[hdl_localization_node-1] Warning: Invalid frame ID "robot_odom" passed to canTransform argument fixed_frame - frame does not exist
[hdl_localization_node-1]          at line 95 in ./src/buffer_core.cpp
[hdl_localization_node-1] Warning: Invalid frame ID "robot_odom" passed to canTransform argument fixed_frame - frame does not exist
[hdl_localization_node-1]          at line 95 in ./src/buffer_core.cpp
[hdl_localization_node-1] Warning: Invalid frame ID "robot_odom" passed to canTransform argument fixed_frame - frame does not exist
[hdl_localization_node-1]          at line 95 in ./src/buffer_core.cpp
[hdl_localization_node-1] Warning: Invalid frame ID "robot_odom" passed to canTransform argument fixed_frame - frame does not exist
[hdl_localization_node-1]          at line 95 in ./src/buffer_core.cpp
[hdl_localization_node-1] Warning: Invalid frame ID "robot_odom" passed to canTransform argument fixed_frame - frame does not exist
[hdl_localization_node-1]          at line 95 in ./src/buffer_core.cpp
[hdl_localization_node-1] Warning: Invalid frame ID "robot_odom" passed to canTransform argument fixed_frame - frame does not exist
[hdl_localization_node-1]          at line 95 in ./src/buffer_core.cpp
[hdl_localization_node-1] Warning: Invalid frame ID "robot_odom" passed to canTransform argument fixed_frame - frame does not exist
[hdl_localization_node-1]          at line 95 in ./src/buffer_core.cpp
[hdl_localization_node-1] Warning: Invalid frame ID "robot_odom" passed to canTransform argument fixed_frame - frame does not exist
[hdl_localization_node-1]          at line 95 in ./src/buffer_core.cpp
[hdl_localization_node-1] Warning: Invalid frame ID "robot_odom" passed to canTransform argument fixed_frame - frame does not exist
[hdl_localization_node-1]          at line 95 in ./src/buffer_core.cpp
[hdl_localization_node-1] Warning: Invalid frame ID "robot_odom" passed to canTransform argument fixed_frame - frame does not exist
[hdl_localization_node-1]          at line 95 in ./src/buffer_core.cpp
[hdl_localization_node-1] Warning: Invalid frame ID "robot_odom" passed to canTransform argument fixed_frame - frame does not exist
[hdl_localization_node-1]          at line 95 in ./src/buffer_core.cpp
[hdl_localization_node-1] Warning: Invalid frame ID "robot_odom" passed to canTransform argument fixed_frame - frame does not exist
[hdl_localization_node-1]          at line 95 in ./src/buffer_core.cpp
[hdl_localization_node-1] Warning: Invalid frame ID "robot_odom" passed to canTransform argument fixed_frame - frame does not exist
[hdl_localization_node-1]          at line 95 in ./src/buffer_core.cpp
[hdl_localization_node-1] Warning: Invalid frame ID "robot_odom" passed to canTransform argument fixed_frame - frame does not exist
[hdl_localization_node-1]          at line 95 in ./src/buffer_core.cpp
[hdl_localization_node-1] Warning: Invalid frame ID "robot_odom" passed to canTransform argument fixed_frame - frame does not exist
[hdl_localization_node-1]          at line 95 in ./src/buffer_core.cpp
[hdl_localization_node-1] Warning: Invalid frame ID "robot_odom" passed to canTransform argument fixed_frame - frame does not exist
[hdl_localization_node-1]          at line 95 in ./src/buffer_core.cpp
[hdl_localization_node-1] Warning: Invalid frame ID "robot_odom" passed to canTransform argument fixed_frame - frame does not exist
[hdl_localization_node-1]          at line 95 in ./src/buffer_core.cpp
[hdl_localization_node-1] Warning: Invalid frame ID "robot_odom" passed to canTransform argument fixed_frame - frame does not exist
[hdl_localization_node-1]          at line 95 in ./src/buffer_core.cpp
[hdl_localization_node-1] Warning: Invalid frame ID "robot_odom" passed to canTransform argument fixed_frame - frame does not exist
[hdl_localization_node-1]          at line 95 in ./src/buffer_core.cpp
[hdl_localization_node-1] Warning: Invalid frame ID "robot_odom" passed to canTransform argument fixed_frame - frame does not exist
[hdl_localization_node-1]          at line 95 in ./src/buffer_core.cpp
[hdl_localization_node-1] Warning: Invalid frame ID "robot_odom" passed to canTransform argument fixed_frame - frame does not exist
[hdl_localization_node-1]          at line 95 in ./src/buffer_core.cpp
[hdl_localization_node-1] Warning: Invalid frame ID "robot_odom" passed to canTransform argument fixed_frame - frame does not exist
[hdl_localization_node-1]          at line 95 in ./src/buffer_core.cpp
[hdl_localization_node-1] Warning: Invalid frame ID "robot_odom" passed to canTransform argument fixed_frame - frame does not exist
[hdl_localization_node-1]          at line 95 in ./src/buffer_core.cpp
[hdl_localization_node-1] Warning: Invalid frame ID "robot_odom" passed to canTransform argument fixed_frame - frame does not exist
[hdl_localization_node-1]          at line 95 in ./src/buffer_core.cpp
[hdl_localization_node-1] Warning: Invalid frame ID "robot_odom" passed to canTransform argument fixed_frame - frame does not exist
[hdl_localization_node-1]          at line 95 in ./src/buffer_core.cpp
[hdl_localization_node-1] Warning: Invalid frame ID "robot_odom" passed to canTransform argument fixed_frame - frame does not exist
[hdl_localization_node-1]          at line 95 in ./src/buffer_core.cpp
[hdl_localization_node-1] Warning: Invalid frame ID "robot_odom" passed to canTransform argument fixed_frame - frame does not exist
[hdl_localization_node-1]          at line 95 in ./src/buffer_core.cpp
[hdl_localization_node-1] Warning: Invalid frame ID "robot_odom" passed to canTransform argument fixed_frame - frame does not exist
[hdl_localization_node-1]          at line 95 in ./src/buffer_core.cpp
[hdl_localization_node-1] Warning: Invalid frame ID "robot_odom" passed to canTransform argument fixed_frame - frame does not exist
[hdl_localization_node-1]          at line 95 in ./src/buffer_core.cpp
[hdl_localization_node-1] Warning: Invalid frame ID "robot_odom" passed to canTransform argument fixed_frame - frame does not exist
[hdl_localization_node-1]          at line 95 in ./src/buffer_core.cpp
[hdl_localization_node-1] Warning: Invalid frame ID "robot_odom" passed to canTransform argument fixed_frame - frame does not exist
[hdl_localization_node-1]          at line 95 in ./src/buffer_core.cpp
[hdl_localization_node-1] Warning: Invalid frame ID "robot_odom" passed to canTransform argument fixed_frame - frame does not exist
[hdl_localization_node-1]          at line 95 in ./src/buffer_core.cpp
[hdl_localization_node-1] Warning: Invalid frame ID "robot_odom" passed to canTransform argument fixed_frame - frame does not exist
[hdl_localization_node-1]          at line 95 in ./src/buffer_core.cpp
[hdl_localization_node-1] Warning: Invalid frame ID "robot_odom" passed to canTransform argument fixed_frame - frame does not exist
[hdl_localization_node-1]          at line 95 in ./src/buffer_core.cpp
[hdl_localization_node-1] Warning: Invalid frame ID "robot_odom" passed to canTransform argument fixed_frame - frame does not exist
[hdl_localization_node-1]          at line 95 in ./src/buffer_core.cpp
[hdl_localization_node-1] Warning: Invalid frame ID "robot_odom" passed to canTransform argument fixed_frame - frame does not exist
[hdl_localization_node-1]          at line 95 in ./src/buffer_core.cpp
[hdl_localization_node-1] Warning: Invalid frame ID "robot_odom" passed to canTransform argument fixed_frame - frame does not exist
[hdl_localization_node-1]          at line 95 in ./src/buffer_core.cpp
[hdl_localization_node-1] Warning: Invalid frame ID "robot_odom" passed to canTransform argument fixed_frame - frame does not exist
[hdl_localization_node-1]          at line 95 in ./src/buffer_core.cpp
[hdl_localization_node-1] Warning: Invalid frame ID "robot_odom" passed to canTransform argument fixed_frame - frame does not exist
[hdl_localization_node-1]          at line 95 in ./src/buffer_core.cpp
[hdl_localization_node-1] Warning: Invalid frame ID "robot_odom" passed to canTransform argument fixed_frame - frame does not exist
[hdl_localization_node-1]          at line 95 in ./src/buffer_core.cpp
[hdl_localization_node-1] Warning: Invalid frame ID "robot_odom" passed to canTransform argument fixed_frame - frame does not exist
[hdl_localization_node-1]          at line 95 in ./src/buffer_core.cpp
[hdl_localization_node-1] Warning: Invalid frame ID "robot_odom" passed to canTransform argument fixed_frame - frame does not exist
[hdl_localization_node-1]          at line 95 in ./src/buffer_core.cpp
[hdl_localization_node-1] Warning: Invalid frame ID "robot_odom" passed to canTransform argument fixed_frame - frame does not exist
[hdl_localization_node-1]          at line 95 in ./src/buffer_core.cpp
[hdl_localization_node-1] Warning: Invalid frame ID "robot_odom" passed to canTransform argument fixed_frame - frame does not exist
[hdl_localization_node-1]          at line 95 in ./src/buffer_core.cpp
[hdl_localization_node-1] Warning: Invalid frame ID "robot_odom" passed to canTransform argument fixed_frame - frame does not exist
[hdl_localization_node-1]          at line 95 in ./src/buffer_core.cpp
[hdl_localization_node-1] Warning: Invalid frame ID "robot_odom" passed to canTransform argument fixed_frame - frame does not exist
[hdl_localization_node-1]          at line 95 in ./src/buffer_core.cpp
[hdl_localization_node-1] Warning: Invalid frame ID "robot_odom" passed to canTransform argument fixed_frame - frame does not exist
[hdl_localization_node-1]          at line 95 in ./src/buffer_core.cpp
[hdl_localization_node-1] Warning: Invalid frame ID "robot_odom" passed to canTransform argument fixed_frame - frame does not exist
[hdl_localization_node-1]          at line 95 in ./src/buffer_core.cpp
[hdl_localization_node-1] Warning: Invalid frame ID "robot_odom" passed to canTransform argument fixed_frame - frame does not exist
[hdl_localization_node-1]          at line 95 in ./src/buffer_core.cpp
[hdl_localization_node-1] Warning: Invalid frame ID "robot_odom" passed to canTransform argument fixed_frame - frame does not exist
[hdl_localization_node-1]          at line 95 in ./src/buffer_core.cpp
[hdl_localization_node-1] Warning: Invalid frame ID "robot_odom" passed to canTransform argument fixed_frame - frame does not exist
[hdl_localization_node-1]          at line 95 in ./src/buffer_core.cpp
[hdl_localization_node-1] Warning: Invalid frame ID "robot_odom" passed to canTransform argument fixed_frame - frame does not exist
[hdl_localization_node-1]          at line 95 in ./src/buffer_core.cpp
[hdl_localization_node-1] Warning: Invalid frame ID "robot_odom" passed to canTransform argument fixed_frame - frame does not exist
[hdl_localization_node-1]          at line 95 in ./src/buffer_core.cpp
[hdl_localization_node-1] Warning: Invalid frame ID "robot_odom" passed to canTransform argument fixed_frame - frame does not exist
[hdl_localization_node-1]          at line 95 in ./src/buffer_core.cpp
[hdl_localization_node-1] Warning: Invalid frame ID "robot_odom" passed to canTransform argument fixed_frame - frame does not exist
[hdl_localization_node-1]          at line 95 in ./src/buffer_core.cpp
[hdl_localization_node-1] Warning: Invalid frame ID "robot_odom" passed to canTransform argument fixed_frame - frame does not exist
[hdl_localization_node-1]          at line 95 in ./src/buffer_core.cpp
[hdl_localization_node-1] Warning: Invalid frame ID "robot_odom" passed to canTransform argument fixed_frame - frame does not exist
[hdl_localization_node-1]          at line 95 in ./src/buffer_core.cpp
[hdl_localization_node-1] Warning: Invalid frame ID "robot_odom" passed to canTransform argument fixed_frame - frame does not exist
[hdl_localization_node-1]          at line 95 in ./src/buffer_core.cpp
[hdl_localization_node-1] Warning: Invalid frame ID "robot_odom" passed to canTransform argument fixed_frame - frame does not exist
[hdl_localization_node-1]          at line 95 in ./src/buffer_core.cpp
[hdl_localization_node-1] Warning: Invalid frame ID "robot_odom" passed to canTransform argument fixed_frame - frame does not exist
[hdl_localization_node-1]          at line 95 in ./src/buffer_core.cpp
[hdl_localization_node-1] Warning: Invalid frame ID "robot_odom" passed to canTransform argument fixed_frame - frame does not exist
[hdl_localization_node-1]          at line 95 in ./src/buffer_core.cpp
[hdl_localization_node-1] Warning: Invalid frame ID "robot_odom" passed to canTransform argument fixed_frame - frame does not exist
[hdl_localization_node-1]          at line 95 in ./src/buffer_core.cpp
[hdl_localization_node-1] Warning: Invalid frame ID "robot_odom" passed to canTransform argument fixed_frame - frame does not exist
[hdl_localization_node-1]          at line 95 in ./src/buffer_core.cpp
[hdl_localization_node-1] Warning: Invalid frame ID "robot_odom" passed to canTransform argument fixed_frame - frame does not exist
[hdl_localization_node-1]          at line 95 in ./src/buffer_core.cpp
[hdl_localization_node-1] Warning: Invalid frame ID "robot_odom" passed to canTransform argument fixed_frame - frame does not exist
[hdl_localization_node-1]          at line 95 in ./src/buffer_core.cpp
[hdl_localization_node-1] Warning: Invalid frame ID "robot_odom" passed to canTransform argument fixed_frame - frame does not exist
[hdl_localization_node-1]          at line 95 in ./src/buffer_core.cpp
[hdl_localization_node-1] Warning: Invalid frame ID "robot_odom" passed to canTransform argument fixed_frame - frame does not exist
[hdl_localization_node-1]          at line 95 in ./src/buffer_core.cpp
[hdl_localization_node-1] Warning: Invalid frame ID "robot_odom" passed to canTransform argument fixed_frame - frame does not exist
[hdl_localization_node-1]          at line 95 in ./src/buffer_core.cpp
[hdl_localization_node-1] Warning: Invalid frame ID "robot_odom" passed to canTransform argument fixed_frame - frame does not exist
[hdl_localization_node-1]          at line 95 in ./src/buffer_core.cpp
[hdl_localization_node-1] Warning: Invalid frame ID "robot_odom" passed to canTransform argument fixed_frame - frame does not exist
[hdl_localization_node-1]          at line 95 in ./src/buffer_core.cpp
[hdl_localization_node-1] Warning: Invalid frame ID "robot_odom" passed to canTransform argument fixed_frame - frame does not exist
[hdl_localization_node-1]          at line 95 in ./src/buffer_core.cpp
[hdl_localization_node-1] Warning: Invalid frame ID "robot_odom" passed to canTransform argument fixed_frame - frame does not exist
[hdl_localization_node-1]          at line 95 in ./src/buffer_core.cpp
[hdl_localization_node-1] Warning: Invalid frame ID "robot_odom" passed to canTransform argument fixed_frame - frame does not exist
[hdl_localization_node-1]          at line 95 in ./src/buffer_core.cpp
[hdl_localization_node-1] Warning: Invalid frame ID "robot_odom" passed to canTransform argument fixed_frame - frame does not exist
[hdl_localization_node-1]          at line 95 in ./src/buffer_core.cpp
[hdl_localization_node-1] Warning: Invalid frame ID "robot_odom" passed to canTransform argument fixed_frame - frame does not exist
[hdl_localization_node-1]          at line 95 in ./src/buffer_core.cpp
[hdl_localization_node-1] Warning: Invalid frame ID "robot_odom" passed to canTransform argument fixed_frame - frame does not exist
[hdl_localization_node-1]          at line 95 in ./src/buffer_core.cpp
[hdl_localization_node-1] Warning: Invalid frame ID "robot_odom" passed to canTransform argument fixed_frame - frame does not exist
[hdl_localization_node-1]          at line 95 in ./src/buffer_core.cpp
[hdl_localization_node-1] Warning: Invalid frame ID "robot_odom" passed to canTransform argument fixed_frame - frame does not exist
[hdl_localization_node-1]          at line 95 in ./src/buffer_core.cpp
[hdl_localization_node-1] Warning: Invalid frame ID "robot_odom" passed to canTransform argument fixed_frame - frame does not exist
[hdl_localization_node-1]          at line 95 in ./src/buffer_core.cpp
[hdl_localization_node-1] Warning: Invalid frame ID "robot_odom" passed to canTransform argument fixed_frame - frame does not exist
[hdl_localization_node-1]          at line 95 in ./src/buffer_core.cpp
[hdl_localization_node-1] Warning: Invalid frame ID "robot_odom" passed to canTransform argument fixed_frame - frame does not exist
[hdl_localization_node-1]          at line 95 in ./src/buffer_core.cpp
[hdl_localization_node-1] Warning: Invalid frame ID "robot_odom" passed to canTransform argument fixed_frame - frame does not exist
[hdl_localization_node-1]          at line 95 in ./src/buffer_core.cpp
[hdl_localization_node-1] Warning: Invalid frame ID "robot_odom" passed to canTransform argument fixed_frame - frame does not exist
[hdl_localization_node-1]          at line 95 in ./src/buffer_core.cpp
[hdl_localization_node-1] Warning: Invalid frame ID "robot_odom" passed to canTransform argument fixed_frame - frame does not exist
[hdl_localization_node-1]          at line 95 in ./src/buffer_core.cpp
[hdl_localization_node-1] Warning: Invalid frame ID "robot_odom" passed to canTransform argument fixed_frame - frame does not exist
[hdl_localization_node-1]          at line 95 in ./src/buffer_core.cpp
[hdl_localization_node-1] Warning: Invalid frame ID "robot_odom" passed to canTransform argument fixed_frame - frame does not exist
[hdl_localization_node-1]          at line 95 in ./src/buffer_core.cpp
[hdl_localization_node-1] Warning: Invalid frame ID "robot_odom" passed to canTransform argument fixed_frame - frame does not exist
[hdl_localization_node-1]          at line 95 in ./src/buffer_core.cpp
[hdl_localization_node-1] Warning: Invalid frame ID "robot_odom" passed to canTransform argument fixed_frame - frame does not exist
[hdl_localization_node-1]          at line 95 in ./src/buffer_core.cpp
[hdl_localization_node-1] Warning: Invalid frame ID "robot_odom" passed to canTransform argument fixed_frame - frame does not exist
[hdl_localization_node-1]          at line 95 in ./src/buffer_core.cpp
[hdl_localization_node-1] Warning: Invalid frame ID "robot_odom" passed to canTransform argument fixed_frame - frame does not exist
[hdl_localization_node-1]          at line 95 in ./src/buffer_core.cpp
[hdl_localization_node-1] Warning: Invalid frame ID "robot_odom" passed to canTransform argument fixed_frame - frame does not exist
[hdl_localization_node-1]          at line 95 in ./src/buffer_core.cpp
[hdl_localization_node-1] Warning: Invalid frame ID "robot_odom" passed to canTransform argument fixed_frame - frame does not exist
[hdl_localization_node-1]          at line 95 in ./src/buffer_core.cpp
[hdl_localization_node-1] Warning: Invalid frame ID "robot_odom" passed to canTransform argument fixed_frame - frame does not exist
[hdl_localization_node-1]          at line 95 in ./src/buffer_core.cpp
[hdl_localization_node-1] Warning: Invalid frame ID "robot_odom" passed to canTransform argument fixed_frame - frame does not exist
[hdl_localization_node-1]          at line 95 in ./src/buffer_core.cpp
[hdl_localization_node-1] Warning: Invalid frame ID "robot_odom" passed to canTransform argument fixed_frame - frame does not exist
[hdl_localization_node-1]          at line 95 in ./src/buffer_core.cpp
[hdl_localization_node-1] Warning: Invalid frame ID "robot_odom" passed to canTransform argument fixed_frame - frame does not exist
[hdl_localization_node-1]          at line 95 in ./src/buffer_core.cpp
[hdl_localization_node-1] Warning: Invalid frame ID "robot_odom" passed to canTransform argument fixed_frame - frame does not exist
[hdl_localization_node-1]          at line 95 in ./src/buffer_core.cpp
[hdl_localization_node-1] Warning: Invalid frame ID "robot_odom" passed to canTransform argument fixed_frame - frame does not exist
[hdl_localization_node-1]          at line 95 in ./src/buffer_core.cpp
[hdl_localization_node-1] Warning: Invalid frame ID "robot_odom" passed to canTransform argument fixed_frame - frame does not exist
[hdl_localization_node-1]          at line 95 in ./src/buffer_core.cpp
[hdl_localization_node-1] Warning: Invalid frame ID "robot_odom" passed to canTransform argument fixed_frame - frame does not exist
[hdl_localization_node-1]          at line 95 in ./src/buffer_core.cpp
[hdl_localization_node-1] Warning: Invalid frame ID "robot_odom" passed to canTransform argument fixed_frame - frame does not exist
[hdl_localization_node-1]          at line 95 in ./src/buffer_core.cpp
[hdl_localization_node-1] Warning: Invalid frame ID "robot_odom" passed to canTransform argument fixed_frame - frame does not exist
[hdl_localization_node-1]          at line 95 in ./src/buffer_core.cpp
[hdl_localization_node-1] Warning: Invalid frame ID "robot_odom" passed to canTransform argument fixed_frame - frame does not exist
[hdl_localization_node-1]          at line 95 in ./src/buffer_core.cpp
[hdl_localization_node-1] Warning: Invalid frame ID "robot_odom" passed to canTransform argument fixed_frame - frame does not exist
[hdl_localization_node-1]          at line 95 in ./src/buffer_core.cpp
[hdl_localization_node-1] Warning: Invalid frame ID "robot_odom" passed to canTransform argument fixed_frame - frame does not exist
[hdl_localization_node-1]          at line 95 in ./src/buffer_core.cpp
[hdl_localization_node-1] Warning: Invalid frame ID "robot_odom" passed to canTransform argument fixed_frame - frame does not exist
[hdl_localization_node-1]          at line 95 in ./src/buffer_core.cpp
[hdl_localization_node-1] Warning: Invalid frame ID "robot_odom" passed to canTransform argument fixed_frame - frame does not exist
[hdl_localization_node-1]          at line 95 in ./src/buffer_core.cpp
[hdl_localization_node-1] Warning: Invalid frame ID "robot_odom" passed to canTransform argument fixed_frame - frame does not exist
[hdl_localization_node-1]          at line 95 in ./src/buffer_core.cpp
[hdl_localization_node-1] Warning: Invalid frame ID "robot_odom" passed to canTransform argument fixed_frame - frame does not exist
[hdl_localization_node-1]          at line 95 in ./src/buffer_core.cpp
[hdl_localization_node-1] Warning: Invalid frame ID "robot_odom" passed to canTransform argument fixed_frame - frame does not exist
[hdl_localization_node-1]          at line 95 in ./src/buffer_core.cpp
[hdl_localization_node-1] Warning: Invalid frame ID "robot_odom" passed to canTransform argument fixed_frame - frame does not exist
[hdl_localization_node-1]          at line 95 in ./src/buffer_core.cpp
[hdl_localization_node-1] Warning: Invalid frame ID "robot_odom" passed to canTransform argument fixed_frame - frame does not exist
[hdl_localization_node-1]          at line 95 in ./src/buffer_core.cpp
[hdl_localization_node-1] Warning: Invalid frame ID "robot_odom" passed to canTransform argument fixed_frame - frame does not exist
[hdl_localization_node-1]          at line 95 in ./src/buffer_core.cpp
[hdl_localization_node-1] Warning: Invalid frame ID "robot_odom" passed to canTransform argument fixed_frame - frame does not exist
[hdl_localization_node-1]          at line 95 in ./src/buffer_core.cpp
[hdl_localization_node-1] Warning: Invalid frame ID "robot_odom" passed to canTransform argument fixed_frame - frame does not exist
[hdl_localization_node-1]          at line 95 in ./src/buffer_core.cpp
[hdl_localization_node-1] Warning: Invalid frame ID "robot_odom" passed to canTransform argument fixed_frame - frame does not exist
[hdl_localization_node-1]          at line 95 in ./src/buffer_core.cpp
[hdl_localization_node-1] Warning: Invalid frame ID "robot_odom" passed to canTransform argument fixed_frame - frame does not exist
[hdl_localization_node-1]          at line 95 in ./src/buffer_core.cpp
[hdl_localization_node-1] Warning: Invalid frame ID "robot_odom" passed to canTransform argument fixed_frame - frame does not exist
[hdl_localization_node-1]          at line 95 in ./src/buffer_core.cpp
[hdl_localization_node-1] Warning: Invalid frame ID "robot_odom" passed to canTransform argument fixed_frame - frame does not exist
[hdl_localization_node-1]          at line 95 in ./src/buffer_core.cpp
[hdl_localization_node-1] Warning: Invalid frame ID "robot_odom" passed to canTransform argument fixed_frame - frame does not exist
[hdl_localization_node-1]          at line 95 in ./src/buffer_core.cpp
[hdl_localization_node-1] Warning: Invalid frame ID "robot_odom" passed to canTransform argument fixed_frame - frame does not exist
[hdl_localization_node-1]          at line 95 in ./src/buffer_core.cpp
[hdl_localization_node-1] Warning: Invalid frame ID "robot_odom" passed to canTransform argument fixed_frame - frame does not exist
[hdl_localization_node-1]          at line 95 in ./src/buffer_core.cpp
[hdl_localization_node-1] Warning: Invalid frame ID "robot_odom" passed to canTransform argument fixed_frame - frame does not exist
[hdl_localization_node-1]          at line 95 in ./src/buffer_core.cpp
[hdl_localization_node-1] Warning: Invalid frame ID "robot_odom" passed to canTransform argument fixed_frame - frame does not exist
[hdl_localization_node-1]          at line 95 in ./src/buffer_core.cpp
[hdl_localization_node-1] Warning: Invalid frame ID "robot_odom" passed to canTransform argument fixed_frame - frame does not exist
[hdl_localization_node-1]          at line 95 in ./src/buffer_core.cpp
[hdl_localization_node-1] Warning: Invalid frame ID "robot_odom" passed to canTransform argument fixed_frame - frame does not exist
[hdl_localization_node-1]          at line 95 in ./src/buffer_core.cpp
[hdl_localization_node-1] Warning: Invalid frame ID "robot_odom" passed to canTransform argument fixed_frame - frame does not exist
[hdl_localization_node-1]          at line 95 in ./src/buffer_core.cpp
[hdl_localization_node-1] Warning: Invalid frame ID "robot_odom" passed to canTransform argument fixed_frame - frame does not exist
[hdl_localization_node-1]          at line 95 in ./src/buffer_core.cpp
[hdl_localization_node-1] Warning: Invalid frame ID "robot_odom" passed to canTransform argument fixed_frame - frame does not exist
[hdl_localization_node-1]          at line 95 in ./src/buffer_core.cpp
[hdl_localization_node-1] Warning: Invalid frame ID "robot_odom" passed to canTransform argument fixed_frame - frame does not exist
[hdl_localization_node-1]          at line 95 in ./src/buffer_core.cpp
[hdl_localization_node-1] Warning: Invalid frame ID "robot_odom" passed to canTransform argument fixed_frame - frame does not exist
[hdl_localization_node-1]          at line 95 in ./src/buffer_core.cpp
[hdl_localization_node-1] Warning: Invalid frame ID "robot_odom" passed to canTransform argument fixed_frame - frame does not exist
[hdl_localization_node-1]          at line 95 in ./src/buffer_core.cpp
[hdl_localization_node-1] Warning: Invalid frame ID "robot_odom" passed to canTransform argument fixed_frame - frame does not exist
[hdl_localization_node-1]          at line 95 in ./src/buffer_core.cpp
[hdl_localization_node-1] Warning: Invalid frame ID "robot_odom" passed to canTransform argument fixed_frame - frame does not exist
[hdl_localization_node-1]          at line 95 in ./src/buffer_core.cpp
[hdl_localization_node-1] Warning: Invalid frame ID "robot_odom" passed to canTransform argument fixed_frame - frame does not exist
[hdl_localization_node-1]          at line 95 in ./src/buffer_core.cpp
[hdl_localization_node-1] Warning: Invalid frame ID "robot_odom" passed to canTransform argument fixed_frame - frame does not exist
[hdl_localization_node-1]          at line 95 in ./src/buffer_core.cpp
[hdl_localization_node-1] Warning: Invalid frame ID "robot_odom" passed to canTransform argument fixed_frame - frame does not exist
[hdl_localization_node-1]          at line 95 in ./src/buffer_core.cpp
[hdl_localization_node-1] Warning: Invalid frame ID "robot_odom" passed to canTransform argument fixed_frame - frame does not exist
[hdl_localization_node-1]          at line 95 in ./src/buffer_core.cpp
[hdl_localization_node-1] Warning: Invalid frame ID "robot_odom" passed to canTransform argument fixed_frame - frame does not exist
[hdl_localization_node-1]          at line 95 in ./src/buffer_core.cpp
[hdl_localization_node-1] Warning: Invalid frame ID "robot_odom" passed to canTransform argument fixed_frame - frame does not exist
[hdl_localization_node-1]          at line 95 in ./src/buffer_core.cpp
[hdl_localization_node-1] Warning: Invalid frame ID "robot_odom" passed to canTransform argument fixed_frame - frame does not exist
[hdl_localization_node-1]          at line 95 in ./src/buffer_core.cpp
[hdl_localization_node-1] Warning: Invalid frame ID "robot_odom" passed to canTransform argument fixed_frame - frame does not exist
[hdl_localization_node-1]          at line 95 in ./src/buffer_core.cpp
[hdl_localization_node-1] Warning: Invalid frame ID "robot_odom" passed to canTransform argument fixed_frame - frame does not exist
[hdl_localization_node-1]          at line 95 in ./src/buffer_core.cpp
[hdl_localization_node-1] Warning: Invalid frame ID "robot_odom" passed to canTransform argument fixed_frame - frame does not exist
[hdl_localization_node-1]          at line 95 in ./src/buffer_core.cpp
[hdl_localization_node-1] Warning: Invalid frame ID "robot_odom" passed to canTransform argument fixed_frame - frame does not exist
[hdl_localization_node-1]          at line 95 in ./src/buffer_core.cpp
[hdl_localization_node-1] Warning: Invalid frame ID "robot_odom" passed to canTransform argument fixed_frame - frame does not exist
[hdl_localization_node-1]          at line 95 in ./src/buffer_core.cpp
[hdl_localization_node-1] Warning: Invalid frame ID "robot_odom" passed to canTransform argument fixed_frame - frame does not exist
[hdl_localization_node-1]          at line 95 in ./src/buffer_core.cpp
[hdl_localization_node-1] Warning: Invalid frame ID "robot_odom" passed to canTransform argument fixed_frame - frame does not exist
[hdl_localization_node-1]          at line 95 in ./src/buffer_core.cpp
[hdl_localization_node-1] Warning: Invalid frame ID "robot_odom" passed to canTransform argument fixed_frame - frame does not exist
[hdl_localization_node-1]          at line 95 in ./src/buffer_core.cpp
[hdl_localization_node-1] Warning: Invalid frame ID "robot_odom" passed to canTransform argument fixed_frame - frame does not exist
[hdl_localization_node-1]          at line 95 in ./src/buffer_core.cpp
[hdl_localization_node-1] Warning: Invalid frame ID "robot_odom" passed to canTransform argument fixed_frame - frame does not exist
[hdl_localization_node-1]          at line 95 in ./src/buffer_core.cpp
[hdl_localization_node-1] Warning: Invalid frame ID "robot_odom" passed to canTransform argument fixed_frame - frame does not exist
[hdl_localization_node-1]          at line 95 in ./src/buffer_core.cpp
[hdl_localization_node-1] Warning: Invalid frame ID "robot_odom" passed to canTransform argument fixed_frame - frame does not exist
[hdl_localization_node-1]          at line 95 in ./src/buffer_core.cpp
[hdl_localization_node-1] Warning: Invalid frame ID "robot_odom" passed to canTransform argument fixed_frame - frame does not exist
[hdl_localization_node-1]          at line 95 in ./src/buffer_core.cpp
[hdl_localization_node-1] Warning: Invalid frame ID "robot_odom" passed to canTransform argument fixed_frame - frame does not exist
[hdl_localization_node-1]          at line 95 in ./src/buffer_core.cpp
[hdl_localization_node-1] Warning: Invalid frame ID "robot_odom" passed to canTransform argument fixed_frame - frame does not exist
[hdl_localization_node-1]          at line 95 in ./src/buffer_core.cpp
[hdl_localization_node-1] Warning: Invalid frame ID "robot_odom" passed to canTransform argument fixed_frame - frame does not exist
[hdl_localization_node-1]          at line 95 in ./src/buffer_core.cpp
[hdl_localization_node-1] Warning: Invalid frame ID "robot_odom" passed to canTransform argument fixed_frame - frame does not exist
[hdl_localization_node-1]          at line 95 in ./src/buffer_core.cpp
[hdl_localization_node-1] Warning: Invalid frame ID "robot_odom" passed to canTransform argument fixed_frame - frame does not exist
[hdl_localization_node-1]          at line 95 in ./src/buffer_core.cpp
[hdl_localization_node-1] Warning: Invalid frame ID "robot_odom" passed to canTransform argument fixed_frame - frame does not exist
[hdl_localization_node-1]          at line 95 in ./src/buffer_core.cpp
[hdl_localization_node-1] Warning: Invalid frame ID "robot_odom" passed to canTransform argument fixed_frame - frame does not exist
[hdl_localization_node-1]          at line 95 in ./src/buffer_core.cpp
[hdl_localization_node-1] Warning: Invalid frame ID "robot_odom" passed to canTransform argument fixed_frame - frame does not exist
[hdl_localization_node-1]          at line 95 in ./src/buffer_core.cpp
[hdl_localization_node-1] Warning: Invalid frame ID "robot_odom" passed to canTransform argument fixed_frame - frame does not exist
[hdl_localization_node-1]          at line 95 in ./src/buffer_core.cpp
[hdl_localization_node-1] Warning: Invalid frame ID "robot_odom" passed to canTransform argument fixed_frame - frame does not exist
[hdl_localization_node-1]          at line 95 in ./src/buffer_core.cpp
[hdl_localization_node-1] Warning: Invalid frame ID "robot_odom" passed to canTransform argument fixed_frame - frame does not exist
[hdl_localization_node-1]          at line 95 in ./src/buffer_core.cpp
[hdl_localization_node-1] Warning: Invalid frame ID "robot_odom" passed to canTransform argument fixed_frame - frame does not exist
[hdl_localization_node-1]          at line 95 in ./src/buffer_core.cpp
[hdl_localization_node-1] Warning: Invalid frame ID "robot_odom" passed to canTransform argument fixed_frame - frame does not exist
[hdl_localization_node-1]          at line 95 in ./src/buffer_core.cpp
[hdl_localization_node-1] Warning: Invalid frame ID "robot_odom" passed to canTransform argument fixed_frame - frame does not exist
[hdl_localization_node-1]          at line 95 in ./src/buffer_core.cpp
[hdl_localization_node-1] Warning: Invalid frame ID "robot_odom" passed to canTransform argument fixed_frame - frame does not exist
[hdl_localization_node-1]          at line 95 in ./src/buffer_core.cpp
[hdl_localization_node-1] Warning: Invalid frame ID "robot_odom" passed to canTransform argument fixed_frame - frame does not exist
[hdl_localization_node-1]          at line 95 in ./src/buffer_core.cpp
[hdl_localization_node-1] Warning: Invalid frame ID "robot_odom" passed to canTransform argument fixed_frame - frame does not exist
[hdl_localization_node-1]          at line 95 in ./src/buffer_core.cpp
[hdl_localization_node-1] Warning: Invalid frame ID "robot_odom" passed to canTransform argument fixed_frame - frame does not exist
[hdl_localization_node-1]          at line 95 in ./src/buffer_core.cpp
[hdl_localization_node-1] Warning: Invalid frame ID "robot_odom" passed to canTransform argument fixed_frame - frame does not exist
[hdl_localization_node-1]          at line 95 in ./src/buffer_core.cpp
[hdl_localization_node-1] Warning: Invalid frame ID "robot_odom" passed to canTransform argument fixed_frame - frame does not exist
[hdl_localization_node-1]          at line 95 in ./src/buffer_core.cpp
[hdl_localization_node-1] Warning: Invalid frame ID "robot_odom" passed to canTransform argument fixed_frame - frame does not exist
[hdl_localization_node-1]          at line 95 in ./src/buffer_core.cpp
[hdl_localization_node-1] Warning: Invalid frame ID "robot_odom" passed to canTransform argument fixed_frame - frame does not exist
[hdl_localization_node-1]          at line 95 in ./src/buffer_core.cpp
[hdl_localization_node-1] Warning: Invalid frame ID "robot_odom" passed to canTransform argument fixed_frame - frame does not exist
[hdl_localization_node-1]          at line 95 in ./src/buffer_core.cpp
[hdl_localization_node-1] Warning: Invalid frame ID "robot_odom" passed to canTransform argument fixed_frame - frame does not exist
[hdl_localization_node-1]          at line 95 in ./src/buffer_core.cpp
[hdl_localization_node-1] Warning: Invalid frame ID "robot_odom" passed to canTransform argument fixed_frame - frame does not exist
[hdl_localization_node-1]          at line 95 in ./src/buffer_core.cpp
[hdl_localization_node-1] Warning: Invalid frame ID "robot_odom" passed to canTransform argument fixed_frame - frame does not exist
[hdl_localization_node-1]          at line 95 in ./src/buffer_core.cpp
[hdl_localization_node-1] Warning: Invalid frame ID "robot_odom" passed to canTransform argument fixed_frame - frame does not exist
[hdl_localization_node-1]          at line 95 in ./src/buffer_core.cpp
[hdl_localization_node-1] Warning: Invalid frame ID "robot_odom" passed to canTransform argument fixed_frame - frame does not exist
[hdl_localization_node-1]          at line 95 in ./src/buffer_core.cpp
[hdl_localization_node-1] Warning: Invalid frame ID "robot_odom" passed to canTransform argument fixed_frame - frame does not exist
[hdl_localization_node-1]          at line 95 in ./src/buffer_core.cpp
[hdl_localization_node-1] Warning: Invalid frame ID "robot_odom" passed to canTransform argument fixed_frame - frame does not exist
[hdl_localization_node-1]          at line 95 in ./src/buffer_core.cpp
[hdl_localization_node-1] Warning: Invalid frame ID "robot_odom" passed to canTransform argument fixed_frame - frame does not exist
[hdl_localization_node-1]          at line 95 in ./src/buffer_core.cpp
[hdl_localization_node-1] Warning: Invalid frame ID "robot_odom" passed to canTransform argument fixed_frame - frame does not exist
[hdl_localization_node-1]          at line 95 in ./src/buffer_core.cpp
[hdl_localization_node-1] Warning: Invalid frame ID "robot_odom" passed to canTransform argument fixed_frame - frame does not exist
[hdl_localization_node-1]          at line 95 in ./src/buffer_core.cpp
[hdl_localization_node-1] Warning: Invalid frame ID "robot_odom" passed to canTransform argument fixed_frame - frame does not exist
[hdl_localization_node-1]          at line 95 in ./src/buffer_core.cpp
[hdl_localization_node-1] Warning: Invalid frame ID "robot_odom" passed to canTransform argument fixed_frame - frame does not exist
[hdl_localization_node-1]          at line 95 in ./src/buffer_core.cpp
[hdl_localization_node-1] Warning: Invalid frame ID "robot_odom" passed to canTransform argument fixed_frame - frame does not exist
[hdl_localization_node-1]          at line 95 in ./src/buffer_core.cpp
[hdl_localization_node-1] Warning: Invalid frame ID "robot_odom" passed to canTransform argument fixed_frame - frame does not exist
[hdl_localization_node-1]          at line 95 in ./src/buffer_core.cpp
[hdl_localization_node-1] Warning: Invalid frame ID "robot_odom" passed to canTransform argument fixed_frame - frame does not exist
[hdl_localization_node-1]          at line 95 in ./src/buffer_core.cpp
[hdl_localization_node-1] Warning: Invalid frame ID "robot_odom" passed to canTransform argument fixed_frame - frame does not exist
[hdl_localization_node-1]          at line 95 in ./src/buffer_core.cpp
[hdl_localization_node-1] Warning: Invalid frame ID "robot_odom" passed to canTransform argument fixed_frame - frame does not exist
[hdl_localization_node-1]          at line 95 in ./src/buffer_core.cpp
[hdl_localization_node-1] Warning: Invalid frame ID "robot_odom" passed to canTransform argument fixed_frame - frame does not exist
[hdl_localization_node-1]          at line 95 in ./src/buffer_core.cpp
[hdl_localization_node-1] Warning: Invalid frame ID "robot_odom" passed to canTransform argument fixed_frame - frame does not exist
[hdl_localization_node-1]          at line 95 in ./src/buffer_core.cpp
[hdl_localization_node-1] Warning: Invalid frame ID "robot_odom" passed to canTransform argument fixed_frame - frame does not exist
[hdl_localization_node-1]          at line 95 in ./src/buffer_core.cpp
[hdl_localization_node-1] Warning: Invalid frame ID "robot_odom" passed to canTransform argument fixed_frame - frame does not exist
[hdl_localization_node-1]          at line 95 in ./src/buffer_core.cpp
[hdl_localization_node-1] Warning: Invalid frame ID "robot_odom" passed to canTransform argument fixed_frame - frame does not exist
[hdl_localization_node-1]          at line 95 in ./src/buffer_core.cpp
[hdl_localization_node-1] Warning: Invalid frame ID "robot_odom" passed to canTransform argument fixed_frame - frame does not exist
[hdl_localization_node-1]          at line 95 in ./src/buffer_core.cpp
[hdl_localization_node-1] Warning: Invalid frame ID "robot_odom" passed to canTransform argument fixed_frame - frame does not exist
[hdl_localization_node-1]          at line 95 in ./src/buffer_core.cpp
[hdl_localization_node-1] Warning: Invalid frame ID "robot_odom" passed to canTransform argument fixed_frame - frame does not exist
[hdl_localization_node-1]          at line 95 in ./src/buffer_core.cpp
[hdl_localization_node-1] Warning: Invalid frame ID "robot_odom" passed to canTransform argument fixed_frame - frame does not exist
[hdl_localization_node-1]          at line 95 in ./src/buffer_core.cpp
[hdl_localization_node-1] Warning: Invalid frame ID "robot_odom" passed to canTransform argument fixed_frame - frame does not exist
[hdl_localization_node-1]          at line 95 in ./src/buffer_core.cpp
[hdl_localization_node-1] Warning: Invalid frame ID "robot_odom" passed to canTransform argument fixed_frame - frame does not exist
[hdl_localization_node-1]          at line 95 in ./src/buffer_core.cpp
[hdl_localization_node-1] Warning: Invalid frame ID "robot_odom" passed to canTransform argument fixed_frame - frame does not exist
[hdl_localization_node-1]          at line 95 in ./src/buffer_core.cpp
[hdl_localization_node-1] Warning: Invalid frame ID "robot_odom" passed to canTransform argument fixed_frame - frame does not exist
[hdl_localization_node-1]          at line 95 in ./src/buffer_core.cpp
[hdl_localization_node-1] Warning: Invalid frame ID "robot_odom" passed to canTransform argument fixed_frame - frame does not exist
[hdl_localization_node-1]          at line 95 in ./src/buffer_core.cpp
[hdl_localization_node-1] Warning: Invalid frame ID "robot_odom" passed to canTransform argument fixed_frame - frame does not exist
[hdl_localization_node-1]          at line 95 in ./src/buffer_core.cpp
[hdl_localization_node-1] Warning: Invalid frame ID "robot_odom" passed to canTransform argument fixed_frame - frame does not exist
[hdl_localization_node-1]          at line 95 in ./src/buffer_core.cpp
[hdl_localization_node-1] Warning: Invalid frame ID "robot_odom" passed to canTransform argument fixed_frame - frame does not exist
[hdl_localization_node-1]          at line 95 in ./src/buffer_core.cpp
[hdl_localization_node-1] Warning: Invalid frame ID "robot_odom" passed to canTransform argument fixed_frame - frame does not exist
[hdl_localization_node-1]          at line 95 in ./src/buffer_core.cpp
[hdl_localization_node-1] Warning: Invalid frame ID "robot_odom" passed to canTransform argument fixed_frame - frame does not exist
[hdl_localization_node-1]          at line 95 in ./src/buffer_core.cpp
[hdl_localization_node-1] Warning: Invalid frame ID "robot_odom" passed to canTransform argument fixed_frame - frame does not exist
[hdl_localization_node-1]          at line 95 in ./src/buffer_core.cpp
[hdl_localization_node-1] Warning: Invalid frame ID "robot_odom" passed to canTransform argument fixed_frame - frame does not exist
[hdl_localization_node-1]          at line 95 in ./src/buffer_core.cpp
[hdl_localization_node-1] Warning: Invalid frame ID "robot_odom" passed to canTransform argument fixed_frame - frame does not exist
[hdl_localization_node-1]          at line 95 in ./src/buffer_core.cpp
[hdl_localization_node-1] Warning: Invalid frame ID "robot_odom" passed to canTransform argument fixed_frame - frame does not exist
[hdl_localization_node-1]          at line 95 in ./src/buffer_core.cpp
[hdl_localization_node-1] Warning: Invalid frame ID "robot_odom" passed to canTransform argument fixed_frame - frame does not exist
[hdl_localization_node-1]          at line 95 in ./src/buffer_core.cpp
[hdl_localization_node-1] Warning: Invalid frame ID "robot_odom" passed to canTransform argument fixed_frame - frame does not exist
[hdl_localization_node-1]          at line 95 in ./src/buffer_core.cpp
[hdl_localization_node-1] Warning: Invalid frame ID "robot_odom" passed to canTransform argument fixed_frame - frame does not exist
[hdl_localization_node-1]          at line 95 in ./src/buffer_core.cpp
[hdl_localization_node-1] Warning: Invalid frame ID "robot_odom" passed to canTransform argument fixed_frame - frame does not exist
[hdl_localization_node-1]          at line 95 in ./src/buffer_core.cpp
[hdl_localization_node-1] Warning: Invalid frame ID "robot_odom" passed to canTransform argument fixed_frame - frame does not exist
[hdl_localization_node-1]          at line 95 in ./src/buffer_core.cpp
[hdl_localization_node-1] Warning: Invalid frame ID "robot_odom" passed to canTransform argument fixed_frame - frame does not exist
[hdl_localization_node-1]          at line 95 in ./src/buffer_core.cpp
[hdl_localization_node-1] Warning: Invalid frame ID "robot_odom" passed to canTransform argument fixed_frame - frame does not exist
[hdl_localization_node-1]          at line 95 in ./src/buffer_core.cpp
[hdl_localization_node-1] Warning: Invalid frame ID "robot_odom" passed to canTransform argument fixed_frame - frame does not exist
[hdl_localization_node-1]          at line 95 in ./src/buffer_core.cpp
[hdl_localization_node-1] Warning: Invalid frame ID "robot_odom" passed to canTransform argument fixed_frame - frame does not exist
[hdl_localization_node-1]          at line 95 in ./src/buffer_core.cpp
[hdl_localization_node-1] Warning: Invalid frame ID "robot_odom" passed to canTransform argument fixed_frame - frame does not exist
[hdl_localization_node-1]          at line 95 in ./src/buffer_core.cpp
[hdl_localization_node-1] Warning: Invalid frame ID "robot_odom" passed to canTransform argument fixed_frame - frame does not exist
[hdl_localization_node-1]          at line 95 in ./src/buffer_core.cpp
[hdl_localization_node-1] Warning: Invalid frame ID "robot_odom" passed to canTransform argument fixed_frame - frame does not exist
[hdl_localization_node-1]          at line 95 in ./src/buffer_core.cpp
[hdl_localization_node-1] Warning: Invalid frame ID "robot_odom" passed to canTransform argument fixed_frame - frame does not exist
[hdl_localization_node-1]          at line 95 in ./src/buffer_core.cpp
>>> bag done
[hdl_localization_node-1] Warning: Invalid frame ID "robot_odom" passed to canTransform argument fixed_frame - frame does not exist
[hdl_localization_node-1]          at line 95 in ./src/buffer_core.cpp
[hdl_localization_node-1] Warning: Invalid frame ID "robot_odom" passed to canTransform argument fixed_frame - frame does not exist
[hdl_localization_node-1]          at line 95 in ./src/buffer_core.cpp
[hdl_localization_node-1] Warning: Invalid frame ID "robot_odom" passed to canTransform argument fixed_frame - frame does not exist
[hdl_localization_node-1]          at line 95 in ./src/buffer_core.cpp
[hdl_localization_node-1] Warning: Invalid frame ID "robot_odom" passed to canTransform argument fixed_frame - frame does not exist
[hdl_localization_node-1]          at line 95 in ./src/buffer_core.cpp
[hdl_localization_node-1] Warning: Invalid frame ID "robot_odom" passed to canTransform argument fixed_frame - frame does not exist
[hdl_localization_node-1]          at line 95 in ./src/buffer_core.cpp
[hdl_localization_node-1] Warning: Invalid frame ID "robot_odom" passed to canTransform argument fixed_frame - frame does not exist
[hdl_localization_node-1]          at line 95 in ./src/buffer_core.cpp
[hdl_localization_node-1] Warning: Invalid frame ID "robot_odom" passed to canTransform argument fixed_frame - frame does not exist
[hdl_localization_node-1]          at line 95 in ./src/buffer_core.cpp
[hdl_localization_node-1] Warning: Invalid frame ID "robot_odom" passed to canTransform argument fixed_frame - frame does not exist
[hdl_localization_node-1]          at line 95 in ./src/buffer_core.cpp
[hdl_localization_node-1] Warning: Invalid frame ID "robot_odom" passed to canTransform argument fixed_frame - frame does not exist
[hdl_localization_node-1]          at line 95 in ./src/buffer_core.cpp
[hdl_localization_node-1] Warning: Invalid frame ID "robot_odom" passed to canTransform argument fixed_frame - frame does not exist
[hdl_localization_node-1]          at line 95 in ./src/buffer_core.cpp
[hdl_localization_node-1] Warning: Invalid frame ID "robot_odom" passed to canTransform argument fixed_frame - frame does not exist
[hdl_localization_node-1]          at line 95 in ./src/buffer_core.cpp
[hdl_localization_node-1] Warning: Invalid frame ID "robot_odom" passed to canTransform argument fixed_frame - frame does not exist
[hdl_localization_node-1]          at line 95 in ./src/buffer_core.cpp
[hdl_localization_node-1] Warning: Invalid frame ID "robot_odom" passed to canTransform argument fixed_frame - frame does not exist
[hdl_localization_node-1]          at line 95 in ./src/buffer_core.cpp
[hdl_localization_node-1] Warning: Invalid frame ID "robot_odom" passed to canTransform argument fixed_frame - frame does not exist
[hdl_localization_node-1]          at line 95 in ./src/buffer_core.cpp
[hdl_localization_node-1] Warning: Invalid frame ID "robot_odom" passed to canTransform argument fixed_frame - frame does not exist
[hdl_localization_node-1]          at line 95 in ./src/buffer_core.cpp
[hdl_localization_node-1] Warning: Invalid frame ID "robot_odom" passed to canTransform argument fixed_frame - frame does not exist
[hdl_localization_node-1]          at line 95 in ./src/buffer_core.cpp
[hdl_localization_node-1] Warning: Invalid frame ID "robot_odom" passed to canTransform argument fixed_frame - frame does not exist
[hdl_localization_node-1]          at line 95 in ./src/buffer_core.cpp
[hdl_localization_node-1] Warning: Invalid frame ID "robot_odom" passed to canTransform argument fixed_frame - frame does not exist
[hdl_localization_node-1]          at line 95 in ./src/buffer_core.cpp
[hdl_localization_node-1] Warning: Invalid frame ID "robot_odom" passed to canTransform argument fixed_frame - frame does not exist
[hdl_localization_node-1]          at line 95 in ./src/buffer_core.cpp
[hdl_localization_node-1] Warning: Invalid frame ID "robot_odom" passed to canTransform argument fixed_frame - frame does not exist
[hdl_localization_node-1]          at line 95 in ./src/buffer_core.cpp
[hdl_localization_node-1] Warning: Invalid frame ID "robot_odom" passed to canTransform argument fixed_frame - frame does not exist
[hdl_localization_node-1]          at line 95 in ./src/buffer_core.cpp
[hdl_localization_node-1] Warning: Invalid frame ID "robot_odom" passed to canTransform argument fixed_frame - frame does not exist
[hdl_localization_node-1]          at line 95 in ./src/buffer_core.cpp
[hdl_localization_node-1] Warning: Invalid frame ID "robot_odom" passed to canTransform argument fixed_frame - frame does not exist
[hdl_localization_node-1]          at line 95 in ./src/buffer_core.cpp
[hdl_localization_node-1] Warning: Invalid frame ID "robot_odom" passed to canTransform argument fixed_frame - frame does not exist
[hdl_localization_node-1]          at line 95 in ./src/buffer_core.cpp
[hdl_localization_node-1] Warning: Invalid frame ID "robot_odom" passed to canTransform argument fixed_frame - frame does not exist
[hdl_localization_node-1]          at line 95 in ./src/buffer_core.cpp
[hdl_localization_node-1] Warning: Invalid frame ID "robot_odom" passed to canTransform argument fixed_frame - frame does not exist
[hdl_localization_node-1]          at line 95 in ./src/buffer_core.cpp
[hdl_localization_node-1] Warning: Invalid frame ID "robot_odom" passed to canTransform argument fixed_frame - frame does not exist
[hdl_localization_node-1]          at line 95 in ./src/buffer_core.cpp
[hdl_localization_node-1] Warning: Invalid frame ID "robot_odom" passed to canTransform argument fixed_frame - frame does not exist
[hdl_localization_node-1]          at line 95 in ./src/buffer_core.cpp
[hdl_localization_node-1] Warning: Invalid frame ID "robot_odom" passed to canTransform argument fixed_frame - frame does not exist
[hdl_localization_node-1]          at line 95 in ./src/buffer_core.cpp
[hdl_localization_node-1] Warning: Invalid frame ID "robot_odom" passed to canTransform argument fixed_frame - frame does not exist
[hdl_localization_node-1]          at line 95 in ./src/buffer_core.cpp
[hdl_localization_node-1] Warning: Invalid frame ID "robot_odom" passed to canTransform argument fixed_frame - frame does not exist
[hdl_localization_node-1]          at line 95 in ./src/buffer_core.cpp
[hdl_localization_node-1] Warning: Invalid frame ID "robot_odom" passed to canTransform argument fixed_frame - frame does not exist
[hdl_localization_node-1]          at line 95 in ./src/buffer_core.cpp
[hdl_localization_node-1] Warning: Invalid frame ID "robot_odom" passed to canTransform argument fixed_frame - frame does not exist
[hdl_localization_node-1]          at line 95 in ./src/buffer_core.cpp
[hdl_localization_node-1] Warning: Invalid frame ID "robot_odom" passed to canTransform argument fixed_frame - frame does not exist
[hdl_localization_node-1]          at line 95 in ./src/buffer_core.cpp
[hdl_localization_node-1] Warning: Invalid frame ID "robot_odom" passed to canTransform argument fixed_frame - frame does not exist
[hdl_localization_node-1]          at line 95 in ./src/buffer_core.cpp
[hdl_localization_node-1] Warning: Invalid frame ID "robot_odom" passed to canTransform argument fixed_frame - frame does not exist
[hdl_localization_node-1]          at line 95 in ./src/buffer_core.cpp
[hdl_localization_node-1] Warning: Invalid frame ID "robot_odom" passed to canTransform argument fixed_frame - frame does not exist
[hdl_localization_node-1]          at line 95 in ./src/buffer_core.cpp
[hdl_localization_node-1] Warning: Invalid frame ID "robot_odom" passed to canTransform argument fixed_frame - frame does not exist
[hdl_localization_node-1]          at line 95 in ./src/buffer_core.cpp
[hdl_localization_node-1] Warning: Invalid frame ID "robot_odom" passed to canTransform argument fixed_frame - frame does not exist
[hdl_localization_node-1]          at line 95 in ./src/buffer_core.cpp
[hdl_localization_node-1] Warning: Invalid frame ID "robot_odom" passed to canTransform argument fixed_frame - frame does not exist
[hdl_localization_node-1]          at line 95 in ./src/buffer_core.cpp
[hdl_localization_node-1] Warning: Invalid frame ID "robot_odom" passed to canTransform argument fixed_frame - frame does not exist
[hdl_localization_node-1]          at line 95 in ./src/buffer_core.cpp
[hdl_localization_node-1] Warning: Invalid frame ID "robot_odom" passed to canTransform argument fixed_frame - frame does not exist
[hdl_localization_node-1]          at line 95 in ./src/buffer_core.cpp
[hdl_localization_node-1] Warning: Invalid frame ID "robot_odom" passed to canTransform argument fixed_frame - frame does not exist
[hdl_localization_node-1]          at line 95 in ./src/buffer_core.cpp
[hdl_localization_node-1] Warning: Invalid frame ID "robot_odom" passed to canTransform argument fixed_frame - frame does not exist
[hdl_localization_node-1]          at line 95 in ./src/buffer_core.cpp
[hdl_localization_node-1] Warning: Invalid frame ID "robot_odom" passed to canTransform argument fixed_frame - frame does not exist
[hdl_localization_node-1]          at line 95 in ./src/buffer_core.cpp
[hdl_localization_node-1] Warning: Invalid frame ID "robot_odom" passed to canTransform argument fixed_frame - frame does not exist
[hdl_localization_node-1]          at line 95 in ./src/buffer_core.cpp
[hdl_localization_node-1] Warning: Invalid frame ID "robot_odom" passed to canTransform argument fixed_frame - frame does not exist
[hdl_localization_node-1]          at line 95 in ./src/buffer_core.cpp
[hdl_localization_node-1] Warning: Invalid frame ID "robot_odom" passed to canTransform argument fixed_frame - frame does not exist
[hdl_localization_node-1]          at line 95 in ./src/buffer_core.cpp
[hdl_localization_node-1] Warning: Invalid frame ID "robot_odom" passed to canTransform argument fixed_frame - frame does not exist
[hdl_localization_node-1]          at line 95 in ./src/buffer_core.cpp
[hdl_localization_node-1] Warning: Invalid frame ID "robot_odom" passed to canTransform argument fixed_frame - frame does not exist
[hdl_localization_node-1]          at line 95 in ./src/buffer_core.cpp
[hdl_localization_node-1] Warning: Invalid frame ID "robot_odom" passed to canTransform argument fixed_frame - frame does not exist
[hdl_localization_node-1]          at line 95 in ./src/buffer_core.cpp
[hdl_localization_node-1] Warning: Invalid frame ID "robot_odom" passed to canTransform argument fixed_frame - frame does not exist
[hdl_localization_node-1]          at line 95 in ./src/buffer_core.cpp
[hdl_localization_node-1] Warning: Invalid frame ID "robot_odom" passed to canTransform argument fixed_frame - frame does not exist
[hdl_localization_node-1]          at line 95 in ./src/buffer_core.cpp
[hdl_localization_node-1] Warning: Invalid frame ID "robot_odom" passed to canTransform argument fixed_frame - frame does not exist
[hdl_localization_node-1]          at line 95 in ./src/buffer_core.cpp
[hdl_localization_node-1] Warning: Invalid frame ID "robot_odom" passed to canTransform argument fixed_frame - frame does not exist
[hdl_localization_node-1]          at line 95 in ./src/buffer_core.cpp
[hdl_localization_node-1] Warning: Invalid frame ID "robot_odom" passed to canTransform argument fixed_frame - frame does not exist
[hdl_localization_node-1]          at line 95 in ./src/buffer_core.cpp
[hdl_localization_node-1] Warning: Invalid frame ID "robot_odom" passed to canTransform argument fixed_frame - frame does not exist
[hdl_localization_node-1]          at line 95 in ./src/buffer_core.cpp
[hdl_localization_node-1] Warning: Invalid frame ID "robot_odom" passed to canTransform argument fixed_frame - frame does not exist
[hdl_localization_node-1]          at line 95 in ./src/buffer_core.cpp
[hdl_localization_node-1] Warning: Invalid frame ID "robot_odom" passed to canTransform argument fixed_frame - frame does not exist
[hdl_localization_node-1]          at line 95 in ./src/buffer_core.cpp
[hdl_localization_node-1] Warning: Invalid frame ID "robot_odom" passed to canTransform argument fixed_frame - frame does not exist
[hdl_localization_node-1]          at line 95 in ./src/buffer_core.cpp
[hdl_localization_node-1] Warning: Invalid frame ID "robot_odom" passed to canTransform argument fixed_frame - frame does not exist
[hdl_localization_node-1]          at line 95 in ./src/buffer_core.cpp
[hdl_localization_node-1] Warning: Invalid frame ID "robot_odom" passed to canTransform argument fixed_frame - frame does not exist
[hdl_localization_node-1]          at line 95 in ./src/buffer_core.cpp
[hdl_localization_node-1] Warning: Invalid frame ID "robot_odom" passed to canTransform argument fixed_frame - frame does not exist
[hdl_localization_node-1]          at line 95 in ./src/buffer_core.cpp
[hdl_localization_node-1] Warning: Invalid frame ID "robot_odom" passed to canTransform argument fixed_frame - frame does not exist
[hdl_localization_node-1]          at line 95 in ./src/buffer_core.cpp
[hdl_localization_node-1] Warning: Invalid frame ID "robot_odom" passed to canTransform argument fixed_frame - frame does not exist
[hdl_localization_node-1]          at line 95 in ./src/buffer_core.cpp
[hdl_localization_node-1] Warning: Invalid frame ID "robot_odom" passed to canTransform argument fixed_frame - frame does not exist
[hdl_localization_node-1]          at line 95 in ./src/buffer_core.cpp
[hdl_localization_node-1] Warning: Invalid frame ID "robot_odom" passed to canTransform argument fixed_frame - frame does not exist
[hdl_localization_node-1]          at line 95 in ./src/buffer_core.cpp
[hdl_localization_node-1] Warning: Invalid frame ID "robot_odom" passed to canTransform argument fixed_frame - frame does not exist
[hdl_localization_node-1]          at line 95 in ./src/buffer_core.cpp
[hdl_localization_node-1] Warning: Invalid frame ID "robot_odom" passed to canTransform argument fixed_frame - frame does not exist
[hdl_localization_node-1]          at line 95 in ./src/buffer_core.cpp
[hdl_localization_node-1] Warning: Invalid frame ID "robot_odom" passed to canTransform argument fixed_frame - frame does not exist
[hdl_localization_node-1]          at line 95 in ./src/buffer_core.cpp
[hdl_localization_node-1] Warning: Invalid frame ID "robot_odom" passed to canTransform argument fixed_frame - frame does not exist
[hdl_localization_node-1]          at line 95 in ./src/buffer_core.cpp
[hdl_localization_node-1] Warning: Invalid frame ID "robot_odom" passed to canTransform argument fixed_frame - frame does not exist
[hdl_localization_node-1]          at line 95 in ./src/buffer_core.cpp
[hdl_localization_node-1] Warning: Invalid frame ID "robot_odom" passed to canTransform argument fixed_frame - frame does not exist
[hdl_localization_node-1]          at line 95 in ./src/buffer_core.cpp
[hdl_localization_node-1] Warning: Invalid frame ID "robot_odom" passed to canTransform argument fixed_frame - frame does not exist
[hdl_localization_node-1]          at line 95 in ./src/buffer_core.cpp
[hdl_localization_node-1] Warning: Invalid frame ID "robot_odom" passed to canTransform argument fixed_frame - frame does not exist
[hdl_localization_node-1]          at line 95 in ./src/buffer_core.cpp
[hdl_localization_node-1] Warning: Invalid frame ID "robot_odom" passed to canTransform argument fixed_frame - frame does not exist
[hdl_localization_node-1]          at line 95 in ./src/buffer_core.cpp
[hdl_localization_node-1] Warning: Invalid frame ID "robot_odom" passed to canTransform argument fixed_frame - frame does not exist
[hdl_localization_node-1]          at line 95 in ./src/buffer_core.cpp
[hdl_localization_node-1] Warning: Invalid frame ID "robot_odom" passed to canTransform argument fixed_frame - frame does not exist
[hdl_localization_node-1]          at line 95 in ./src/buffer_core.cpp
[hdl_localization_node-1] Warning: Invalid frame ID "robot_odom" passed to canTransform argument fixed_frame - frame does not exist
[hdl_localization_node-1]          at line 95 in ./src/buffer_core.cpp
[hdl_localization_node-1] Warning: Invalid frame ID "robot_odom" passed to canTransform argument fixed_frame - frame does not exist
[hdl_localization_node-1]          at line 95 in ./src/buffer_core.cpp
[hdl_localization_node-1] Warning: Invalid frame ID "robot_odom" passed to canTransform argument fixed_frame - frame does not exist
[hdl_localization_node-1]          at line 95 in ./src/buffer_core.cpp
[hdl_localization_node-1] Warning: Invalid frame ID "robot_odom" passed to canTransform argument fixed_frame - frame does not exist
[hdl_localization_node-1]          at line 95 in ./src/buffer_core.cpp
[hdl_localization_node-1] Warning: Invalid frame ID "robot_odom" passed to canTransform argument fixed_frame - frame does not exist
[hdl_localization_node-1]          at line 95 in ./src/buffer_core.cpp
[hdl_localization_node-1] Warning: Invalid frame ID "robot_odom" passed to canTransform argument fixed_frame - frame does not exist
[hdl_localization_node-1]          at line 95 in ./src/buffer_core.cpp
[hdl_localization_node-1] Warning: Invalid frame ID "robot_odom" passed to canTransform argument fixed_frame - frame does not exist
[hdl_localization_node-1]          at line 95 in ./src/buffer_core.cpp
[hdl_localization_node-1] Warning: Invalid frame ID "robot_odom" passed to canTransform argument fixed_frame - frame does not exist
[hdl_localization_node-1]          at line 95 in ./src/buffer_core.cpp
[hdl_localization_node-1] Warning: Invalid frame ID "robot_odom" passed to canTransform argument fixed_frame - frame does not exist
[hdl_localization_node-1]          at line 95 in ./src/buffer_core.cpp
[hdl_localization_node-1] Warning: Invalid frame ID "robot_odom" passed to canTransform argument fixed_frame - frame does not exist
[hdl_localization_node-1]          at line 95 in ./src/buffer_core.cpp
[hdl_localization_node-1] Warning: Invalid frame ID "robot_odom" passed to canTransform argument fixed_frame - frame does not exist
[hdl_localization_node-1]          at line 95 in ./src/buffer_core.cpp
[hdl_localization_node-1] Warning: Invalid frame ID "robot_odom" passed to canTransform argument fixed_frame - frame does not exist
[hdl_localization_node-1]          at line 95 in ./src/buffer_core.cpp
[hdl_localization_node-1] Warning: Invalid frame ID "robot_odom" passed to canTransform argument fixed_frame - frame does not exist
[hdl_localization_node-1]          at line 95 in ./src/buffer_core.cpp
[hdl_localization_node-1] Warning: Invalid frame ID "robot_odom" passed to canTransform argument fixed_frame - frame does not exist
[hdl_localization_node-1]          at line 95 in ./src/buffer_core.cpp
[hdl_localization_node-1] Warning: Invalid frame ID "robot_odom" passed to canTransform argument fixed_frame - frame does not exist
[hdl_localization_node-1]          at line 95 in ./src/buffer_core.cpp
[hdl_localization_node-1] Warning: Invalid frame ID "robot_odom" passed to canTransform argument fixed_frame - frame does not exist
[hdl_localization_node-1]          at line 95 in ./src/buffer_core.cpp
[hdl_localization_node-1] Warning: Invalid frame ID "robot_odom" passed to canTransform argument fixed_frame - frame does not exist
[hdl_localization_node-1]          at line 95 in ./src/buffer_core.cpp
[hdl_localization_node-1] Warning: Invalid frame ID "robot_odom" passed to canTransform argument fixed_frame - frame does not exist
[hdl_localization_node-1]          at line 95 in ./src/buffer_core.cpp
[hdl_localization_node-1] Warning: Invalid frame ID "robot_odom" passed to canTransform argument fixed_frame - frame does not exist
[hdl_localization_node-1]          at line 95 in ./src/buffer_core.cpp
[hdl_localization_node-1] Warning: Invalid frame ID "robot_odom" passed to canTransform argument fixed_frame - frame does not exist
[hdl_localization_node-1]          at line 95 in ./src/buffer_core.cpp
[hdl_localization_node-1] Warning: Invalid frame ID "robot_odom" passed to canTransform argument fixed_frame - frame does not exist
[hdl_localization_node-1]          at line 95 in ./src/buffer_core.cpp
[hdl_localization_node-1] Warning: Invalid frame ID "robot_odom" passed to canTransform argument fixed_frame - frame does not exist
[hdl_localization_node-1]          at line 95 in ./src/buffer_core.cpp
[hdl_localization_node-1] Warning: Invalid frame ID "robot_odom" passed to canTransform argument fixed_frame - frame does not exist
[hdl_localization_node-1]          at line 95 in ./src/buffer_core.cpp
[hdl_localization_node-1] Warning: Invalid frame ID "robot_odom" passed to canTransform argument fixed_frame - frame does not exist
[hdl_localization_node-1]          at line 95 in ./src/buffer_core.cpp
[hdl_localization_node-1] Warning: Invalid frame ID "robot_odom" passed to canTransform argument fixed_frame - frame does not exist
[hdl_localization_node-1]          at line 95 in ./src/buffer_core.cpp
[hdl_localization_node-1] Warning: Invalid frame ID "robot_odom" passed to canTransform argument fixed_frame - frame does not exist
[hdl_localization_node-1]          at line 95 in ./src/buffer_core.cpp
[hdl_localization_node-1] Warning: Invalid frame ID "robot_odom" passed to canTransform argument fixed_frame - frame does not exist
[hdl_localization_node-1]          at line 95 in ./src/buffer_core.cpp
[hdl_localization_node-1] Warning: Invalid frame ID "robot_odom" passed to canTransform argument fixed_frame - frame does not exist
[hdl_localization_node-1]          at line 95 in ./src/buffer_core.cpp
[hdl_localization_node-1] Warning: Invalid frame ID "robot_odom" passed to canTransform argument fixed_frame - frame does not exist
[hdl_localization_node-1]          at line 95 in ./src/buffer_core.cpp
[hdl_localization_node-1] Warning: Invalid frame ID "robot_odom" passed to canTransform argument fixed_frame - frame does not exist
[hdl_localization_node-1]          at line 95 in ./src/buffer_core.cpp
[hdl_localization_node-1] Warning: Invalid frame ID "robot_odom" passed to canTransform argument fixed_frame - frame does not exist
[hdl_localization_node-1]          at line 95 in ./src/buffer_core.cpp
[hdl_localization_node-1] Warning: Invalid frame ID "robot_odom" passed to canTransform argument fixed_frame - frame does not exist
[hdl_localization_node-1]          at line 95 in ./src/buffer_core.cpp
[hdl_localization_node-1] Warning: Invalid frame ID "robot_odom" passed to canTransform argument fixed_frame - frame does not exist
[hdl_localization_node-1]          at line 95 in ./src/buffer_core.cpp
[hdl_localization_node-1] Warning: Invalid frame ID "robot_odom" passed to canTransform argument fixed_frame - frame does not exist
[hdl_localization_node-1]          at line 95 in ./src/buffer_core.cpp
[hdl_localization_node-1] Warning: Invalid frame ID "robot_odom" passed to canTransform argument fixed_frame - frame does not exist
[hdl_localization_node-1]          at line 95 in ./src/buffer_core.cpp
[hdl_localization_node-1] Warning: Invalid frame ID "robot_odom" passed to canTransform argument fixed_frame - frame does not exist
[hdl_localization_node-1]          at line 95 in ./src/buffer_core.cpp
[hdl_localization_node-1] Warning: Invalid frame ID "robot_odom" passed to canTransform argument fixed_frame - frame does not exist
[hdl_localization_node-1]          at line 95 in ./src/buffer_core.cpp
[hdl_localization_node-1] Warning: Invalid frame ID "robot_odom" passed to canTransform argument fixed_frame - frame does not exist
[hdl_localization_node-1]          at line 95 in ./src/buffer_core.cpp
[hdl_localization_node-1] Warning: Invalid frame ID "robot_odom" passed to canTransform argument fixed_frame - frame does not exist
[hdl_localization_node-1]          at line 95 in ./src/buffer_core.cpp
[hdl_localization_node-1] Warning: Invalid frame ID "robot_odom" passed to canTransform argument fixed_frame - frame does not exist
[hdl_localization_node-1]          at line 95 in ./src/buffer_core.cpp
[hdl_localization_node-1] Warning: Invalid frame ID "robot_odom" passed to canTransform argument fixed_frame - frame does not exist
[hdl_localization_node-1]          at line 95 in ./src/buffer_core.cpp
[hdl_localization_node-1] Warning: Invalid frame ID "robot_odom" passed to canTransform argument fixed_frame - frame does not exist
[hdl_localization_node-1]          at line 95 in ./src/buffer_core.cpp
[hdl_localization_node-1] Warning: Invalid frame ID "robot_odom" passed to canTransform argument fixed_frame - frame does not exist
[hdl_localization_node-1]          at line 95 in ./src/buffer_core.cpp
[hdl_localization_node-1] Warning: Invalid frame ID "robot_odom" passed to canTransform argument fixed_frame - frame does not exist
[hdl_localization_node-1]          at line 95 in ./src/buffer_core.cpp
[hdl_localization_node-1] Warning: Invalid frame ID "robot_odom" passed to canTransform argument fixed_frame - frame does not exist
[hdl_localization_node-1]          at line 95 in ./src/buffer_core.cpp
[hdl_localization_node-1] Warning: Invalid frame ID "robot_odom" passed to canTransform argument fixed_frame - frame does not exist
[hdl_localization_node-1]          at line 95 in ./src/buffer_core.cpp
[hdl_localization_node-1] Warning: Invalid frame ID "robot_odom" passed to canTransform argument fixed_frame - frame does not exist
[hdl_localization_node-1]          at line 95 in ./src/buffer_core.cpp
[hdl_localization_node-1] Warning: Invalid frame ID "robot_odom" passed to canTransform argument fixed_frame - frame does not exist
[hdl_localization_node-1]          at line 95 in ./src/buffer_core.cpp
[hdl_localization_node-1] Warning: Invalid frame ID "robot_odom" passed to canTransform argument fixed_frame - frame does not exist
[hdl_localization_node-1]          at line 95 in ./src/buffer_core.cpp
[hdl_localization_node-1] Warning: Invalid frame ID "robot_odom" passed to canTransform argument fixed_frame - frame does not exist
[hdl_localization_node-1]          at line 95 in ./src/buffer_core.cpp
[hdl_localization_node-1] Warning: Invalid frame ID "robot_odom" passed to canTransform argument fixed_frame - frame does not exist
[hdl_localization_node-1]          at line 95 in ./src/buffer_core.cpp
[hdl_localization_node-1] Warning: Invalid frame ID "robot_odom" passed to canTransform argument fixed_frame - frame does not exist
[hdl_localization_node-1]          at line 95 in ./src/buffer_core.cpp
[hdl_localization_node-1] Warning: Invalid frame ID "robot_odom" passed to canTransform argument fixed_frame - frame does not exist
[hdl_localization_node-1]          at line 95 in ./src/buffer_core.cpp
[hdl_localization_node-1] Warning: Invalid frame ID "robot_odom" passed to canTransform argument fixed_frame - frame does not exist
[hdl_localization_node-1]          at line 95 in ./src/buffer_core.cpp
[hdl_localization_node-1] Warning: Invalid frame ID "robot_odom" passed to canTransform argument fixed_frame - frame does not exist
[hdl_localization_node-1]          at line 95 in ./src/buffer_core.cpp
[hdl_localization_node-1] Warning: Invalid frame ID "robot_odom" passed to canTransform argument fixed_frame - frame does not exist
[hdl_localization_node-1]          at line 95 in ./src/buffer_core.cpp
[hdl_localization_node-1] Warning: Invalid frame ID "robot_odom" passed to canTransform argument fixed_frame - frame does not exist
[hdl_localization_node-1]          at line 95 in ./src/buffer_core.cpp
[hdl_localization_node-1] Warning: Invalid frame ID "robot_odom" passed to canTransform argument fixed_frame - frame does not exist
[hdl_localization_node-1]          at line 95 in ./src/buffer_core.cpp
[hdl_localization_node-1] Warning: Invalid frame ID "robot_odom" passed to canTransform argument fixed_frame - frame does not exist
[hdl_localization_node-1]          at line 95 in ./src/buffer_core.cpp
[hdl_localization_node-1] Warning: Invalid frame ID "robot_odom" passed to canTransform argument fixed_frame - frame does not exist
[hdl_localization_node-1]          at line 95 in ./src/buffer_core.cpp
[hdl_localization_node-1] Warning: Invalid frame ID "robot_odom" passed to canTransform argument fixed_frame - frame does not exist
[hdl_localization_node-1]          at line 95 in ./src/buffer_core.cpp
[hdl_localization_node-1] Warning: Invalid frame ID "robot_odom" passed to canTransform argument fixed_frame - frame does not exist
[hdl_localization_node-1]          at line 95 in ./src/buffer_core.cpp
[hdl_localization_node-1] Warning: Invalid frame ID "robot_odom" passed to canTransform argument fixed_frame - frame does not exist
[hdl_localization_node-1]          at line 95 in ./src/buffer_core.cpp
[hdl_localization_node-1] Warning: Invalid frame ID "robot_odom" passed to canTransform argument fixed_frame - frame does not exist
[hdl_localization_node-1]          at line 95 in ./src/buffer_core.cpp
[hdl_localization_node-1] Warning: Invalid frame ID "robot_odom" passed to canTransform argument fixed_frame - frame does not exist
[hdl_localization_node-1]          at line 95 in ./src/buffer_core.cpp
[hdl_localization_node-1] Warning: Invalid frame ID "robot_odom" passed to canTransform argument fixed_frame - frame does not exist
[hdl_localization_node-1]          at line 95 in ./src/buffer_core.cpp
[hdl_localization_node-1] Warning: Invalid frame ID "robot_odom" passed to canTransform argument fixed_frame - frame does not exist
[hdl_localization_node-1]          at line 95 in ./src/buffer_core.cpp
[hdl_localization_node-1] Warning: Invalid frame ID "robot_odom" passed to canTransform argument fixed_frame - frame does not exist
[hdl_localization_node-1]          at line 95 in ./src/buffer_core.cpp
[hdl_localization_node-1] Warning: Invalid frame ID "robot_odom" passed to canTransform argument fixed_frame - frame does not exist
[hdl_localization_node-1]          at line 95 in ./src/buffer_core.cpp
[hdl_localization_node-1] Warning: Invalid frame ID "robot_odom" passed to canTransform argument fixed_frame - frame does not exist
[hdl_localization_node-1]          at line 95 in ./src/buffer_core.cpp
[hdl_localization_node-1] Warning: Invalid frame ID "robot_odom" passed to canTransform argument fixed_frame - frame does not exist
[hdl_localization_node-1]          at line 95 in ./src/buffer_core.cpp
[hdl_localization_node-1] Warning: Invalid frame ID "robot_odom" passed to canTransform argument fixed_frame - frame does not exist
[hdl_localization_node-1]          at line 95 in ./src/buffer_core.cpp
[hdl_localization_node-1] Warning: Invalid frame ID "robot_odom" passed to canTransform argument fixed_frame - frame does not exist
[hdl_localization_node-1]          at line 95 in ./src/buffer_core.cpp
[hdl_localization_node-1] Warning: Invalid frame ID "robot_odom" passed to canTransform argument fixed_frame - frame does not exist
[hdl_localization_node-1]          at line 95 in ./src/buffer_core.cpp
[hdl_localization_node-1] Warning: Invalid frame ID "robot_odom" passed to canTransform argument fixed_frame - frame does not exist
[hdl_localization_node-1]          at line 95 in ./src/buffer_core.cpp
[hdl_localization_node-1] Warning: Invalid frame ID "robot_odom" passed to canTransform argument fixed_frame - frame does not exist
[hdl_localization_node-1]          at line 95 in ./src/buffer_core.cpp
[hdl_localization_node-1] Warning: Invalid frame ID "robot_odom" passed to canTransform argument fixed_frame - frame does not exist
[hdl_localization_node-1]          at line 95 in ./src/buffer_core.cpp
[hdl_localization_node-1] Warning: Invalid frame ID "robot_odom" passed to canTransform argument fixed_frame - frame does not exist
[hdl_localization_node-1]          at line 95 in ./src/buffer_core.cpp
[hdl_localization_node-1] Warning: Invalid frame ID "robot_odom" passed to canTransform argument fixed_frame - frame does not exist
[hdl_localization_node-1]          at line 95 in ./src/buffer_core.cpp
[hdl_localization_node-1] Warning: Invalid frame ID "robot_odom" passed to canTransform argument fixed_frame - frame does not exist
[hdl_localization_node-1]          at line 95 in ./src/buffer_core.cpp
[hdl_localization_node-1] Warning: Invalid frame ID "robot_odom" passed to canTransform argument fixed_frame - frame does not exist
[hdl_localization_node-1]          at line 95 in ./src/buffer_core.cpp
[hdl_localization_node-1] Warning: Invalid frame ID "robot_odom" passed to canTransform argument fixed_frame - frame does not exist
[hdl_localization_node-1]          at line 95 in ./src/buffer_core.cpp
[hdl_localization_node-1] Warning: Invalid frame ID "robot_odom" passed to canTransform argument fixed_frame - frame does not exist
[hdl_localization_node-1]          at line 95 in ./src/buffer_core.cpp
[hdl_localization_node-1] Warning: Invalid frame ID "robot_odom" passed to canTransform argument fixed_frame - frame does not exist
[hdl_localization_node-1]          at line 95 in ./src/buffer_core.cpp
[hdl_localization_node-1] Warning: Invalid frame ID "robot_odom" passed to canTransform argument fixed_frame - frame does not exist
[hdl_localization_node-1]          at line 95 in ./src/buffer_core.cpp
[hdl_localization_node-1] Warning: Invalid frame ID "robot_odom" passed to canTransform argument fixed_frame - frame does not exist
[hdl_localization_node-1]          at line 95 in ./src/buffer_core.cpp
[hdl_localization_node-1] Warning: Invalid frame ID "robot_odom" passed to canTransform argument fixed_frame - frame does not exist
[hdl_localization_node-1]          at line 95 in ./src/buffer_core.cpp
[hdl_localization_node-1] Warning: Invalid frame ID "robot_odom" passed to canTransform argument fixed_frame - frame does not exist
[hdl_localization_node-1]          at line 95 in ./src/buffer_core.cpp
[hdl_localization_node-1] Warning: Invalid frame ID "robot_odom" passed to canTransform argument fixed_frame - frame does not exist
[hdl_localization_node-1]          at line 95 in ./src/buffer_core.cpp
[hdl_localization_node-1] Warning: Invalid frame ID "robot_odom" passed to canTransform argument fixed_frame - frame does not exist
[hdl_localization_node-1]          at line 95 in ./src/buffer_core.cpp
[hdl_localization_node-1] Warning: Invalid frame ID "robot_odom" passed to canTransform argument fixed_frame - frame does not exist
[hdl_localization_node-1]          at line 95 in ./src/buffer_core.cpp
[hdl_localization_node-1] Warning: Invalid frame ID "robot_odom" passed to canTransform argument fixed_frame - frame does not exist
[hdl_localization_node-1]          at line 95 in ./src/buffer_core.cpp
[hdl_localization_node-1] Warning: Invalid frame ID "robot_odom" passed to canTransform argument fixed_frame - frame does not exist
[hdl_localization_node-1]          at line 95 in ./src/buffer_core.cpp
[hdl_localization_node-1] Warning: Invalid frame ID "robot_odom" passed to canTransform argument fixed_frame - frame does not exist
[hdl_localization_node-1]          at line 95 in ./src/buffer_core.cpp
[hdl_localization_node-1] Warning: Invalid frame ID "robot_odom" passed to canTransform argument fixed_frame - frame does not exist
[hdl_localization_node-1]          at line 95 in ./src/buffer_core.cpp
[hdl_localization_node-1] Warning: Invalid frame ID "robot_odom" passed to canTransform argument fixed_frame - frame does not exist
[hdl_localization_node-1]          at line 95 in ./src/buffer_core.cpp
[hdl_localization_node-1] Warning: Invalid frame ID "robot_odom" passed to canTransform argument fixed_frame - frame does not exist
[hdl_localization_node-1]          at line 95 in ./src/buffer_core.cpp
[hdl_localization_node-1] Warning: Invalid frame ID "robot_odom" passed to canTransform argument fixed_frame - frame does not exist
[hdl_localization_node-1]          at line 95 in ./src/buffer_core.cpp
[hdl_localization_node-1] Warning: Invalid frame ID "robot_odom" passed to canTransform argument fixed_frame - frame does not exist
[hdl_localization_node-1]          at line 95 in ./src/buffer_core.cpp
[hdl_localization_node-1] Warning: Invalid frame ID "robot_odom" passed to canTransform argument fixed_frame - frame does not exist
[hdl_localization_node-1]          at line 95 in ./src/buffer_core.cpp
[hdl_localization_node-1] Warning: Invalid frame ID "robot_odom" passed to canTransform argument fixed_frame - frame does not exist
[hdl_localization_node-1]          at line 95 in ./src/buffer_core.cpp
[hdl_localization_node-1] Warning: Invalid frame ID "robot_odom" passed to canTransform argument fixed_frame - frame does not exist
[hdl_localization_node-1]          at line 95 in ./src/buffer_core.cpp
[hdl_localization_node-1] Warning: Invalid frame ID "robot_odom" passed to canTransform argument fixed_frame - frame does not exist
[hdl_localization_node-1]          at line 95 in ./src/buffer_core.cpp
[hdl_localization_node-1] Warning: Invalid frame ID "robot_odom" passed to canTransform argument fixed_frame - frame does not exist
[hdl_localization_node-1]          at line 95 in ./src/buffer_core.cpp
[hdl_localization_node-1] Warning: Invalid frame ID "robot_odom" passed to canTransform argument fixed_frame - frame does not exist
[hdl_localization_node-1]          at line 95 in ./src/buffer_core.cpp
[hdl_localization_node-1] Warning: Invalid frame ID "robot_odom" passed to canTransform argument fixed_frame - frame does not exist
[hdl_localization_node-1]          at line 95 in ./src/buffer_core.cpp
[hdl_localization_node-1] Warning: Invalid frame ID "robot_odom" passed to canTransform argument fixed_frame - frame does not exist
[hdl_localization_node-1]          at line 95 in ./src/buffer_core.cpp
[hdl_localization_node-1] Warning: Invalid frame ID "robot_odom" passed to canTransform argument fixed_frame - frame does not exist
[hdl_localization_node-1]          at line 95 in ./src/buffer_core.cpp
[hdl_localization_node-1] Warning: Invalid frame ID "robot_odom" passed to canTransform argument fixed_frame - frame does not exist
[hdl_localization_node-1]          at line 95 in ./src/buffer_core.cpp
[hdl_localization_node-1] Warning: Invalid frame ID "robot_odom" passed to canTransform argument fixed_frame - frame does not exist
[hdl_localization_node-1]          at line 95 in ./src/buffer_core.cpp
[hdl_localization_node-1] Warning: Invalid frame ID "robot_odom" passed to canTransform argument fixed_frame - frame does not exist
[hdl_localization_node-1]          at line 95 in ./src/buffer_core.cpp
[hdl_localization_node-1] Warning: Invalid frame ID "robot_odom" passed to canTransform argument fixed_frame - frame does not exist
[hdl_localization_node-1]          at line 95 in ./src/buffer_core.cpp
[hdl_localization_node-1] Warning: Invalid frame ID "robot_odom" passed to canTransform argument fixed_frame - frame does not exist
[hdl_localization_node-1]          at line 95 in ./src/buffer_core.cpp
[hdl_localization_node-1] Warning: Invalid frame ID "robot_odom" passed to canTransform argument fixed_frame - frame does not exist
[hdl_localization_node-1]          at line 95 in ./src/buffer_core.cpp
[hdl_localization_node-1] Warning: Invalid frame ID "robot_odom" passed to canTransform argument fixed_frame - frame does not exist
[hdl_localization_node-1]          at line 95 in ./src/buffer_core.cpp
[hdl_localization_node-1] Warning: Invalid frame ID "robot_odom" passed to canTransform argument fixed_frame - frame does not exist
[hdl_localization_node-1]          at line 95 in ./src/buffer_core.cpp
[hdl_localization_node-1] Warning: Invalid frame ID "robot_odom" passed to canTransform argument fixed_frame - frame does not exist
[hdl_localization_node-1]          at line 95 in ./src/buffer_core.cpp
[hdl_localization_node-1] Warning: Invalid frame ID "robot_odom" passed to canTransform argument fixed_frame - frame does not exist
[hdl_localization_node-1]          at line 95 in ./src/buffer_core.cpp
[hdl_localization_node-1] Warning: Invalid frame ID "robot_odom" passed to canTransform argument fixed_frame - frame does not exist
[hdl_localization_node-1]          at line 95 in ./src/buffer_core.cpp
[hdl_localization_node-1] Warning: Invalid frame ID "robot_odom" passed to canTransform argument fixed_frame - frame does not exist
[hdl_localization_node-1]          at line 95 in ./src/buffer_core.cpp
[hdl_localization_node-1] Warning: Invalid frame ID "robot_odom" passed to canTransform argument fixed_frame - frame does not exist
[hdl_localization_node-1]          at line 95 in ./src/buffer_core.cpp
[hdl_localization_node-1] Warning: Invalid frame ID "robot_odom" passed to canTransform argument fixed_frame - frame does not exist
[hdl_localization_node-1]          at line 95 in ./src/buffer_core.cpp
[hdl_localization_node-1] Warning: Invalid frame ID "robot_odom" passed to canTransform argument fixed_frame - frame does not exist
[hdl_localization_node-1]          at line 95 in ./src/buffer_core.cpp
[hdl_localization_node-1] Warning: Invalid frame ID "robot_odom" passed to canTransform argument fixed_frame - frame does not exist
[hdl_localization_node-1]          at line 95 in ./src/buffer_core.cpp
[hdl_localization_node-1] Warning: Invalid frame ID "robot_odom" passed to canTransform argument fixed_frame - frame does not exist
[hdl_localization_node-1]          at line 95 in ./src/buffer_core.cpp
[hdl_localization_node-1] Warning: Invalid frame ID "robot_odom" passed to canTransform argument fixed_frame - frame does not exist
[hdl_localization_node-1]          at line 95 in ./src/buffer_core.cpp
[hdl_localization_node-1] Warning: Invalid frame ID "robot_odom" passed to canTransform argument fixed_frame - frame does not exist
[hdl_localization_node-1]          at line 95 in ./src/buffer_core.cpp
[hdl_localization_node-1] Warning: Invalid frame ID "robot_odom" passed to canTransform argument fixed_frame - frame does not exist
[hdl_localization_node-1]          at line 95 in ./src/buffer_core.cpp
[hdl_localization_node-1] Warning: Invalid frame ID "robot_odom" passed to canTransform argument fixed_frame - frame does not exist
[hdl_localization_node-1]          at line 95 in ./src/buffer_core.cpp
[hdl_localization_node-1] Warning: Invalid frame ID "robot_odom" passed to canTransform argument fixed_frame - frame does not exist
[hdl_localization_node-1]          at line 95 in ./src/buffer_core.cpp
[hdl_localization_node-1] Warning: Invalid frame ID "robot_odom" passed to canTransform argument fixed_frame - frame does not exist
[hdl_localization_node-1]          at line 95 in ./src/buffer_core.cpp
[hdl_localization_node-1] Warning: Invalid frame ID "robot_odom" passed to canTransform argument fixed_frame - frame does not exist
[hdl_localization_node-1]          at line 95 in ./src/buffer_core.cpp
[hdl_localization_node-1] Warning: Invalid frame ID "robot_odom" passed to canTransform argument fixed_frame - frame does not exist
[hdl_localization_node-1]          at line 95 in ./src/buffer_core.cpp
[hdl_localization_node-1] Warning: Invalid frame ID "robot_odom" passed to canTransform argument fixed_frame - frame does not exist
[hdl_localization_node-1]          at line 95 in ./src/buffer_core.cpp
[hdl_localization_node-1] Warning: Invalid frame ID "robot_odom" passed to canTransform argument fixed_frame - frame does not exist
[hdl_localization_node-1]          at line 95 in ./src/buffer_core.cpp
[hdl_localization_node-1] Warning: Invalid frame ID "robot_odom" passed to canTransform argument fixed_frame - frame does not exist
[hdl_localization_node-1]          at line 95 in ./src/buffer_core.cpp
[hdl_localization_node-1] Warning: Invalid frame ID "robot_odom" passed to canTransform argument fixed_frame - frame does not exist
[hdl_localization_node-1]          at line 95 in ./src/buffer_core.cpp
[hdl_localization_node-1] Warning: Invalid frame ID "robot_odom" passed to canTransform argument fixed_frame - frame does not exist
[hdl_localization_node-1]          at line 95 in ./src/buffer_core.cpp
[hdl_localization_node-1] Warning: Invalid frame ID "robot_odom" passed to canTransform argument fixed_frame - frame does not exist
[hdl_localization_node-1]          at line 95 in ./src/buffer_core.cpp
[hdl_localization_node-1] Warning: Invalid frame ID "robot_odom" passed to canTransform argument fixed_frame - frame does not exist
[hdl_localization_node-1]          at line 95 in ./src/buffer_core.cpp
[hdl_localization_node-1] Warning: Invalid frame ID "robot_odom" passed to canTransform argument fixed_frame - frame does not exist
[hdl_localization_node-1]          at line 95 in ./src/buffer_core.cpp
[hdl_localization_node-1] Warning: Invalid frame ID "robot_odom" passed to canTransform argument fixed_frame - frame does not exist
[hdl_localization_node-1]          at line 95 in ./src/buffer_core.cpp
[hdl_localization_node-1] Warning: Invalid frame ID "robot_odom" passed to canTransform argument fixed_frame - frame does not exist
[hdl_localization_node-1]          at line 95 in ./src/buffer_core.cpp
[hdl_localization_node-1] Warning: Invalid frame ID "robot_odom" passed to canTransform argument fixed_frame - frame does not exist
[hdl_localization_node-1]          at line 95 in ./src/buffer_core.cpp
[hdl_localization_node-1] Warning: Invalid frame ID "robot_odom" passed to canTransform argument fixed_frame - frame does not exist
[hdl_localization_node-1]          at line 95 in ./src/buffer_core.cpp
[hdl_localization_node-1] Warning: Invalid frame ID "robot_odom" passed to canTransform argument fixed_frame - frame does not exist
[hdl_localization_node-1]          at line 95 in ./src/buffer_core.cpp
[hdl_localization_node-1] Warning: Invalid frame ID "robot_odom" passed to canTransform argument fixed_frame - frame does not exist
[hdl_localization_node-1]          at line 95 in ./src/buffer_core.cpp
[hdl_localization_node-1] Warning: Invalid frame ID "robot_odom" passed to canTransform argument fixed_frame - frame does not exist
[hdl_localization_node-1]          at line 95 in ./src/buffer_core.cpp
[hdl_localization_node-1] Warning: Invalid frame ID "robot_odom" passed to canTransform argument fixed_frame - frame does not exist
[hdl_localization_node-1]          at line 95 in ./src/buffer_core.cpp
[hdl_localization_node-1] Warning: Invalid frame ID "robot_odom" passed to canTransform argument fixed_frame - frame does not exist
[hdl_localization_node-1]          at line 95 in ./src/buffer_core.cpp
[hdl_localization_node-1] Warning: Invalid frame ID "robot_odom" passed to canTransform argument fixed_frame - frame does not exist
[hdl_localization_node-1]          at line 95 in ./src/buffer_core.cpp
[hdl_localization_node-1] Warning: Invalid frame ID "robot_odom" passed to canTransform argument fixed_frame - frame does not exist
[hdl_localization_node-1]          at line 95 in ./src/buffer_core.cpp
[hdl_localization_node-1] Warning: Invalid frame ID "robot_odom" passed to canTransform argument fixed_frame - frame does not exist
[hdl_localization_node-1]          at line 95 in ./src/buffer_core.cpp
[hdl_localization_node-1] Warning: Invalid frame ID "robot_odom" passed to canTransform argument fixed_frame - frame does not exist
[hdl_localization_node-1]          at line 95 in ./src/buffer_core.cpp
[hdl_localization_node-1] Warning: Invalid frame ID "robot_odom" passed to canTransform argument fixed_frame - frame does not exist
[hdl_localization_node-1]          at line 95 in ./src/buffer_core.cpp
[hdl_localization_node-1] Warning: Invalid frame ID "robot_odom" passed to canTransform argument fixed_frame - frame does not exist
[hdl_localization_node-1]          at line 95 in ./src/buffer_core.cpp
[hdl_localization_node-1] Warning: Invalid frame ID "robot_odom" passed to canTransform argument fixed_frame - frame does not exist
[hdl_localization_node-1]          at line 95 in ./src/buffer_core.cpp
[hdl_localization_node-1] Warning: Invalid frame ID "robot_odom" passed to canTransform argument fixed_frame - frame does not exist
[hdl_localization_node-1]          at line 95 in ./src/buffer_core.cpp
[hdl_localization_node-1] Warning: Invalid frame ID "robot_odom" passed to canTransform argument fixed_frame - frame does not exist
[hdl_localization_node-1]          at line 95 in ./src/buffer_core.cpp
[hdl_localization_node-1] Warning: Invalid frame ID "robot_odom" passed to canTransform argument fixed_frame - frame does not exist
[hdl_localization_node-1]          at line 95 in ./src/buffer_core.cpp
[hdl_localization_node-1] Warning: Invalid frame ID "robot_odom" passed to canTransform argument fixed_frame - frame does not exist
[hdl_localization_node-1]          at line 95 in ./src/buffer_core.cpp
[hdl_localization_node-1] Warning: Invalid frame ID "robot_odom" passed to canTransform argument fixed_frame - frame does not exist
[hdl_localization_node-1]          at line 95 in ./src/buffer_core.cpp
[hdl_localization_node-1] Warning: Invalid frame ID "robot_odom" passed to canTransform argument fixed_frame - frame does not exist
[hdl_localization_node-1]          at line 95 in ./src/buffer_core.cpp
[hdl_localization_node-1] Warning: Invalid frame ID "robot_odom" passed to canTransform argument fixed_frame - frame does not exist
[hdl_localization_node-1]          at line 95 in ./src/buffer_core.cpp
[hdl_localization_node-1] Warning: Invalid frame ID "robot_odom" passed to canTransform argument fixed_frame - frame does not exist
[hdl_localization_node-1]          at line 95 in ./src/buffer_core.cpp
[hdl_localization_node-1] Warning: Invalid frame ID "robot_odom" passed to canTransform argument fixed_frame - frame does not exist
[hdl_localization_node-1]          at line 95 in ./src/buffer_core.cpp
[hdl_localization_node-1] Warning: Invalid frame ID "robot_odom" passed to canTransform argument fixed_frame - frame does not exist
[hdl_localization_node-1]          at line 95 in ./src/buffer_core.cpp
[hdl_localization_node-1] Warning: Invalid frame ID "robot_odom" passed to canTransform argument fixed_frame - frame does not exist
[hdl_localization_node-1]          at line 95 in ./src/buffer_core.cpp
[hdl_localization_node-1] Warning: Invalid frame ID "robot_odom" passed to canTransform argument fixed_frame - frame does not exist
[hdl_localization_node-1]          at line 95 in ./src/buffer_core.cpp
[hdl_localization_node-1] Warning: Invalid frame ID "robot_odom" passed to canTransform argument fixed_frame - frame does not exist
[hdl_localization_node-1]          at line 95 in ./src/buffer_core.cpp
[hdl_localization_node-1] Warning: Invalid frame ID "robot_odom" passed to canTransform argument fixed_frame - frame does not exist
[hdl_localization_node-1]          at line 95 in ./src/buffer_core.cpp
[hdl_localization_node-1] Warning: Invalid frame ID "robot_odom" passed to canTransform argument fixed_frame - frame does not exist
[hdl_localization_node-1]          at line 95 in ./src/buffer_core.cpp
[hdl_localization_node-1] Warning: Invalid frame ID "robot_odom" passed to canTransform argument fixed_frame - frame does not exist
[hdl_localization_node-1]          at line 95 in ./src/buffer_core.cpp
[hdl_localization_node-1] Warning: Invalid frame ID "robot_odom" passed to canTransform argument fixed_frame - frame does not exist
[hdl_localization_node-1]          at line 95 in ./src/buffer_core.cpp
[hdl_localization_node-1] Warning: Invalid frame ID "robot_odom" passed to canTransform argument fixed_frame - frame does not exist
[hdl_localization_node-1]          at line 95 in ./src/buffer_core.cpp
[hdl_localization_node-1] Warning: Invalid frame ID "robot_odom" passed to canTransform argument fixed_frame - frame does not exist
[hdl_localization_node-1]          at line 95 in ./src/buffer_core.cpp
[hdl_localization_node-1] Warning: Invalid frame ID "robot_odom" passed to canTransform argument fixed_frame - frame does not exist
[hdl_localization_node-1]          at line 95 in ./src/buffer_core.cpp
[hdl_localization_node-1] Warning: Invalid frame ID "robot_odom" passed to canTransform argument fixed_frame - frame does not exist
[hdl_localization_node-1]          at line 95 in ./src/buffer_core.cpp
[hdl_localization_node-1] Warning: Invalid frame ID "robot_odom" passed to canTransform argument fixed_frame - frame does not exist
[hdl_localization_node-1]          at line 95 in ./src/buffer_core.cpp
[hdl_localization_node-1] Warning: Invalid frame ID "robot_odom" passed to canTransform argument fixed_frame - frame does not exist
[hdl_localization_node-1]          at line 95 in ./src/buffer_core.cpp
[hdl_localization_node-1] Warning: Invalid frame ID "robot_odom" passed to canTransform argument fixed_frame - frame does not exist
[hdl_localization_node-1]          at line 95 in ./src/buffer_core.cpp
[hdl_localization_node-1] Warning: Invalid frame ID "robot_odom" passed to canTransform argument fixed_frame - frame does not exist
[hdl_localization_node-1]          at line 95 in ./src/buffer_core.cpp
[hdl_localization_node-1] Warning: Invalid frame ID "robot_odom" passed to canTransform argument fixed_frame - frame does not exist
[hdl_localization_node-1]          at line 95 in ./src/buffer_core.cpp
[hdl_localization_node-1] Warning: Invalid frame ID "robot_odom" passed to canTransform argument fixed_frame - frame does not exist
[hdl_localization_node-1]          at line 95 in ./src/buffer_core.cpp
[hdl_localization_node-1] Warning: Invalid frame ID "robot_odom" passed to canTransform argument fixed_frame - frame does not exist
[hdl_localization_node-1]          at line 95 in ./src/buffer_core.cpp
[hdl_localization_node-1] Warning: Invalid frame ID "robot_odom" passed to canTransform argument fixed_frame - frame does not exist
[hdl_localization_node-1]          at line 95 in ./src/buffer_core.cpp
[hdl_localization_node-1] Warning: Invalid frame ID "robot_odom" passed to canTransform argument fixed_frame - frame does not exist
[hdl_localization_node-1]          at line 95 in ./src/buffer_core.cpp
[hdl_localization_node-1] Warning: Invalid frame ID "robot_odom" passed to canTransform argument fixed_frame - frame does not exist
[hdl_localization_node-1]          at line 95 in ./src/buffer_core.cpp
[hdl_localization_node-1] Warning: Invalid frame ID "robot_odom" passed to canTransform argument fixed_frame - frame does not exist
[hdl_localization_node-1]          at line 95 in ./src/buffer_core.cpp
[hdl_localization_node-1] Warning: Invalid frame ID "robot_odom" passed to canTransform argument fixed_frame - frame does not exist
[hdl_localization_node-1]          at line 95 in ./src/buffer_core.cpp
[hdl_localization_node-1] Warning: Invalid frame ID "robot_odom" passed to canTransform argument fixed_frame - frame does not exist
[hdl_localization_node-1]          at line 95 in ./src/buffer_core.cpp
[hdl_localization_node-1] Warning: Invalid frame ID "robot_odom" passed to canTransform argument fixed_frame - frame does not exist
[hdl_localization_node-1]          at line 95 in ./src/buffer_core.cpp
[hdl_localization_node-1] Warning: Invalid frame ID "robot_odom" passed to canTransform argument fixed_frame - frame does not exist
[hdl_localization_node-1]          at line 95 in ./src/buffer_core.cpp
[hdl_localization_node-1] Warning: Invalid frame ID "robot_odom" passed to canTransform argument fixed_frame - frame does not exist
[hdl_localization_node-1]          at line 95 in ./src/buffer_core.cpp
[hdl_localization_node-1] Warning: Invalid frame ID "robot_odom" passed to canTransform argument fixed_frame - frame does not exist
[hdl_localization_node-1]          at line 95 in ./src/buffer_core.cpp
[hdl_localization_node-1] Warning: Invalid frame ID "robot_odom" passed to canTransform argument fixed_frame - frame does not exist
[hdl_localization_node-1]          at line 95 in ./src/buffer_core.cpp
[hdl_localization_node-1] Warning: Invalid frame ID "robot_odom" passed to canTransform argument fixed_frame - frame does not exist
[hdl_localization_node-1]          at line 95 in ./src/buffer_core.cpp
[hdl_localization_node-1] Warning: Invalid frame ID "robot_odom" passed to canTransform argument fixed_frame - frame does not exist
[hdl_localization_node-1]          at line 95 in ./src/buffer_core.cpp
[hdl_localization_node-1] Warning: Invalid frame ID "robot_odom" passed to canTransform argument fixed_frame - frame does not exist
[hdl_localization_node-1]          at line 95 in ./src/buffer_core.cpp
[hdl_localization_node-1] Warning: Invalid frame ID "robot_odom" passed to canTransform argument fixed_frame - frame does not exist
[hdl_localization_node-1]          at line 95 in ./src/buffer_core.cpp
[hdl_localization_node-1] Warning: Invalid frame ID "robot_odom" passed to canTransform argument fixed_frame - frame does not exist
[hdl_localization_node-1]          at line 95 in ./src/buffer_core.cpp
[hdl_localization_node-1] Warning: Invalid frame ID "robot_odom" passed to canTransform argument fixed_frame - frame does not exist
[hdl_localization_node-1]          at line 95 in ./src/buffer_core.cpp
[hdl_localization_node-1] Warning: Invalid frame ID "robot_odom" passed to canTransform argument fixed_frame - frame does not exist
[hdl_localization_node-1]          at line 95 in ./src/buffer_core.cpp
[hdl_localization_node-1] Warning: Invalid frame ID "robot_odom" passed to canTransform argument fixed_frame - frame does not exist
[hdl_localization_node-1]          at line 95 in ./src/buffer_core.cpp
[hdl_localization_node-1] Warning: Invalid frame ID "robot_odom" passed to canTransform argument fixed_frame - frame does not exist
[hdl_localization_node-1]          at line 95 in ./src/buffer_core.cpp
[hdl_localization_node-1] Warning: Invalid frame ID "robot_odom" passed to canTransform argument fixed_frame - frame does not exist
[hdl_localization_node-1]          at line 95 in ./src/buffer_core.cpp
[hdl_localization_node-1] Warning: Invalid frame ID "robot_odom" passed to canTransform argument fixed_frame - frame does not exist
[hdl_localization_node-1]          at line 95 in ./src/buffer_core.cpp
[hdl_localization_node-1] Warning: Invalid frame ID "robot_odom" passed to canTransform argument fixed_frame - frame does not exist
[hdl_localization_node-1]          at line 95 in ./src/buffer_core.cpp
[hdl_localization_node-1] Warning: Invalid frame ID "robot_odom" passed to canTransform argument fixed_frame - frame does not exist
[hdl_localization_node-1]          at line 95 in ./src/buffer_core.cpp
[hdl_localization_node-1] Warning: Invalid frame ID "robot_odom" passed to canTransform argument fixed_frame - frame does not exist
[hdl_localization_node-1]          at line 95 in ./src/buffer_core.cpp
[hdl_localization_node-1] Warning: Invalid frame ID "robot_odom" passed to canTransform argument fixed_frame - frame does not exist
[hdl_localization_node-1]          at line 95 in ./src/buffer_core.cpp
[hdl_localization_node-1] Warning: Invalid frame ID "robot_odom" passed to canTransform argument fixed_frame - frame does not exist
[hdl_localization_node-1]          at line 95 in ./src/buffer_core.cpp
[hdl_localization_node-1] Warning: Invalid frame ID "robot_odom" passed to canTransform argument fixed_frame - frame does not exist
[hdl_localization_node-1]          at line 95 in ./src/buffer_core.cpp
[hdl_localization_node-1] Warning: Invalid frame ID "robot_odom" passed to canTransform argument fixed_frame - frame does not exist
[hdl_localization_node-1]          at line 95 in ./src/buffer_core.cpp
[hdl_localization_node-1] Warning: Invalid frame ID "robot_odom" passed to canTransform argument fixed_frame - frame does not exist
[hdl_localization_node-1]          at line 95 in ./src/buffer_core.cpp
[hdl_localization_node-1] Warning: Invalid frame ID "robot_odom" passed to canTransform argument fixed_frame - frame does not exist
[hdl_localization_node-1]          at line 95 in ./src/buffer_core.cpp
[hdl_localization_node-1] Warning: Invalid frame ID "robot_odom" passed to canTransform argument fixed_frame - frame does not exist
[hdl_localization_node-1]          at line 95 in ./src/buffer_core.cpp
[hdl_localization_node-1] Warning: Invalid frame ID "robot_odom" passed to canTransform argument fixed_frame - frame does not exist
[hdl_localization_node-1]          at line 95 in ./src/buffer_core.cpp
[hdl_localization_node-1] Warning: Invalid frame ID "robot_odom" passed to canTransform argument fixed_frame - frame does not exist
[hdl_localization_node-1]          at line 95 in ./src/buffer_core.cpp
[hdl_localization_node-1] Warning: Invalid frame ID "robot_odom" passed to canTransform argument fixed_frame - frame does not exist
[hdl_localization_node-1]          at line 95 in ./src/buffer_core.cpp
[hdl_localization_node-1] Warning: Invalid frame ID "robot_odom" passed to canTransform argument fixed_frame - frame does not exist
[hdl_localization_node-1]          at line 95 in ./src/buffer_core.cpp
[hdl_localization_node-1] Warning: Invalid frame ID "robot_odom" passed to canTransform argument fixed_frame - frame does not exist
[hdl_localization_node-1]          at line 95 in ./src/buffer_core.cpp
[hdl_localization_node-1] Warning: Invalid frame ID "robot_odom" passed to canTransform argument fixed_frame - frame does not exist
[hdl_localization_node-1]          at line 95 in ./src/buffer_core.cpp
[hdl_localization_node-1] Warning: Invalid frame ID "robot_odom" passed to canTransform argument fixed_frame - frame does not exist
[hdl_localization_node-1]          at line 95 in ./src/buffer_core.cpp
[hdl_localization_node-1] Warning: Invalid frame ID "robot_odom" passed to canTransform argument fixed_frame - frame does not exist
[hdl_localization_node-1]          at line 95 in ./src/buffer_core.cpp
[hdl_localization_node-1] Warning: Invalid frame ID "robot_odom" passed to canTransform argument fixed_frame - frame does not exist
[hdl_localization_node-1]          at line 95 in ./src/buffer_core.cpp
[hdl_localization_node-1] Warning: Invalid frame ID "robot_odom" passed to canTransform argument fixed_frame - frame does not exist
[hdl_localization_node-1]          at line 95 in ./src/buffer_core.cpp
[hdl_localization_node-1] Warning: Invalid frame ID "robot_odom" passed to canTransform argument fixed_frame - frame does not exist
[hdl_localization_node-1]          at line 95 in ./src/buffer_core.cpp
[hdl_localization_node-1] Warning: Invalid frame ID "robot_odom" passed to canTransform argument fixed_frame - frame does not exist
[hdl_localization_node-1]          at line 95 in ./src/buffer_core.cpp
[hdl_localization_node-1] Warning: Invalid frame ID "robot_odom" passed to canTransform argument fixed_frame - frame does not exist
[hdl_localization_node-1]          at line 95 in ./src/buffer_core.cpp
[hdl_localization_node-1] Warning: Invalid frame ID "robot_odom" passed to canTransform argument fixed_frame - frame does not exist
[hdl_localization_node-1]          at line 95 in ./src/buffer_core.cpp
[hdl_localization_node-1] Warning: Invalid frame ID "robot_odom" passed to canTransform argument fixed_frame - frame does not exist
[hdl_localization_node-1]          at line 95 in ./src/buffer_core.cpp
[hdl_localization_node-1] Warning: Invalid frame ID "robot_odom" passed to canTransform argument fixed_frame - frame does not exist
[hdl_localization_node-1]          at line 95 in ./src/buffer_core.cpp
[hdl_localization_node-1] Warning: Invalid frame ID "robot_odom" passed to canTransform argument fixed_frame - frame does not exist
[hdl_localization_node-1]          at line 95 in ./src/buffer_core.cpp
[hdl_localization_node-1] Warning: Invalid frame ID "robot_odom" passed to canTransform argument fixed_frame - frame does not exist
[hdl_localization_node-1]          at line 95 in ./src/buffer_core.cpp
[hdl_localization_node-1] Warning: Invalid frame ID "robot_odom" passed to canTransform argument fixed_frame - frame does not exist
[hdl_localization_node-1]          at line 95 in ./src/buffer_core.cpp
[hdl_localization_node-1] Warning: Invalid frame ID "robot_odom" passed to canTransform argument fixed_frame - frame does not exist
[hdl_localization_node-1]          at line 95 in ./src/buffer_core.cpp
[hdl_localization_node-1] Warning: Invalid frame ID "robot_odom" passed to canTransform argument fixed_frame - frame does not exist
[hdl_localization_node-1]          at line 95 in ./src/buffer_core.cpp
[hdl_localization_node-1] Warning: Invalid frame ID "robot_odom" passed to canTransform argument fixed_frame - frame does not exist
[hdl_localization_node-1]          at line 95 in ./src/buffer_core.cpp
[hdl_localization_node-1] Warning: Invalid frame ID "robot_odom" passed to canTransform argument fixed_frame - frame does not exist
[hdl_localization_node-1]          at line 95 in ./src/buffer_core.cpp
[hdl_localization_node-1] Warning: Invalid frame ID "robot_odom" passed to canTransform argument fixed_frame - frame does not exist
[hdl_localization_node-1]          at line 95 in ./src/buffer_core.cpp
[hdl_localization_node-1] Warning: Invalid frame ID "robot_odom" passed to canTransform argument fixed_frame - frame does not exist
[hdl_localization_node-1]          at line 95 in ./src/buffer_core.cpp
[hdl_localization_node-1] Warning: Invalid frame ID "robot_odom" passed to canTransform argument fixed_frame - frame does not exist
[hdl_localization_node-1]          at line 95 in ./src/buffer_core.cpp
[hdl_localization_node-1] Warning: Invalid frame ID "robot_odom" passed to canTransform argument fixed_frame - frame does not exist
[hdl_localization_node-1]          at line 95 in ./src/buffer_core.cpp
[hdl_localization_node-1] Warning: Invalid frame ID "robot_odom" passed to canTransform argument fixed_frame - frame does not exist
[hdl_localization_node-1]          at line 95 in ./src/buffer_core.cpp
[hdl_localization_node-1] Warning: Invalid frame ID "robot_odom" passed to canTransform argument fixed_frame - frame does not exist
[hdl_localization_node-1]          at line 95 in ./src/buffer_core.cpp
[hdl_localization_node-1] Warning: Invalid frame ID "robot_odom" passed to canTransform argument fixed_frame - frame does not exist
[hdl_localization_node-1]          at line 95 in ./src/buffer_core.cpp
[hdl_localization_node-1] Warning: Invalid frame ID "robot_odom" passed to canTransform argument fixed_frame - frame does not exist
[hdl_localization_node-1]          at line 95 in ./src/buffer_core.cpp
[hdl_localization_node-1] Warning: Invalid frame ID "robot_odom" passed to canTransform argument fixed_frame - frame does not exist
[hdl_localization_node-1]          at line 95 in ./src/buffer_core.cpp
[hdl_localization_node-1] Warning: Invalid frame ID "robot_odom" passed to canTransform argument fixed_frame - frame does not exist
[hdl_localization_node-1]          at line 95 in ./src/buffer_core.cpp
[hdl_localization_node-1] Warning: Invalid frame ID "robot_odom" passed to canTransform argument fixed_frame - frame does not exist
[hdl_localization_node-1]          at line 95 in ./src/buffer_core.cpp
[hdl_localization_node-1] Warning: Invalid frame ID "robot_odom" passed to canTransform argument fixed_frame - frame does not exist
[hdl_localization_node-1]          at line 95 in ./src/buffer_core.cpp
[hdl_localization_node-1] Warning: Invalid frame ID "robot_odom" passed to canTransform argument fixed_frame - frame does not exist
[hdl_localization_node-1]          at line 95 in ./src/buffer_core.cpp
[hdl_localization_node-1] Warning: Invalid frame ID "robot_odom" passed to canTransform argument fixed_frame - frame does not exist
[hdl_localization_node-1]          at line 95 in ./src/buffer_core.cpp
[hdl_localization_node-1] Warning: Invalid frame ID "robot_odom" passed to canTransform argument fixed_frame - frame does not exist
[hdl_localization_node-1]          at line 95 in ./src/buffer_core.cpp
[hdl_localization_node-1] Warning: Invalid frame ID "robot_odom" passed to canTransform argument fixed_frame - frame does not exist
[hdl_localization_node-1]          at line 95 in ./src/buffer_core.cpp
[hdl_localization_node-1] Warning: Invalid frame ID "robot_odom" passed to canTransform argument fixed_frame - frame does not exist
[hdl_localization_node-1]          at line 95 in ./src/buffer_core.cpp
[hdl_localization_node-1] Warning: Invalid frame ID "robot_odom" passed to canTransform argument fixed_frame - frame does not exist
[hdl_localization_node-1]          at line 95 in ./src/buffer_core.cpp
[hdl_localization_node-1] Warning: Invalid frame ID "robot_odom" passed to canTransform argument fixed_frame - frame does not exist
[hdl_localization_node-1]          at line 95 in ./src/buffer_core.cpp
[hdl_localization_node-1] Warning: Invalid frame ID "robot_odom" passed to canTransform argument fixed_frame - frame does not exist
[hdl_localization_node-1]          at line 95 in ./src/buffer_core.cpp
[hdl_localization_node-1] Warning: Invalid frame ID "robot_odom" passed to canTransform argument fixed_frame - frame does not exist
[hdl_localization_node-1]          at line 95 in ./src/buffer_core.cpp
[hdl_localization_node-1] Warning: Invalid frame ID "robot_odom" passed to canTransform argument fixed_frame - frame does not exist
[hdl_localization_node-1]          at line 95 in ./src/buffer_core.cpp
[hdl_localization_node-1] Warning: Invalid frame ID "robot_odom" passed to canTransform argument fixed_frame - frame does not exist
[hdl_localization_node-1]          at line 95 in ./src/buffer_core.cpp
[hdl_localization_node-1] Warning: Invalid frame ID "robot_odom" passed to canTransform argument fixed_frame - frame does not exist
[hdl_localization_node-1]          at line 95 in ./src/buffer_core.cpp
[hdl_localization_node-1] Warning: Invalid frame ID "robot_odom" passed to canTransform argument fixed_frame - frame does not exist
[hdl_localization_node-1]          at line 95 in ./src/buffer_core.cpp
[hdl_localization_node-1] Warning: Invalid frame ID "robot_odom" passed to canTransform argument fixed_frame - frame does not exist
[hdl_localization_node-1]          at line 95 in ./src/buffer_core.cpp
[hdl_localization_node-1] Warning: Invalid frame ID "robot_odom" passed to canTransform argument fixed_frame - frame does not exist
[hdl_localization_node-1]          at line 95 in ./src/buffer_core.cpp
[hdl_localization_node-1] Warning: Invalid frame ID "robot_odom" passed to canTransform argument fixed_frame - frame does not exist
[hdl_localization_node-1]          at line 95 in ./src/buffer_core.cpp
[hdl_localization_node-1] Warning: Invalid frame ID "robot_odom" passed to canTransform argument fixed_frame - frame does not exist
[hdl_localization_node-1]          at line 95 in ./src/buffer_core.cpp
[hdl_localization_node-1] Warning: Invalid frame ID "robot_odom" passed to canTransform argument fixed_frame - frame does not exist
[hdl_localization_node-1]          at line 95 in ./src/buffer_core.cpp
[hdl_localization_node-1] Warning: Invalid frame ID "robot_odom" passed to canTransform argument fixed_frame - frame does not exist
[hdl_localization_node-1]          at line 95 in ./src/buffer_core.cpp
[hdl_localization_node-1] Warning: Invalid frame ID "robot_odom" passed to canTransform argument fixed_frame - frame does not exist
[hdl_localization_node-1]          at line 95 in ./src/buffer_core.cpp
[hdl_localization_node-1] Warning: Invalid frame ID "robot_odom" passed to canTransform argument fixed_frame - frame does not exist
[hdl_localization_node-1]          at line 95 in ./src/buffer_core.cpp
[hdl_localization_node-1] Warning: Invalid frame ID "robot_odom" passed to canTransform argument fixed_frame - frame does not exist
[hdl_localization_node-1]          at line 95 in ./src/buffer_core.cpp
[hdl_localization_node-1] Warning: Invalid frame ID "robot_odom" passed to canTransform argument fixed_frame - frame does not exist
[hdl_localization_node-1]          at line 95 in ./src/buffer_core.cpp
[hdl_localization_node-1] Warning: Invalid frame ID "robot_odom" passed to canTransform argument fixed_frame - frame does not exist
[hdl_localization_node-1]          at line 95 in ./src/buffer_core.cpp
[hdl_localization_node-1] Warning: Invalid frame ID "robot_odom" passed to canTransform argument fixed_frame - frame does not exist
[hdl_localization_node-1]          at line 95 in ./src/buffer_core.cpp
[hdl_localization_node-1] Warning: Invalid frame ID "robot_odom" passed to canTransform argument fixed_frame - frame does not exist
[hdl_localization_node-1]          at line 95 in ./src/buffer_core.cpp
[hdl_localization_node-1] Warning: Invalid frame ID "robot_odom" passed to canTransform argument fixed_frame - frame does not exist
[hdl_localization_node-1]          at line 95 in ./src/buffer_core.cpp
[hdl_localization_node-1] Warning: Invalid frame ID "robot_odom" passed to canTransform argument fixed_frame - frame does not exist
[hdl_localization_node-1]          at line 95 in ./src/buffer_core.cpp
[hdl_localization_node-1] Warning: Invalid frame ID "robot_odom" passed to canTransform argument fixed_frame - frame does not exist
[hdl_localization_node-1]          at line 95 in ./src/buffer_core.cpp
[hdl_localization_node-1] Warning: Invalid frame ID "robot_odom" passed to canTransform argument fixed_frame - frame does not exist
[hdl_localization_node-1]          at line 95 in ./src/buffer_core.cpp
[hdl_localization_node-1] Warning: Invalid frame ID "robot_odom" passed to canTransform argument fixed_frame - frame does not exist
[hdl_localization_node-1]          at line 95 in ./src/buffer_core.cpp
[hdl_localization_node-1] Warning: Invalid frame ID "robot_odom" passed to canTransform argument fixed_frame - frame does not exist
[hdl_localization_node-1]          at line 95 in ./src/buffer_core.cpp
[hdl_localization_node-1] Warning: Invalid frame ID "robot_odom" passed to canTransform argument fixed_frame - frame does not exist
[hdl_localization_node-1]          at line 95 in ./src/buffer_core.cpp
[hdl_localization_node-1] Warning: Invalid frame ID "robot_odom" passed to canTransform argument fixed_frame - frame does not exist
[hdl_localization_node-1]          at line 95 in ./src/buffer_core.cpp
[hdl_localization_node-1] Warning: Invalid frame ID "robot_odom" passed to canTransform argument fixed_frame - frame does not exist
[hdl_localization_node-1]          at line 95 in ./src/buffer_core.cpp
[hdl_localization_node-1] Warning: Invalid frame ID "robot_odom" passed to canTransform argument fixed_frame - frame does not exist
[hdl_localization_node-1]          at line 95 in ./src/buffer_core.cpp
[hdl_localization_node-1] Warning: Invalid frame ID "robot_odom" passed to canTransform argument fixed_frame - frame does not exist
[hdl_localization_node-1]          at line 95 in ./src/buffer_core.cpp
[hdl_localization_node-1] Warning: Invalid frame ID "robot_odom" passed to canTransform argument fixed_frame - frame does not exist
[hdl_localization_node-1]          at line 95 in ./src/buffer_core.cpp
[hdl_localization_node-1] Warning: Invalid frame ID "robot_odom" passed to canTransform argument fixed_frame - frame does not exist
[hdl_localization_node-1]          at line 95 in ./src/buffer_core.cpp
[hdl_localization_node-1] Warning: Invalid frame ID "robot_odom" passed to canTransform argument fixed_frame - frame does not exist
[hdl_localization_node-1]          at line 95 in ./src/buffer_core.cpp
[hdl_localization_node-1] Warning: Invalid frame ID "robot_odom" passed to canTransform argument fixed_frame - frame does not exist
[hdl_localization_node-1]          at line 95 in ./src/buffer_core.cpp
[hdl_localization_node-1] Warning: Invalid frame ID "robot_odom" passed to canTransform argument fixed_frame - frame does not exist
[hdl_localization_node-1]          at line 95 in ./src/buffer_core.cpp
[hdl_localization_node-1] Warning: Invalid frame ID "robot_odom" passed to canTransform argument fixed_frame - frame does not exist
[hdl_localization_node-1]          at line 95 in ./src/buffer_core.cpp
[hdl_localization_node-1] Warning: Invalid frame ID "robot_odom" passed to canTransform argument fixed_frame - frame does not exist
[hdl_localization_node-1]          at line 95 in ./src/buffer_core.cpp
[hdl_localization_node-1] Warning: Invalid frame ID "robot_odom" passed to canTransform argument fixed_frame - frame does not exist
[hdl_localization_node-1]          at line 95 in ./src/buffer_core.cpp
[hdl_localization_node-1] Warning: Invalid frame ID "robot_odom" passed to canTransform argument fixed_frame - frame does not exist
[hdl_localization_node-1]          at line 95 in ./src/buffer_core.cpp
[hdl_localization_node-1] Warning: Invalid frame ID "robot_odom" passed to canTransform argument fixed_frame - frame does not exist
[hdl_localization_node-1]          at line 95 in ./src/buffer_core.cpp
[hdl_localization_node-1] Warning: Invalid frame ID "robot_odom" passed to canTransform argument fixed_frame - frame does not exist
[hdl_localization_node-1]          at line 95 in ./src/buffer_core.cpp
[hdl_localization_node-1] Warning: Invalid frame ID "robot_odom" passed to canTransform argument fixed_frame - frame does not exist
[hdl_localization_node-1]          at line 95 in ./src/buffer_core.cpp
[hdl_localization_node-1] Warning: Invalid frame ID "robot_odom" passed to canTransform argument fixed_frame - frame does not exist
[hdl_localization_node-1]          at line 95 in ./src/buffer_core.cpp
[hdl_localization_node-1] Warning: Invalid frame ID "robot_odom" passed to canTransform argument fixed_frame - frame does not exist
[hdl_localization_node-1]          at line 95 in ./src/buffer_core.cpp
[hdl_localization_node-1] Warning: Invalid frame ID "robot_odom" passed to canTransform argument fixed_frame - frame does not exist
[hdl_localization_node-1]          at line 95 in ./src/buffer_core.cpp
[hdl_localization_node-1] Warning: Invalid frame ID "robot_odom" passed to canTransform argument fixed_frame - frame does not exist
[hdl_localization_node-1]          at line 95 in ./src/buffer_core.cpp
[hdl_localization_node-1] Warning: Invalid frame ID "robot_odom" passed to canTransform argument fixed_frame - frame does not exist
[hdl_localization_node-1]          at line 95 in ./src/buffer_core.cpp
[hdl_localization_node-1] Warning: Invalid frame ID "robot_odom" passed to canTransform argument fixed_frame - frame does not exist
[hdl_localization_node-1]          at line 95 in ./src/buffer_core.cpp
[hdl_localization_node-1] Warning: Invalid frame ID "robot_odom" passed to canTransform argument fixed_frame - frame does not exist
[hdl_localization_node-1]          at line 95 in ./src/buffer_core.cpp
[hdl_localization_node-1] Warning: Invalid frame ID "robot_odom" passed to canTransform argument fixed_frame - frame does not exist
[hdl_localization_node-1]          at line 95 in ./src/buffer_core.cpp
[hdl_localization_node-1] Warning: Invalid frame ID "robot_odom" passed to canTransform argument fixed_frame - frame does not exist
[hdl_localization_node-1]          at line 95 in ./src/buffer_core.cpp
[hdl_localization_node-1] Warning: Invalid frame ID "robot_odom" passed to canTransform argument fixed_frame - frame does not exist
[hdl_localization_node-1]          at line 95 in ./src/buffer_core.cpp
[hdl_localization_node-1] Warning: Invalid frame ID "robot_odom" passed to canTransform argument fixed_frame - frame does not exist
[hdl_localization_node-1]          at line 95 in ./src/buffer_core.cpp
[hdl_localization_node-1] Warning: Invalid frame ID "robot_odom" passed to canTransform argument fixed_frame - frame does not exist
[hdl_localization_node-1]          at line 95 in ./src/buffer_core.cpp
[hdl_localization_node-1] Warning: Invalid frame ID "robot_odom" passed to canTransform argument fixed_frame - frame does not exist
[hdl_localization_node-1]          at line 95 in ./src/buffer_core.cpp
[hdl_localization_node-1] Warning: Invalid frame ID "robot_odom" passed to canTransform argument fixed_frame - frame does not exist
[hdl_localization_node-1]          at line 95 in ./src/buffer_core.cpp
[hdl_localization_node-1] Warning: Invalid frame ID "robot_odom" passed to canTransform argument fixed_frame - frame does not exist
[hdl_localization_node-1]          at line 95 in ./src/buffer_core.cpp
[hdl_localization_node-1] Warning: Invalid frame ID "robot_odom" passed to canTransform argument fixed_frame - frame does not exist
[hdl_localization_node-1]          at line 95 in ./src/buffer_core.cpp
[hdl_localization_node-1] Warning: Invalid frame ID "robot_odom" passed to canTransform argument fixed_frame - frame does not exist
[hdl_localization_node-1]          at line 95 in ./src/buffer_core.cpp
[hdl_localization_node-1] Warning: Invalid frame ID "robot_odom" passed to canTransform argument fixed_frame - frame does not exist
[hdl_localization_node-1]          at line 95 in ./src/buffer_core.cpp
[hdl_localization_node-1] Warning: Invalid frame ID "robot_odom" passed to canTransform argument fixed_frame - frame does not exist
[hdl_localization_node-1]          at line 95 in ./src/buffer_core.cpp
[hdl_localization_node-1] Warning: Invalid frame ID "robot_odom" passed to canTransform argument fixed_frame - frame does not exist
[hdl_localization_node-1]          at line 95 in ./src/buffer_core.cpp
[hdl_localization_node-1] Warning: Invalid frame ID "robot_odom" passed to canTransform argument fixed_frame - frame does not exist
[hdl_localization_node-1]          at line 95 in ./src/buffer_core.cpp
[hdl_localization_node-1] Warning: Invalid frame ID "robot_odom" passed to canTransform argument fixed_frame - frame does not exist
[hdl_localization_node-1]          at line 95 in ./src/buffer_core.cpp
[hdl_localization_node-1] Warning: Invalid frame ID "robot_odom" passed to canTransform argument fixed_frame - frame does not exist
[hdl_localization_node-1]          at line 95 in ./src/buffer_core.cpp
[hdl_localization_node-1] Warning: Invalid frame ID "robot_odom" passed to canTransform argument fixed_frame - frame does not exist
[hdl_localization_node-1]          at line 95 in ./src/buffer_core.cpp
[hdl_localization_node-1] Warning: Invalid frame ID "robot_odom" passed to canTransform argument fixed_frame - frame does not exist
[hdl_localization_node-1]          at line 95 in ./src/buffer_core.cpp
[hdl_localization_node-1] Warning: Invalid frame ID "robot_odom" passed to canTransform argument fixed_frame - frame does not exist
[hdl_localization_node-1]          at line 95 in ./src/buffer_core.cpp
[hdl_localization_node-1] Warning: Invalid frame ID "robot_odom" passed to canTransform argument fixed_frame - frame does not exist
[hdl_localization_node-1]          at line 95 in ./src/buffer_core.cpp
[hdl_localization_node-1] Warning: Invalid frame ID "robot_odom" passed to canTransform argument fixed_frame - frame does not exist
[hdl_localization_node-1]          at line 95 in ./src/buffer_core.cpp
[hdl_localization_node-1] Warning: Invalid frame ID "robot_odom" passed to canTransform argument fixed_frame - frame does not exist
[hdl_localization_node-1]          at line 95 in ./src/buffer_core.cpp
[hdl_localization_node-1] Warning: Invalid frame ID "robot_odom" passed to canTransform argument fixed_frame - frame does not exist
[hdl_localization_node-1]          at line 95 in ./src/buffer_core.cpp
[hdl_localization_node-1] Warning: Invalid frame ID "robot_odom" passed to canTransform argument fixed_frame - frame does not exist
[hdl_localization_node-1]          at line 95 in ./src/buffer_core.cpp
[hdl_localization_node-1] Warning: Invalid frame ID "robot_odom" passed to canTransform argument fixed_frame - frame does not exist
[hdl_localization_node-1]          at line 95 in ./src/buffer_core.cpp
[hdl_localization_node-1] Warning: Invalid frame ID "robot_odom" passed to canTransform argument fixed_frame - frame does not exist
[hdl_localization_node-1]          at line 95 in ./src/buffer_core.cpp
[hdl_localization_node-1] Warning: Invalid frame ID "robot_odom" passed to canTransform argument fixed_frame - frame does not exist
[hdl_localization_node-1]          at line 95 in ./src/buffer_core.cpp
[hdl_localization_node-1] Warning: Invalid frame ID "robot_odom" passed to canTransform argument fixed_frame - frame does not exist
[hdl_localization_node-1]          at line 95 in ./src/buffer_core.cpp
[hdl_localization_node-1] Warning: Invalid frame ID "robot_odom" passed to canTransform argument fixed_frame - frame does not exist
[hdl_localization_node-1]          at line 95 in ./src/buffer_core.cpp
[hdl_localization_node-1] Warning: Invalid frame ID "robot_odom" passed to canTransform argument fixed_frame - frame does not exist
[hdl_localization_node-1]          at line 95 in ./src/buffer_core.cpp
[hdl_localization_node-1] Warning: Invalid frame ID "robot_odom" passed to canTransform argument fixed_frame - frame does not exist
[hdl_localization_node-1]          at line 95 in ./src/buffer_core.cpp
[hdl_localization_node-1] Warning: Invalid frame ID "robot_odom" passed to canTransform argument fixed_frame - frame does not exist
[hdl_localization_node-1]          at line 95 in ./src/buffer_core.cpp
[hdl_localization_node-1] Warning: Invalid frame ID "robot_odom" passed to canTransform argument fixed_frame - frame does not exist
[hdl_localization_node-1]          at line 95 in ./src/buffer_core.cpp
[hdl_localization_node-1] Warning: Invalid frame ID "robot_odom" passed to canTransform argument fixed_frame - frame does not exist
[hdl_localization_node-1]          at line 95 in ./src/buffer_core.cpp
[hdl_localization_node-1] Warning: Invalid frame ID "robot_odom" passed to canTransform argument fixed_frame - frame does not exist
[hdl_localization_node-1]          at line 95 in ./src/buffer_core.cpp
[hdl_localization_node-1] Warning: Invalid frame ID "robot_odom" passed to canTransform argument fixed_frame - frame does not exist
[hdl_localization_node-1]          at line 95 in ./src/buffer_core.cpp
[hdl_localization_node-1] Warning: Invalid frame ID "robot_odom" passed to canTransform argument fixed_frame - frame does not exist
[hdl_localization_node-1]          at line 95 in ./src/buffer_core.cpp
[hdl_localization_node-1] Warning: Invalid frame ID "robot_odom" passed to canTransform argument fixed_frame - frame does not exist
[hdl_localization_node-1]          at line 95 in ./src/buffer_core.cpp
[hdl_localization_node-1] Warning: Invalid frame ID "robot_odom" passed to canTransform argument fixed_frame - frame does not exist
[hdl_localization_node-1]          at line 95 in ./src/buffer_core.cpp
[hdl_localization_node-1] Warning: Invalid frame ID "robot_odom" passed to canTransform argument fixed_frame - frame does not exist
[hdl_localization_node-1]          at line 95 in ./src/buffer_core.cpp
[hdl_localization_node-1] Warning: Invalid frame ID "robot_odom" passed to canTransform argument fixed_frame - frame does not exist
[hdl_localization_node-1]          at line 95 in ./src/buffer_core.cpp
[hdl_localization_node-1] Warning: Invalid frame ID "robot_odom" passed to canTransform argument fixed_frame - frame does not exist
[hdl_localization_node-1]          at line 95 in ./src/buffer_core.cpp
[hdl_localization_node-1] Warning: Invalid frame ID "robot_odom" passed to canTransform argument fixed_frame - frame does not exist
[hdl_localization_node-1]          at line 95 in ./src/buffer_core.cpp
[hdl_localization_node-1] Warning: Invalid frame ID "robot_odom" passed to canTransform argument fixed_frame - frame does not exist
[hdl_localization_node-1]          at line 95 in ./src/buffer_core.cpp
[hdl_localization_node-1] Warning: Invalid frame ID "robot_odom" passed to canTransform argument fixed_frame - frame does not exist
[hdl_localization_node-1]          at line 95 in ./src/buffer_core.cpp
[hdl_localization_node-1] Warning: Invalid frame ID "robot_odom" passed to canTransform argument fixed_frame - frame does not exist
[hdl_localization_node-1]          at line 95 in ./src/buffer_core.cpp
[hdl_localization_node-1] Warning: Invalid frame ID "robot_odom" passed to canTransform argument fixed_frame - frame does not exist
[hdl_localization_node-1]          at line 95 in ./src/buffer_core.cpp
[hdl_localization_node-1] Warning: Invalid frame ID "robot_odom" passed to canTransform argument fixed_frame - frame does not exist
[hdl_localization_node-1]          at line 95 in ./src/buffer_core.cpp
[hdl_localization_node-1] Warning: Invalid frame ID "robot_odom" passed to canTransform argument fixed_frame - frame does not exist
[hdl_localization_node-1]          at line 95 in ./src/buffer_core.cpp
[hdl_localization_node-1] Warning: Invalid frame ID "robot_odom" passed to canTransform argument fixed_frame - frame does not exist
[hdl_localization_node-1]          at line 95 in ./src/buffer_core.cpp
[hdl_localization_node-1] Warning: Invalid frame ID "robot_odom" passed to canTransform argument fixed_frame - frame does not exist
[hdl_localization_node-1]          at line 95 in ./src/buffer_core.cpp
[hdl_localization_node-1] Warning: Invalid frame ID "robot_odom" passed to canTransform argument fixed_frame - frame does not exist
[hdl_localization_node-1]          at line 95 in ./src/buffer_core.cpp
[hdl_localization_node-1] Warning: Invalid frame ID "robot_odom" passed to canTransform argument fixed_frame - frame does not exist
[hdl_localization_node-1]          at line 95 in ./src/buffer_core.cpp
[hdl_localization_node-1] Warning: Invalid frame ID "robot_odom" passed to canTransform argument fixed_frame - frame does not exist
[hdl_localization_node-1]          at line 95 in ./src/buffer_core.cpp
[hdl_localization_node-1] Warning: Invalid frame ID "robot_odom" passed to canTransform argument fixed_frame - frame does not exist
[hdl_localization_node-1]          at line 95 in ./src/buffer_core.cpp
[hdl_localization_node-1] Warning: Invalid frame ID "robot_odom" passed to canTransform argument fixed_frame - frame does not exist
[hdl_localization_node-1]          at line 95 in ./src/buffer_core.cpp
[hdl_localization_node-1] Warning: Invalid frame ID "robot_odom" passed to canTransform argument fixed_frame - frame does not exist
[hdl_localization_node-1]          at line 95 in ./src/buffer_core.cpp
[hdl_localization_node-1] Warning: Invalid frame ID "robot_odom" passed to canTransform argument fixed_frame - frame does not exist
[hdl_localization_node-1]          at line 95 in ./src/buffer_core.cpp
[hdl_localization_node-1] Warning: Invalid frame ID "robot_odom" passed to canTransform argument fixed_frame - frame does not exist
[hdl_localization_node-1]          at line 95 in ./src/buffer_core.cpp
[hdl_localization_node-1] Warning: Invalid frame ID "robot_odom" passed to canTransform argument fixed_frame - frame does not exist
[hdl_localization_node-1]          at line 95 in ./src/buffer_core.cpp
[hdl_localization_node-1] Warning: Invalid frame ID "robot_odom" passed to canTransform argument fixed_frame - frame does not exist
[hdl_localization_node-1]          at line 95 in ./src/buffer_core.cpp
[hdl_localization_node-1] Warning: Invalid frame ID "robot_odom" passed to canTransform argument fixed_frame - frame does not exist
[hdl_localization_node-1]          at line 95 in ./src/buffer_core.cpp
[hdl_localization_node-1] Warning: Invalid frame ID "robot_odom" passed to canTransform argument fixed_frame - frame does not exist
[hdl_localization_node-1]          at line 95 in ./src/buffer_core.cpp
[hdl_localization_node-1] Warning: Invalid frame ID "robot_odom" passed to canTransform argument fixed_frame - frame does not exist
[hdl_localization_node-1]          at line 95 in ./src/buffer_core.cpp
[hdl_localization_node-1] Warning: Invalid frame ID "robot_odom" passed to canTransform argument fixed_frame - frame does not exist
[hdl_localization_node-1]          at line 95 in ./src/buffer_core.cpp
[hdl_localization_node-1] Warning: Invalid frame ID "robot_odom" passed to canTransform argument fixed_frame - frame does not exist
[hdl_localization_node-1]          at line 95 in ./src/buffer_core.cpp
[hdl_localization_node-1] Warning: Invalid frame ID "robot_odom" passed to canTransform argument fixed_frame - frame does not exist
[hdl_localization_node-1]          at line 95 in ./src/buffer_core.cpp
[hdl_localization_node-1] Warning: Invalid frame ID "robot_odom" passed to canTransform argument fixed_frame - frame does not exist
[hdl_localization_node-1]          at line 95 in ./src/buffer_core.cpp
[hdl_localization_node-1] Warning: Invalid frame ID "robot_odom" passed to canTransform argument fixed_frame - frame does not exist
[hdl_localization_node-1]          at line 95 in ./src/buffer_core.cpp
[hdl_localization_node-1] Warning: Invalid frame ID "robot_odom" passed to canTransform argument fixed_frame - frame does not exist
[hdl_localization_node-1]          at line 95 in ./src/buffer_core.cpp
[hdl_localization_node-1] Warning: Invalid frame ID "robot_odom" passed to canTransform argument fixed_frame - frame does not exist
[hdl_localization_node-1]          at line 95 in ./src/buffer_core.cpp
[hdl_localization_node-1] Warning: Invalid frame ID "robot_odom" passed to canTransform argument fixed_frame - frame does not exist
[hdl_localization_node-1]          at line 95 in ./src/buffer_core.cpp
[hdl_localization_node-1] Warning: Invalid frame ID "robot_odom" passed to canTransform argument fixed_frame - frame does not exist
[hdl_localization_node-1]          at line 95 in ./src/buffer_core.cpp
[hdl_localization_node-1] Warning: Invalid frame ID "robot_odom" passed to canTransform argument fixed_frame - frame does not exist
[hdl_localization_node-1]          at line 95 in ./src/buffer_core.cpp
[hdl_localization_node-1] Warning: Invalid frame ID "robot_odom" passed to canTransform argument fixed_frame - frame does not exist
[hdl_localization_node-1]          at line 95 in ./src/buffer_core.cpp
[hdl_localization_node-1] Warning: Invalid frame ID "robot_odom" passed to canTransform argument fixed_frame - frame does not exist
[hdl_localization_node-1]          at line 95 in ./src/buffer_core.cpp
[hdl_localization_node-1] Warning: Invalid frame ID "robot_odom" passed to canTransform argument fixed_frame - frame does not exist
[hdl_localization_node-1]          at line 95 in ./src/buffer_core.cpp
[hdl_localization_node-1] Warning: Invalid frame ID "robot_odom" passed to canTransform argument fixed_frame - frame does not exist
[hdl_localization_node-1]          at line 95 in ./src/buffer_core.cpp
[hdl_localization_node-1] Warning: Invalid frame ID "robot_odom" passed to canTransform argument fixed_frame - frame does not exist
[hdl_localization_node-1]          at line 95 in ./src/buffer_core.cpp
[hdl_localization_node-1] Warning: Invalid frame ID "robot_odom" passed to canTransform argument fixed_frame - frame does not exist
[hdl_localization_node-1]          at line 95 in ./src/buffer_core.cpp
[hdl_localization_node-1] Warning: Invalid frame ID "robot_odom" passed to canTransform argument fixed_frame - frame does not exist
[hdl_localization_node-1]          at line 95 in ./src/buffer_core.cpp
[hdl_localization_node-1] Warning: Invalid frame ID "robot_odom" passed to canTransform argument fixed_frame - frame does not exist
[hdl_localization_node-1]          at line 95 in ./src/buffer_core.cpp
[hdl_localization_node-1] Warning: Invalid frame ID "robot_odom" passed to canTransform argument fixed_frame - frame does not exist
[hdl_localization_node-1]          at line 95 in ./src/buffer_core.cpp
[hdl_localization_node-1] Warning: Invalid frame ID "robot_odom" passed to canTransform argument fixed_frame - frame does not exist
[hdl_localization_node-1]          at line 95 in ./src/buffer_core.cpp
[hdl_localization_node-1] Warning: Invalid frame ID "robot_odom" passed to canTransform argument fixed_frame - frame does not exist
[hdl_localization_node-1]          at line 95 in ./src/buffer_core.cpp
[hdl_localization_node-1] Warning: Invalid frame ID "robot_odom" passed to canTransform argument fixed_frame - frame does not exist
[hdl_localization_node-1]          at line 95 in ./src/buffer_core.cpp
[hdl_localization_node-1] Warning: Invalid frame ID "robot_odom" passed to canTransform argument fixed_frame - frame does not exist
[hdl_localization_node-1]          at line 95 in ./src/buffer_core.cpp
[hdl_localization_node-1] Warning: Invalid frame ID "robot_odom" passed to canTransform argument fixed_frame - frame does not exist
[hdl_localization_node-1]          at line 95 in ./src/buffer_core.cpp
[hdl_localization_node-1] Warning: Invalid frame ID "robot_odom" passed to canTransform argument fixed_frame - frame does not exist
[hdl_localization_node-1]          at line 95 in ./src/buffer_core.cpp
[hdl_localization_node-1] Warning: Invalid frame ID "robot_odom" passed to canTransform argument fixed_frame - frame does not exist
[hdl_localization_node-1]          at line 95 in ./src/buffer_core.cpp
[hdl_localization_node-1] Warning: Invalid frame ID "robot_odom" passed to canTransform argument fixed_frame - frame does not exist
[hdl_localization_node-1]          at line 95 in ./src/buffer_core.cpp
[hdl_localization_node-1] Warning: Invalid frame ID "robot_odom" passed to canTransform argument fixed_frame - frame does not exist
[hdl_localization_node-1]          at line 95 in ./src/buffer_core.cpp
[hdl_localization_node-1] Warning: Invalid frame ID "robot_odom" passed to canTransform argument fixed_frame - frame does not exist
[hdl_localization_node-1]          at line 95 in ./src/buffer_core.cpp
[hdl_localization_node-1] Warning: Invalid frame ID "robot_odom" passed to canTransform argument fixed_frame - frame does not exist
[hdl_localization_node-1]          at line 95 in ./src/buffer_core.cpp
[hdl_localization_node-1] Warning: Invalid frame ID "robot_odom" passed to canTransform argument fixed_frame - frame does not exist
[hdl_localization_node-1]          at line 95 in ./src/buffer_core.cpp
[hdl_localization_node-1] Warning: Invalid frame ID "robot_odom" passed to canTransform argument fixed_frame - frame does not exist
[hdl_localization_node-1]          at line 95 in ./src/buffer_core.cpp
[hdl_localization_node-1] Warning: Invalid frame ID "robot_odom" passed to canTransform argument fixed_frame - frame does not exist
[hdl_localization_node-1]          at line 95 in ./src/buffer_core.cpp
[hdl_localization_node-1] Warning: Invalid frame ID "robot_odom" passed to canTransform argument fixed_frame - frame does not exist
[hdl_localization_node-1]          at line 95 in ./src/buffer_core.cpp
[hdl_localization_node-1] Warning: Invalid frame ID "robot_odom" passed to canTransform argument fixed_frame - frame does not exist
[hdl_localization_node-1]          at line 95 in ./src/buffer_core.cpp
[hdl_localization_node-1] Warning: Invalid frame ID "robot_odom" passed to canTransform argument fixed_frame - frame does not exist
[hdl_localization_node-1]          at line 95 in ./src/buffer_core.cpp
[hdl_localization_node-1] Warning: Invalid frame ID "robot_odom" passed to canTransform argument fixed_frame - frame does not exist
[hdl_localization_node-1]          at line 95 in ./src/buffer_core.cpp
[hdl_localization_node-1] Warning: Invalid frame ID "robot_odom" passed to canTransform argument fixed_frame - frame does not exist
[hdl_localization_node-1]          at line 95 in ./src/buffer_core.cpp
[hdl_localization_node-1] Warning: Invalid frame ID "robot_odom" passed to canTransform argument fixed_frame - frame does not exist
[hdl_localization_node-1]          at line 95 in ./src/buffer_core.cpp
[hdl_localization_node-1] Warning: Invalid frame ID "robot_odom" passed to canTransform argument fixed_frame - frame does not exist
[hdl_localization_node-1]          at line 95 in ./src/buffer_core.cpp
[hdl_localization_node-1] Warning: Invalid frame ID "robot_odom" passed to canTransform argument fixed_frame - frame does not exist
[hdl_localization_node-1]          at line 95 in ./src/buffer_core.cpp
[hdl_localization_node-1] Warning: Invalid frame ID "robot_odom" passed to canTransform argument fixed_frame - frame does not exist
[hdl_localization_node-1]          at line 95 in ./src/buffer_core.cpp
[hdl_localization_node-1] Warning: Invalid frame ID "robot_odom" passed to canTransform argument fixed_frame - frame does not exist
[hdl_localization_node-1]          at line 95 in ./src/buffer_core.cpp
[INFO] [1789838698.215578942] [rosbag2_cpp]: Writing remaining messages from cache to the bag. It may take a while
[INFO] [1789838698.216873596] [rosbag2_recorder]: Event publisher thread: Exiting
[INFO] [1789838698.217160790] [rosbag2_recorder]: Recording stopped
[hdl_localization_node-1] Warning: Invalid frame ID "robot_odom" passed to canTransform argument fixed_frame - frame does not exist
[hdl_localization_node-1]          at line 95 in ./src/buffer_core.cpp
[hdl_localization_node-1] Warning: Invalid frame ID "robot_odom" passed to canTransform argument fixed_frame - frame does not exist
[hdl_localization_node-1]          at line 95 in ./src/buffer_core.cpp
[hdl_localization_node-1] Warning: Invalid frame ID "robot_odom" passed to canTransform argument fixed_frame - frame does not exist
[hdl_localization_node-1]          at line 95 in ./src/buffer_core.cpp
[hdl_localization_node-1] Warning: Invalid frame ID "robot_odom" passed to canTransform argument fixed_frame - frame does not exist
[hdl_localization_node-1]          at line 95 in ./src/buffer_core.cpp
[hdl_localization_node-1] Warning: Invalid frame ID "robot_odom" passed to canTransform argument fixed_frame - frame does not exist
[hdl_localization_node-1]          at line 95 in ./src/buffer_core.cpp
[hdl_localization_node-1] Warning: Invalid frame ID "robot_odom" passed to canTransform argument fixed_frame - frame does not exist
[hdl_localization_node-1]          at line 95 in ./src/buffer_core.cpp
[hdl_localization_node-1] Warning: Invalid frame ID "robot_odom" passed to canTransform argument fixed_frame - frame does not exist
[hdl_localization_node-1]          at line 95 in ./src/buffer_core.cpp
[hdl_localization_node-1] Warning: Invalid frame ID "robot_odom" passed to canTransform argument fixed_frame - frame does not exist
[hdl_localization_node-1]          at line 95 in ./src/buffer_core.cpp
[hdl_localization_node-1] Warning: Invalid frame ID "robot_odom" passed to canTransform argument fixed_frame - frame does not exist
[hdl_localization_node-1]          at line 95 in ./src/buffer_core.cpp
[hdl_localization_node-1] Warning: Invalid frame ID "robot_odom" passed to canTransform argument fixed_frame - frame does not exist
[hdl_localization_node-1]          at line 95 in ./src/buffer_core.cpp
[hdl_localization_node-1] Warning: Invalid frame ID "robot_odom" passed to canTransform argument fixed_frame - frame does not exist
[hdl_localization_node-1]          at line 95 in ./src/buffer_core.cpp
[hdl_localization_node-1] Warning: Invalid frame ID "robot_odom" passed to canTransform argument fixed_frame - frame does not exist
[hdl_localization_node-1]          at line 95 in ./src/buffer_core.cpp
[hdl_localization_node-1] Warning: Invalid frame ID "robot_odom" passed to canTransform argument fixed_frame - frame does not exist
[hdl_localization_node-1]          at line 95 in ./src/buffer_core.cpp
[hdl_localization_node-1] Warning: Invalid frame ID "robot_odom" passed to canTransform argument fixed_frame - frame does not exist
[hdl_localization_node-1]          at line 95 in ./src/buffer_core.cpp
[hdl_localization_node-1] Warning: Invalid frame ID "robot_odom" passed to canTransform argument fixed_frame - frame does not exist
[hdl_localization_node-1]          at line 95 in ./src/buffer_core.cpp
[hdl_localization_node-1] Warning: Invalid frame ID "robot_odom" passed to canTransform argument fixed_frame - frame does not exist
[hdl_localization_node-1]          at line 95 in ./src/buffer_core.cpp
[hdl_localization_node-1] Warning: Invalid frame ID "robot_odom" passed to canTransform argument fixed_frame - frame does not exist
[hdl_localization_node-1]          at line 95 in ./src/buffer_core.cpp
[hdl_localization_node-1] Warning: Invalid frame ID "robot_odom" passed to canTransform argument fixed_frame - frame does not exist
[hdl_localization_node-1]          at line 95 in ./src/buffer_core.cpp
[hdl_localization_node-1] Warning: Invalid frame ID "robot_odom" passed to canTransform argument fixed_frame - frame does not exist
[hdl_localization_node-1]          at line 95 in ./src/buffer_core.cpp
[hdl_localization_node-1] Warning: Invalid frame ID "robot_odom" passed to canTransform argument fixed_frame - frame does not exist
[hdl_localization_node-1]          at line 95 in ./src/buffer_core.cpp
[hdl_localization_node-1] Warning: Invalid frame ID "robot_odom" passed to canTransform argument fixed_frame - frame does not exist
[hdl_localization_node-1]          at line 95 in ./src/buffer_core.cpp
[hdl_localization_node-1] Warning: Invalid frame ID "robot_odom" passed to canTransform argument fixed_frame - frame does not exist
[hdl_localization_node-1]          at line 95 in ./src/buffer_core.cpp
[hdl_localization_node-1] Warning: Invalid frame ID "robot_odom" passed to canTransform argument fixed_frame - frame does not exist
[hdl_localization_node-1]          at line 95 in ./src/buffer_core.cpp
[hdl_localization_node-1] Warning: Invalid frame ID "robot_odom" passed to canTransform argument fixed_frame - frame does not exist
[hdl_localization_node-1]          at line 95 in ./src/buffer_core.cpp
[hdl_localization_node-1] Warning: Invalid frame ID "robot_odom" passed to canTransform argument fixed_frame - frame does not exist
[hdl_localization_node-1]          at line 95 in ./src/buffer_core.cpp
[hdl_localization_node-1] Warning: Invalid frame ID "robot_odom" passed to canTransform argument fixed_frame - frame does not exist
[hdl_localization_node-1]          at line 95 in ./src/buffer_core.cpp
[hdl_localization_node-1] Warning: Invalid frame ID "robot_odom" passed to canTransform argument fixed_frame - frame does not exist
[hdl_localization_node-1]          at line 95 in ./src/buffer_core.cpp
[hdl_localization_node-1] Warning: Invalid frame ID "robot_odom" passed to canTransform argument fixed_frame - frame does not exist
[hdl_localization_node-1]          at line 95 in ./src/buffer_core.cpp
[hdl_localization_node-1] Warning: Invalid frame ID "robot_odom" passed to canTransform argument fixed_frame - frame does not exist
[hdl_localization_node-1]          at line 95 in ./src/buffer_core.cpp
[hdl_localization_node-1] Warning: Invalid frame ID "robot_odom" passed to canTransform argument fixed_frame - frame does not exist
[hdl_localization_node-1]          at line 95 in ./src/buffer_core.cpp
[hdl_localization_node-1] Warning: Invalid frame ID "robot_odom" passed to canTransform argument fixed_frame - frame does not exist
[hdl_localization_node-1]          at line 95 in ./src/buffer_core.cpp
[hdl_localization_node-1] Warning: Invalid frame ID "robot_odom" passed to canTransform argument fixed_frame - frame does not exist
[hdl_localization_node-1]          at line 95 in ./src/buffer_core.cpp
[hdl_localization_node-1] Warning: Invalid frame ID "robot_odom" passed to canTransform argument fixed_frame - frame does not exist
[hdl_localization_node-1]          at line 95 in ./src/buffer_core.cpp
[hdl_localization_node-1] Warning: Invalid frame ID "robot_odom" passed to canTransform argument fixed_frame - frame does not exist
[hdl_localization_node-1]          at line 95 in ./src/buffer_core.cpp
[hdl_localization_node-1] Warning: Invalid frame ID "robot_odom" passed to canTransform argument fixed_frame - frame does not exist
[hdl_localization_node-1]          at line 95 in ./src/buffer_core.cpp
[hdl_localization_node-1] Warning: Invalid frame ID "robot_odom" passed to canTransform argument fixed_frame - frame does not exist
[hdl_localization_node-1]          at line 95 in ./src/buffer_core.cpp
[hdl_localization_node-1] Warning: Invalid frame ID "robot_odom" passed to canTransform argument fixed_frame - frame does not exist
[hdl_localization_node-1]          at line 95 in ./src/buffer_core.cpp
[hdl_localization_node-1] Warning: Invalid frame ID "robot_odom" passed to canTransform argument fixed_frame - frame does not exist
[hdl_localization_node-1]          at line 95 in ./src/buffer_core.cpp
[hdl_localization_node-1] Warning: Invalid frame ID "robot_odom" passed to canTransform argument fixed_frame - frame does not exist
[hdl_localization_node-1]          at line 95 in ./src/buffer_core.cpp
[hdl_localization_node-1] Warning: Invalid frame ID "robot_odom" passed to canTransform argument fixed_frame - frame does not exist
[hdl_localization_node-1]          at line 95 in ./src/buffer_core.cpp
[hdl_localization_node-1] Warning: Invalid frame ID "robot_odom" passed to canTransform argument fixed_frame - frame does not exist
[hdl_localization_node-1]          at line 95 in ./src/buffer_core.cpp
[hdl_localization_node-1] Warning: Invalid frame ID "robot_odom" passed to canTransform argument fixed_frame - frame does not exist
[hdl_localization_node-1]          at line 95 in ./src/buffer_core.cpp
[hdl_localization_node-1] Warning: Invalid frame ID "robot_odom" passed to canTransform argument fixed_frame - frame does not exist
[hdl_localization_node-1]          at line 95 in ./src/buffer_core.cpp
[hdl_localization_node-1] Warning: Invalid frame ID "robot_odom" passed to canTransform argument fixed_frame - frame does not exist
[hdl_localization_node-1]          at line 95 in ./src/buffer_core.cpp
[hdl_localization_node-1] Warning: Invalid frame ID "robot_odom" passed to canTransform argument fixed_frame - frame does not exist
[hdl_localization_node-1]          at line 95 in ./src/buffer_core.cpp
[hdl_localization_node-1] Warning: Invalid frame ID "robot_odom" passed to canTransform argument fixed_frame - frame does not exist
[hdl_localization_node-1]          at line 95 in ./src/buffer_core.cpp
[hdl_localization_node-1] Warning: Invalid frame ID "robot_odom" passed to canTransform argument fixed_frame - frame does not exist
[hdl_localization_node-1]          at line 95 in ./src/buffer_core.cpp
[hdl_localization_node-1] Warning: Invalid frame ID "robot_odom" passed to canTransform argument fixed_frame - frame does not exist
[hdl_localization_node-1]          at line 95 in ./src/buffer_core.cpp
[hdl_localization_node-1] Warning: Invalid frame ID "robot_odom" passed to canTransform argument fixed_frame - frame does not exist
[hdl_localization_node-1]          at line 95 in ./src/buffer_core.cpp
[hdl_localization_node-1] Warning: Invalid frame ID "robot_odom" passed to canTransform argument fixed_frame - frame does not exist
[hdl_localization_node-1]          at line 95 in ./src/buffer_core.cpp
[hdl_localization_node-1] Warning: Invalid frame ID "robot_odom" passed to canTransform argument fixed_frame - frame does not exist
[hdl_localization_node-1]          at line 95 in ./src/buffer_core.cpp
[hdl_localization_node-1] Warning: Invalid frame ID "robot_odom" passed to canTransform argument fixed_frame - frame does not exist
[hdl_localization_node-1]          at line 95 in ./src/buffer_core.cpp
[hdl_localization_node-1] Warning: Invalid frame ID "robot_odom" passed to canTransform argument fixed_frame - frame does not exist
[hdl_localization_node-1]          at line 95 in ./src/buffer_core.cpp
[hdl_localization_node-1] Warning: Invalid frame ID "robot_odom" passed to canTransform argument fixed_frame - frame does not exist
[hdl_localization_node-1]          at line 95 in ./src/buffer_core.cpp
[hdl_localization_node-1] Warning: Invalid frame ID "robot_odom" passed to canTransform argument fixed_frame - frame does not exist
[hdl_localization_node-1]          at line 95 in ./src/buffer_core.cpp
[hdl_localization_node-1] Warning: Invalid frame ID "robot_odom" passed to canTransform argument fixed_frame - frame does not exist
[hdl_localization_node-1]          at line 95 in ./src/buffer_core.cpp
[hdl_localization_node-1] Warning: Invalid frame ID "robot_odom" passed to canTransform argument fixed_frame - frame does not exist
[hdl_localization_node-1]          at line 95 in ./src/buffer_core.cpp
[hdl_localization_node-1] Warning: Invalid frame ID "robot_odom" passed to canTransform argument fixed_frame - frame does not exist
[hdl_localization_node-1]          at line 95 in ./src/buffer_core.cpp
[hdl_localization_node-1] Warning: Invalid frame ID "robot_odom" passed to canTransform argument fixed_frame - frame does not exist
[hdl_localization_node-1]          at line 95 in ./src/buffer_core.cpp
[hdl_localization_node-1] Warning: Invalid frame ID "robot_odom" passed to canTransform argument fixed_frame - frame does not exist
[hdl_localization_node-1]          at line 95 in ./src/buffer_core.cpp
[hdl_localization_node-1] Warning: Invalid frame ID "robot_odom" passed to canTransform argument fixed_frame - frame does not exist
[hdl_localization_node-1]          at line 95 in ./src/buffer_core.cpp
[hdl_localization_node-1] Warning: Invalid frame ID "robot_odom" passed to canTransform argument fixed_frame - frame does not exist
[hdl_localization_node-1]          at line 95 in ./src/buffer_core.cpp
[hdl_localization_node-1] Warning: Invalid frame ID "robot_odom" passed to canTransform argument fixed_frame - frame does not exist
[hdl_localization_node-1]          at line 95 in ./src/buffer_core.cpp
[hdl_localization_node-1] Warning: Invalid frame ID "robot_odom" passed to canTransform argument fixed_frame - frame does not exist
[hdl_localization_node-1]          at line 95 in ./src/buffer_core.cpp
[hdl_localization_node-1] Warning: Invalid frame ID "robot_odom" passed to canTransform argument fixed_frame - frame does not exist
[hdl_localization_node-1]          at line 95 in ./src/buffer_core.cpp
[hdl_localization_node-1] Warning: Invalid frame ID "robot_odom" passed to canTransform argument fixed_frame - frame does not exist
[hdl_localization_node-1]          at line 95 in ./src/buffer_core.cpp
[hdl_localization_node-1] Warning: Invalid frame ID "robot_odom" passed to canTransform argument fixed_frame - frame does not exist
[hdl_localization_node-1]          at line 95 in ./src/buffer_core.cpp
[hdl_localization_node-1] Warning: Invalid frame ID "robot_odom" passed to canTransform argument fixed_frame - frame does not exist
[hdl_localization_node-1]          at line 95 in ./src/buffer_core.cpp
[hdl_localization_node-1] Warning: Invalid frame ID "robot_odom" passed to canTransform argument fixed_frame - frame does not exist
[hdl_localization_node-1]          at line 95 in ./src/buffer_core.cpp
[hdl_localization_node-1] Warning: Invalid frame ID "robot_odom" passed to canTransform argument fixed_frame - frame does not exist
[hdl_localization_node-1]          at line 95 in ./src/buffer_core.cpp
[hdl_localization_node-1] Warning: Invalid frame ID "robot_odom" passed to canTransform argument fixed_frame - frame does not exist
[hdl_localization_node-1]          at line 95 in ./src/buffer_core.cpp
[hdl_localization_node-1] Warning: Invalid frame ID "robot_odom" passed to canTransform argument fixed_frame - frame does not exist
[hdl_localization_node-1]          at line 95 in ./src/buffer_core.cpp
[hdl_localization_node-1] Warning: Invalid frame ID "robot_odom" passed to canTransform argument fixed_frame - frame does not exist
[hdl_localization_node-1]          at line 95 in ./src/buffer_core.cpp
[hdl_localization_node-1] Warning: Invalid frame ID "robot_odom" passed to canTransform argument fixed_frame - frame does not exist
[hdl_localization_node-1]          at line 95 in ./src/buffer_core.cpp
[hdl_localization_node-1] Warning: Invalid frame ID "robot_odom" passed to canTransform argument fixed_frame - frame does not exist
[hdl_localization_node-1]          at line 95 in ./src/buffer_core.cpp
[hdl_localization_node-1] Warning: Invalid frame ID "robot_odom" passed to canTransform argument fixed_frame - frame does not exist
[hdl_localization_node-1]          at line 95 in ./src/buffer_core.cpp
[hdl_localization_node-1] Warning: Invalid frame ID "robot_odom" passed to canTransform argument fixed_frame - frame does not exist
[hdl_localization_node-1]          at line 95 in ./src/buffer_core.cpp
[hdl_localization_node-1] Warning: Invalid frame ID "robot_odom" passed to canTransform argument fixed_frame - frame does not exist
[hdl_localization_node-1]          at line 95 in ./src/buffer_core.cpp
[hdl_localization_node-1] Warning: Invalid frame ID "robot_odom" passed to canTransform argument fixed_frame - frame does not exist
[hdl_localization_node-1]          at line 95 in ./src/buffer_core.cpp
[hdl_localization_node-1] Warning: Invalid frame ID "robot_odom" passed to canTransform argument fixed_frame - frame does not exist
[hdl_localization_node-1]          at line 95 in ./src/buffer_core.cpp
[hdl_localization_node-1] Warning: Invalid frame ID "robot_odom" passed to canTransform argument fixed_frame - frame does not exist
[hdl_localization_node-1]          at line 95 in ./src/buffer_core.cpp
[hdl_localization_node-1] Warning: Invalid frame ID "robot_odom" passed to canTransform argument fixed_frame - frame does not exist
[hdl_localization_node-1]          at line 95 in ./src/buffer_core.cpp
[hdl_localization_node-1] Warning: Invalid frame ID "robot_odom" passed to canTransform argument fixed_frame - frame does not exist
[hdl_localization_node-1]          at line 95 in ./src/buffer_core.cpp
[hdl_localization_node-1] Warning: Invalid frame ID "robot_odom" passed to canTransform argument fixed_frame - frame does not exist
[hdl_localization_node-1]          at line 95 in ./src/buffer_core.cpp
[hdl_localization_node-1] Warning: Invalid frame ID "robot_odom" passed to canTransform argument fixed_frame - frame does not exist
[hdl_localization_node-1]          at line 95 in ./src/buffer_core.cpp
[hdl_localization_node-1] Warning: Invalid frame ID "robot_odom" passed to canTransform argument fixed_frame - frame does not exist
[hdl_localization_node-1]          at line 95 in ./src/buffer_core.cpp
[hdl_localization_node-1] Warning: Invalid frame ID "robot_odom" passed to canTransform argument fixed_frame - frame does not exist
[hdl_localization_node-1]          at line 95 in ./src/buffer_core.cpp
[hdl_localization_node-1] Warning: Invalid frame ID "robot_odom" passed to canTransform argument fixed_frame - frame does not exist
[hdl_localization_node-1]          at line 95 in ./src/buffer_core.cpp
[hdl_localization_node-1] Warning: Invalid frame ID "robot_odom" passed to canTransform argument fixed_frame - frame does not exist
[hdl_localization_node-1]          at line 95 in ./src/buffer_core.cpp
[hdl_localization_node-1] Warning: Invalid frame ID "robot_odom" passed to canTransform argument fixed_frame - frame does not exist
[hdl_localization_node-1]          at line 95 in ./src/buffer_core.cpp
[hdl_localization_node-1] Warning: Invalid frame ID "robot_odom" passed to canTransform argument fixed_frame - frame does not exist
[hdl_localization_node-1]          at line 95 in ./src/buffer_core.cpp
[hdl_localization_node-1] Warning: Invalid frame ID "robot_odom" passed to canTransform argument fixed_frame - frame does not exist
[hdl_localization_node-1]          at line 95 in ./src/buffer_core.cpp
[hdl_localization_node-1] Warning: Invalid frame ID "robot_odom" passed to canTransform argument fixed_frame - frame does not exist
[hdl_localization_node-1]          at line 95 in ./src/buffer_core.cpp
[hdl_localization_node-1] Warning: Invalid frame ID "robot_odom" passed to canTransform argument fixed_frame - frame does not exist
[hdl_localization_node-1]          at line 95 in ./src/buffer_core.cpp
[hdl_localization_node-1] Warning: Invalid frame ID "robot_odom" passed to canTransform argument fixed_frame - frame does not exist
[hdl_localization_node-1]          at line 95 in ./src/buffer_core.cpp
[hdl_localization_node-1] Warning: Invalid frame ID "robot_odom" passed to canTransform argument fixed_frame - frame does not exist
[hdl_localization_node-1]          at line 95 in ./src/buffer_core.cpp
[hdl_localization_node-1] Warning: Invalid frame ID "robot_odom" passed to canTransform argument fixed_frame - frame does not exist
[hdl_localization_node-1]          at line 95 in ./src/buffer_core.cpp
[hdl_localization_node-1] Warning: Invalid frame ID "robot_odom" passed to canTransform argument fixed_frame - frame does not exist
[hdl_localization_node-1]          at line 95 in ./src/buffer_core.cpp
[hdl_localization_node-1] Warning: Invalid frame ID "robot_odom" passed to canTransform argument fixed_frame - frame does not exist
[hdl_localization_node-1]          at line 95 in ./src/buffer_core.cpp
[hdl_localization_node-1] Warning: Invalid frame ID "robot_odom" passed to canTransform argument fixed_frame - frame does not exist
[hdl_localization_node-1]          at line 95 in ./src/buffer_core.cpp
[hdl_localization_node-1] Warning: Invalid frame ID "robot_odom" passed to canTransform argument fixed_frame - frame does not exist
[hdl_localization_node-1]          at line 95 in ./src/buffer_core.cpp
[hdl_localization_node-1] Warning: Invalid frame ID "robot_odom" passed to canTransform argument fixed_frame - frame does not exist
[hdl_localization_node-1]          at line 95 in ./src/buffer_core.cpp
[hdl_localization_node-1] Warning: Invalid frame ID "robot_odom" passed to canTransform argument fixed_frame - frame does not exist
[hdl_localization_node-1]          at line 95 in ./src/buffer_core.cpp
[hdl_localization_node-1] Warning: Invalid frame ID "robot_odom" passed to canTransform argument fixed_frame - frame does not exist
[hdl_localization_node-1]          at line 95 in ./src/buffer_core.cpp
[hdl_localization_node-1] Warning: Invalid frame ID "robot_odom" passed to canTransform argument fixed_frame - frame does not exist
[hdl_localization_node-1]          at line 95 in ./src/buffer_core.cpp
[hdl_localization_node-1] Warning: Invalid frame ID "robot_odom" passed to canTransform argument fixed_frame - frame does not exist
[hdl_localization_node-1]          at line 95 in ./src/buffer_core.cpp
[hdl_localization_node-1] Warning: Invalid frame ID "robot_odom" passed to canTransform argument fixed_frame - frame does not exist
[hdl_localization_node-1]          at line 95 in ./src/buffer_core.cpp
[hdl_localization_node-1] Warning: Invalid frame ID "robot_odom" passed to canTransform argument fixed_frame - frame does not exist
[hdl_localization_node-1]          at line 95 in ./src/buffer_core.cpp
[hdl_localization_node-1] Warning: Invalid frame ID "robot_odom" passed to canTransform argument fixed_frame - frame does not exist
[hdl_localization_node-1]          at line 95 in ./src/buffer_core.cpp
[hdl_localization_node-1] Warning: Invalid frame ID "robot_odom" passed to canTransform argument fixed_frame - frame does not exist
[hdl_localization_node-1]          at line 95 in ./src/buffer_core.cpp
[hdl_localization_node-1] Warning: Invalid frame ID "robot_odom" passed to canTransform argument fixed_frame - frame does not exist
[hdl_localization_node-1]          at line 95 in ./src/buffer_core.cpp
[hdl_localization_node-1] Warning: Invalid frame ID "robot_odom" passed to canTransform argument fixed_frame - frame does not exist
[hdl_localization_node-1]          at line 95 in ./src/buffer_core.cpp
[hdl_localization_node-1] Warning: Invalid frame ID "robot_odom" passed to canTransform argument fixed_frame - frame does not exist
[hdl_localization_node-1]          at line 95 in ./src/buffer_core.cpp
[hdl_localization_node-1] Warning: Invalid frame ID "robot_odom" passed to canTransform argument fixed_frame - frame does not exist
[hdl_localization_node-1]          at line 95 in ./src/buffer_core.cpp
[hdl_localization_node-1] Warning: Invalid frame ID "robot_odom" passed to canTransform argument fixed_frame - frame does not exist
[hdl_localization_node-1]          at line 95 in ./src/buffer_core.cpp
[hdl_localization_node-1] Warning: Invalid frame ID "robot_odom" passed to canTransform argument fixed_frame - frame does not exist
[hdl_localization_node-1]          at line 95 in ./src/buffer_core.cpp
[hdl_localization_node-1] Warning: Invalid frame ID "robot_odom" passed to canTransform argument fixed_frame - frame does not exist
[hdl_localization_node-1]          at line 95 in ./src/buffer_core.cpp
[hdl_localization_node-1] Warning: Invalid frame ID "robot_odom" passed to canTransform argument fixed_frame - frame does not exist
[hdl_localization_node-1]          at line 95 in ./src/buffer_core.cpp
[hdl_localization_node-1] Warning: Invalid frame ID "robot_odom" passed to canTransform argument fixed_frame - frame does not exist
[hdl_localization_node-1]          at line 95 in ./src/buffer_core.cpp
[hdl_localization_node-1] Warning: Invalid frame ID "robot_odom" passed to canTransform argument fixed_frame - frame does not exist
[hdl_localization_node-1]          at line 95 in ./src/buffer_core.cpp
[hdl_localization_node-1] Warning: Invalid frame ID "robot_odom" passed to canTransform argument fixed_frame - frame does not exist
[hdl_localization_node-1]          at line 95 in ./src/buffer_core.cpp
[hdl_localization_node-1] Warning: Invalid frame ID "robot_odom" passed to canTransform argument fixed_frame - frame does not exist
[hdl_localization_node-1]          at line 95 in ./src/buffer_core.cpp
[hdl_localization_node-1] Warning: Invalid frame ID "robot_odom" passed to canTransform argument fixed_frame - frame does not exist
[hdl_localization_node-1]          at line 95 in ./src/buffer_core.cpp
[hdl_localization_node-1] Warning: Invalid frame ID "robot_odom" passed to canTransform argument fixed_frame - frame does not exist
[hdl_localization_node-1]          at line 95 in ./src/buffer_core.cpp
[hdl_localization_node-1] Warning: Invalid frame ID "robot_odom" passed to canTransform argument fixed_frame - frame does not exist
[hdl_localization_node-1]          at line 95 in ./src/buffer_core.cpp
[hdl_localization_node-1] Warning: Invalid frame ID "robot_odom" passed to canTransform argument fixed_frame - frame does not exist
[hdl_localization_node-1]          at line 95 in ./src/buffer_core.cpp
[hdl_localization_node-1] Warning: Invalid frame ID "robot_odom" passed to canTransform argument fixed_frame - frame does not exist
[hdl_localization_node-1]          at line 95 in ./src/buffer_core.cpp
[hdl_localization_node-1] Warning: Invalid frame ID "robot_odom" passed to canTransform argument fixed_frame - frame does not exist
[hdl_localization_node-1]          at line 95 in ./src/buffer_core.cpp
[hdl_localization_node-1] Warning: Invalid frame ID "robot_odom" passed to canTransform argument fixed_frame - frame does not exist
[hdl_localization_node-1]          at line 95 in ./src/buffer_core.cpp
[hdl_localization_node-1] Warning: Invalid frame ID "robot_odom" passed to canTransform argument fixed_frame - frame does not exist
[hdl_localization_node-1]          at line 95 in ./src/buffer_core.cpp
[hdl_localization_node-1] Warning: Invalid frame ID "robot_odom" passed to canTransform argument fixed_frame - frame does not exist
[hdl_localization_node-1]          at line 95 in ./src/buffer_core.cpp
[hdl_localization_node-1] Warning: Invalid frame ID "robot_odom" passed to canTransform argument fixed_frame - frame does not exist
[hdl_localization_node-1]          at line 95 in ./src/buffer_core.cpp
[hdl_localization_node-1] Warning: Invalid frame ID "robot_odom" passed to canTransform argument fixed_frame - frame does not exist
[hdl_localization_node-1]          at line 95 in ./src/buffer_core.cpp
[hdl_localization_node-1] Warning: Invalid frame ID "robot_odom" passed to canTransform argument fixed_frame - frame does not exist
[hdl_localization_node-1]          at line 95 in ./src/buffer_core.cpp
[hdl_localization_node-1] Warning: Invalid frame ID "robot_odom" passed to canTransform argument fixed_frame - frame does not exist
[hdl_localization_node-1]          at line 95 in ./src/buffer_core.cpp
[hdl_localization_node-1] Warning: Invalid frame ID "robot_odom" passed to canTransform argument fixed_frame - frame does not exist
[hdl_localization_node-1]          at line 95 in ./src/buffer_core.cpp
[hdl_localization_node-1] Warning: Invalid frame ID "robot_odom" passed to canTransform argument fixed_frame - frame does not exist
[hdl_localization_node-1]          at line 95 in ./src/buffer_core.cpp
[hdl_localization_node-1] Warning: Invalid frame ID "robot_odom" passed to canTransform argument fixed_frame - frame does not exist
[hdl_localization_node-1]          at line 95 in ./src/buffer_core.cpp
[hdl_localization_node-1] Warning: Invalid frame ID "robot_odom" passed to canTransform argument fixed_frame - frame does not exist
[hdl_localization_node-1]          at line 95 in ./src/buffer_core.cpp
[hdl_localization_node-1] Warning: Invalid frame ID "robot_odom" passed to canTransform argument fixed_frame - frame does not exist
[hdl_localization_node-1]          at line 95 in ./src/buffer_core.cpp
[hdl_localization_node-1] Warning: Invalid frame ID "robot_odom" passed to canTransform argument fixed_frame - frame does not exist
[hdl_localization_node-1]          at line 95 in ./src/buffer_core.cpp
[hdl_localization_node-1] Warning: Invalid frame ID "robot_odom" passed to canTransform argument fixed_frame - frame does not exist
[hdl_localization_node-1]          at line 95 in ./src/buffer_core.cpp
[hdl_localization_node-1] Warning: Invalid frame ID "robot_odom" passed to canTransform argument fixed_frame - frame does not exist
[hdl_localization_node-1]          at line 95 in ./src/buffer_core.cpp
[hdl_localization_node-1] Warning: Invalid frame ID "robot_odom" passed to canTransform argument fixed_frame - frame does not exist
[hdl_localization_node-1]          at line 95 in ./src/buffer_core.cpp
[hdl_localization_node-1] Warning: Invalid frame ID "robot_odom" passed to canTransform argument fixed_frame - frame does not exist
[hdl_localization_node-1]          at line 95 in ./src/buffer_core.cpp
[hdl_localization_node-1] Warning: Invalid frame ID "robot_odom" passed to canTransform argument fixed_frame - frame does not exist
[hdl_localization_node-1]          at line 95 in ./src/buffer_core.cpp
[hdl_localization_node-1] Warning: Invalid frame ID "robot_odom" passed to canTransform argument fixed_frame - frame does not exist
[hdl_localization_node-1]          at line 95 in ./src/buffer_core.cpp
[hdl_localization_node-1] Warning: Invalid frame ID "robot_odom" passed to canTransform argument fixed_frame - frame does not exist
[hdl_localization_node-1]          at line 95 in ./src/buffer_core.cpp
[hdl_localization_node-1] Warning: Invalid frame ID "robot_odom" passed to canTransform argument fixed_frame - frame does not exist
[hdl_localization_node-1]          at line 95 in ./src/buffer_core.cpp
[hdl_localization_node-1] Warning: Invalid frame ID "robot_odom" passed to canTransform argument fixed_frame - frame does not exist
[hdl_localization_node-1]          at line 95 in ./src/buffer_core.cpp
[hdl_localization_node-1] Warning: Invalid frame ID "robot_odom" passed to canTransform argument fixed_frame - frame does not exist
[hdl_localization_node-1]          at line 95 in ./src/buffer_core.cpp
[hdl_localization_node-1] Warning: Invalid frame ID "robot_odom" passed to canTransform argument fixed_frame - frame does not exist
[hdl_localization_node-1]          at line 95 in ./src/buffer_core.cpp
[hdl_localization_node-1] Warning: Invalid frame ID "robot_odom" passed to canTransform argument fixed_frame - frame does not exist
[hdl_localization_node-1]          at line 95 in ./src/buffer_core.cpp
[hdl_localization_node-1] Warning: Invalid frame ID "robot_odom" passed to canTransform argument fixed_frame - frame does not exist
[hdl_localization_node-1]          at line 95 in ./src/buffer_core.cpp
[hdl_localization_node-1] Warning: Invalid frame ID "robot_odom" passed to canTransform argument fixed_frame - frame does not exist
[hdl_localization_node-1]          at line 95 in ./src/buffer_core.cpp
[hdl_localization_node-1] Warning: Invalid frame ID "robot_odom" passed to canTransform argument fixed_frame - frame does not exist
[hdl_localization_node-1]          at line 95 in ./src/buffer_core.cpp
[hdl_localization_node-1] Warning: Invalid frame ID "robot_odom" passed to canTransform argument fixed_frame - frame does not exist
[hdl_localization_node-1]          at line 95 in ./src/buffer_core.cpp
[hdl_localization_node-1] Warning: Invalid frame ID "robot_odom" passed to canTransform argument fixed_frame - frame does not exist
[hdl_localization_node-1]          at line 95 in ./src/buffer_core.cpp
[hdl_localization_node-1] Warning: Invalid frame ID "robot_odom" passed to canTransform argument fixed_frame - frame does not exist
[hdl_localization_node-1]          at line 95 in ./src/buffer_core.cpp
[hdl_localization_node-1] Warning: Invalid frame ID "robot_odom" passed to canTransform argument fixed_frame - frame does not exist
[hdl_localization_node-1]          at line 95 in ./src/buffer_core.cpp
[hdl_localization_node-1] Warning: Invalid frame ID "robot_odom" passed to canTransform argument fixed_frame - frame does not exist
[hdl_localization_node-1]          at line 95 in ./src/buffer_core.cpp
[hdl_localization_node-1] Warning: Invalid frame ID "robot_odom" passed to canTransform argument fixed_frame - frame does not exist
[hdl_localization_node-1]          at line 95 in ./src/buffer_core.cpp
[hdl_localization_node-1] Warning: Invalid frame ID "robot_odom" passed to canTransform argument fixed_frame - frame does not exist
[hdl_localization_node-1]          at line 95 in ./src/buffer_core.cpp
[hdl_localization_node-1] Warning: Invalid frame ID "robot_odom" passed to canTransform argument fixed_frame - frame does not exist
[hdl_localization_node-1]          at line 95 in ./src/buffer_core.cpp
[hdl_localization_node-1] Warning: Invalid frame ID "robot_odom" passed to canTransform argument fixed_frame - frame does not exist
[hdl_localization_node-1]          at line 95 in ./src/buffer_core.cpp
[hdl_localization_node-1] Warning: Invalid frame ID "robot_odom" passed to canTransform argument fixed_frame - frame does not exist
[hdl_localization_node-1]          at line 95 in ./src/buffer_core.cpp
[hdl_localization_node-1] Warning: Invalid frame ID "robot_odom" passed to canTransform argument fixed_frame - frame does not exist
[hdl_localization_node-1]          at line 95 in ./src/buffer_core.cpp
[hdl_localization_node-1] Warning: Invalid frame ID "robot_odom" passed to canTransform argument fixed_frame - frame does not exist
[hdl_localization_node-1]          at line 95 in ./src/buffer_core.cpp
[hdl_localization_node-1] Warning: Invalid frame ID "robot_odom" passed to canTransform argument fixed_frame - frame does not exist
[hdl_localization_node-1]          at line 95 in ./src/buffer_core.cpp
[hdl_localization_node-1] Warning: Invalid frame ID "robot_odom" passed to canTransform argument fixed_frame - frame does not exist
[hdl_localization_node-1]          at line 95 in ./src/buffer_core.cpp
[hdl_localization_node-1] Warning: Invalid frame ID "robot_odom" passed to canTransform argument fixed_frame - frame does not exist
[hdl_localization_node-1]          at line 95 in ./src/buffer_core.cpp
[hdl_localization_node-1] Warning: Invalid frame ID "robot_odom" passed to canTransform argument fixed_frame - frame does not exist
[hdl_localization_node-1]          at line 95 in ./src/buffer_core.cpp
[hdl_localization_node-1] Warning: Invalid frame ID "robot_odom" passed to canTransform argument fixed_frame - frame does not exist
[hdl_localization_node-1]          at line 95 in ./src/buffer_core.cpp
[hdl_localization_node-1] Warning: Invalid frame ID "robot_odom" passed to canTransform argument fixed_frame - frame does not exist
[hdl_localization_node-1]          at line 95 in ./src/buffer_core.cpp
[hdl_localization_node-1] Warning: Invalid frame ID "robot_odom" passed to canTransform argument fixed_frame - frame does not exist
[hdl_localization_node-1]          at line 95 in ./src/buffer_core.cpp
[hdl_localization_node-1] Warning: Invalid frame ID "robot_odom" passed to canTransform argument fixed_frame - frame does not exist
[hdl_localization_node-1]          at line 95 in ./src/buffer_core.cpp
[hdl_localization_node-1] Warning: Invalid frame ID "robot_odom" passed to canTransform argument fixed_frame - frame does not exist
[hdl_localization_node-1]          at line 95 in ./src/buffer_core.cpp
[hdl_localization_node-1] Warning: Invalid frame ID "robot_odom" passed to canTransform argument fixed_frame - frame does not exist
[hdl_localization_node-1]          at line 95 in ./src/buffer_core.cpp
[hdl_localization_node-1] Warning: Invalid frame ID "robot_odom" passed to canTransform argument fixed_frame - frame does not exist
[hdl_localization_node-1]          at line 95 in ./src/buffer_core.cpp
[hdl_localization_node-1] Warning: Invalid frame ID "robot_odom" passed to canTransform argument fixed_frame - frame does not exist
[hdl_localization_node-1]          at line 95 in ./src/buffer_core.cpp
[hdl_localization_node-1] Warning: Invalid frame ID "robot_odom" passed to canTransform argument fixed_frame - frame does not exist
[hdl_localization_node-1]          at line 95 in ./src/buffer_core.cpp
[hdl_localization_node-1] Warning: Invalid frame ID "robot_odom" passed to canTransform argument fixed_frame - frame does not exist
[hdl_localization_node-1]          at line 95 in ./src/buffer_core.cpp
[hdl_localization_node-1] Warning: Invalid frame ID "robot_odom" passed to canTransform argument fixed_frame - frame does not exist
[hdl_localization_node-1]          at line 95 in ./src/buffer_core.cpp
[hdl_localization_node-1] Warning: Invalid frame ID "robot_odom" passed to canTransform argument fixed_frame - frame does not exist
[hdl_localization_node-1]          at line 95 in ./src/buffer_core.cpp
[hdl_localization_node-1] Warning: Invalid frame ID "robot_odom" passed to canTransform argument fixed_frame - frame does not exist
[hdl_localization_node-1]          at line 95 in ./src/buffer_core.cpp
[hdl_localization_node-1] Warning: Invalid frame ID "robot_odom" passed to canTransform argument fixed_frame - frame does not exist
[hdl_localization_node-1]          at line 95 in ./src/buffer_core.cpp
[hdl_localization_node-1] Warning: Invalid frame ID "robot_odom" passed to canTransform argument fixed_frame - frame does not exist
[hdl_localization_node-1]          at line 95 in ./src/buffer_core.cpp
[hdl_localization_node-1] Warning: Invalid frame ID "robot_odom" passed to canTransform argument fixed_frame - frame does not exist
[hdl_localization_node-1]          at line 95 in ./src/buffer_core.cpp
[hdl_localization_node-1] Warning: Invalid frame ID "robot_odom" passed to canTransform argument fixed_frame - frame does not exist
[hdl_localization_node-1]          at line 95 in ./src/buffer_core.cpp
[hdl_localization_node-1] Warning: Invalid frame ID "robot_odom" passed to canTransform argument fixed_frame - frame does not exist
[hdl_localization_node-1]          at line 95 in ./src/buffer_core.cpp
[hdl_localization_node-1] Warning: Invalid frame ID "robot_odom" passed to canTransform argument fixed_frame - frame does not exist
[hdl_localization_node-1]          at line 95 in ./src/buffer_core.cpp
[hdl_localization_node-1] Warning: Invalid frame ID "robot_odom" passed to canTransform argument fixed_frame - frame does not exist
[hdl_localization_node-1]          at line 95 in ./src/buffer_core.cpp
[hdl_localization_node-1] Warning: Invalid frame ID "robot_odom" passed to canTransform argument fixed_frame - frame does not exist
[hdl_localization_node-1]          at line 95 in ./src/buffer_core.cpp
[hdl_localization_node-1] Warning: Invalid frame ID "robot_odom" passed to canTransform argument fixed_frame - frame does not exist
[hdl_localization_node-1]          at line 95 in ./src/buffer_core.cpp
[hdl_localization_node-1] Warning: Invalid frame ID "robot_odom" passed to canTransform argument fixed_frame - frame does not exist
[hdl_localization_node-1]          at line 95 in ./src/buffer_core.cpp
[hdl_localization_node-1] Warning: Invalid frame ID "robot_odom" passed to canTransform argument fixed_frame - frame does not exist
[hdl_localization_node-1]          at line 95 in ./src/buffer_core.cpp
[hdl_localization_node-1] Warning: Invalid frame ID "robot_odom" passed to canTransform argument fixed_frame - frame does not exist
[hdl_localization_node-1]          at line 95 in ./src/buffer_core.cpp
[hdl_localization_node-1] Warning: Invalid frame ID "robot_odom" passed to canTransform argument fixed_frame - frame does not exist
[hdl_localization_node-1]          at line 95 in ./src/buffer_core.cpp
[hdl_localization_node-1] Warning: Invalid frame ID "robot_odom" passed to canTransform argument fixed_frame - frame does not exist
[hdl_localization_node-1]          at line 95 in ./src/buffer_core.cpp
[hdl_localization_node-1] Warning: Invalid frame ID "robot_odom" passed to canTransform argument fixed_frame - frame does not exist
[hdl_localization_node-1]          at line 95 in ./src/buffer_core.cpp
[hdl_localization_node-1] Warning: Invalid frame ID "robot_odom" passed to canTransform argument fixed_frame - frame does not exist
[hdl_localization_node-1]          at line 95 in ./src/buffer_core.cpp
[hdl_localization_node-1] Warning: Invalid frame ID "robot_odom" passed to canTransform argument fixed_frame - frame does not exist
[hdl_localization_node-1]          at line 95 in ./src/buffer_core.cpp
[hdl_localization_node-1] Warning: Invalid frame ID "robot_odom" passed to canTransform argument fixed_frame - frame does not exist
[hdl_localization_node-1]          at line 95 in ./src/buffer_core.cpp
[hdl_localization_node-1] Warning: Invalid frame ID "robot_odom" passed to canTransform argument fixed_frame - frame does not exist
[hdl_localization_node-1]          at line 95 in ./src/buffer_core.cpp
[hdl_localization_node-1] Warning: Invalid frame ID "robot_odom" passed to canTransform argument fixed_frame - frame does not exist
[hdl_localization_node-1]          at line 95 in ./src/buffer_core.cpp
[hdl_localization_node-1] Warning: Invalid frame ID "robot_odom" passed to canTransform argument fixed_frame - frame does not exist
[hdl_localization_node-1]          at line 95 in ./src/buffer_core.cpp
[hdl_localization_node-1] Warning: Invalid frame ID "robot_odom" passed to canTransform argument fixed_frame - frame does not exist
[hdl_localization_node-1]          at line 95 in ./src/buffer_core.cpp
[hdl_localization_node-1] Warning: Invalid frame ID "robot_odom" passed to canTransform argument fixed_frame - frame does not exist
[hdl_localization_node-1]          at line 95 in ./src/buffer_core.cpp
[hdl_localization_node-1] Warning: Invalid frame ID "robot_odom" passed to canTransform argument fixed_frame - frame does not exist
[hdl_localization_node-1]          at line 95 in ./src/buffer_core.cpp
[hdl_localization_node-1] Warning: Invalid frame ID "robot_odom" passed to canTransform argument fixed_frame - frame does not exist
[hdl_localization_node-1]          at line 95 in ./src/buffer_core.cpp
[hdl_localization_node-1] Warning: Invalid frame ID "robot_odom" passed to canTransform argument fixed_frame - frame does not exist
[hdl_localization_node-1]          at line 95 in ./src/buffer_core.cpp
[hdl_localization_node-1] Warning: Invalid frame ID "robot_odom" passed to canTransform argument fixed_frame - frame does not exist
[hdl_localization_node-1]          at line 95 in ./src/buffer_core.cpp
[hdl_localization_node-1] Warning: Invalid frame ID "robot_odom" passed to canTransform argument fixed_frame - frame does not exist
[hdl_localization_node-1]          at line 95 in ./src/buffer_core.cpp
[hdl_localization_node-1] Warning: Invalid frame ID "robot_odom" passed to canTransform argument fixed_frame - frame does not exist
[hdl_localization_node-1]          at line 95 in ./src/buffer_core.cpp
[hdl_localization_node-1] Warning: Invalid frame ID "robot_odom" passed to canTransform argument fixed_frame - frame does not exist
[hdl_localization_node-1]          at line 95 in ./src/buffer_core.cpp
[hdl_localization_node-1] Warning: Invalid frame ID "robot_odom" passed to canTransform argument fixed_frame - frame does not exist
[hdl_localization_node-1]          at line 95 in ./src/buffer_core.cpp
[hdl_localization_node-1] Warning: Invalid frame ID "robot_odom" passed to canTransform argument fixed_frame - frame does not exist
[hdl_localization_node-1]          at line 95 in ./src/buffer_core.cpp
[hdl_localization_node-1] Warning: Invalid frame ID "robot_odom" passed to canTransform argument fixed_frame - frame does not exist
[hdl_localization_node-1]          at line 95 in ./src/buffer_core.cpp
[hdl_localization_node-1] Warning: Invalid frame ID "robot_odom" passed to canTransform argument fixed_frame - frame does not exist
[hdl_localization_node-1]          at line 95 in ./src/buffer_core.cpp
[hdl_localization_node-1] Warning: Invalid frame ID "robot_odom" passed to canTransform argument fixed_frame - frame does not exist
[hdl_localization_node-1]          at line 95 in ./src/buffer_core.cpp
[hdl_localization_node-1] Warning: Invalid frame ID "robot_odom" passed to canTransform argument fixed_frame - frame does not exist
[hdl_localization_node-1]          at line 95 in ./src/buffer_core.cpp
[hdl_localization_node-1] Warning: Invalid frame ID "robot_odom" passed to canTransform argument fixed_frame - frame does not exist
[hdl_localization_node-1]          at line 95 in ./src/buffer_core.cpp
[hdl_localization_node-1] Warning: Invalid frame ID "robot_odom" passed to canTransform argument fixed_frame - frame does not exist
[hdl_localization_node-1]          at line 95 in ./src/buffer_core.cpp
[hdl_localization_node-1] Warning: Invalid frame ID "robot_odom" passed to canTransform argument fixed_frame - frame does not exist
[hdl_localization_node-1]          at line 95 in ./src/buffer_core.cpp
[hdl_localization_node-1] Warning: Invalid frame ID "robot_odom" passed to canTransform argument fixed_frame - frame does not exist
[hdl_localization_node-1]          at line 95 in ./src/buffer_core.cpp
[hdl_localization_node-1] Warning: Invalid frame ID "robot_odom" passed to canTransform argument fixed_frame - frame does not exist
[hdl_localization_node-1]          at line 95 in ./src/buffer_core.cpp
[hdl_localization_node-1] Warning: Invalid frame ID "robot_odom" passed to canTransform argument fixed_frame - frame does not exist
[hdl_localization_node-1]          at line 95 in ./src/buffer_core.cpp
[hdl_localization_node-1] Warning: Invalid frame ID "robot_odom" passed to canTransform argument fixed_frame - frame does not exist
[hdl_localization_node-1]          at line 95 in ./src/buffer_core.cpp
[hdl_localization_node-1] Warning: Invalid frame ID "robot_odom" passed to canTransform argument fixed_frame - frame does not exist
[hdl_localization_node-1]          at line 95 in ./src/buffer_core.cpp
[hdl_localization_node-1] Warning: Invalid frame ID "robot_odom" passed to canTransform argument fixed_frame - frame does not exist
[hdl_localization_node-1]          at line 95 in ./src/buffer_core.cpp
[hdl_localization_node-1] Warning: Invalid frame ID "robot_odom" passed to canTransform argument fixed_frame - frame does not exist
[hdl_localization_node-1]          at line 95 in ./src/buffer_core.cpp
[hdl_localization_node-1] Warning: Invalid frame ID "robot_odom" passed to canTransform argument fixed_frame - frame does not exist
[hdl_localization_node-1]          at line 95 in ./src/buffer_core.cpp
[hdl_localization_node-1] Warning: Invalid frame ID "robot_odom" passed to canTransform argument fixed_frame - frame does not exist
[hdl_localization_node-1]          at line 95 in ./src/buffer_core.cpp
[hdl_localization_node-1] Warning: Invalid frame ID "robot_odom" passed to canTransform argument fixed_frame - frame does not exist
[hdl_localization_node-1]          at line 95 in ./src/buffer_core.cpp
[hdl_localization_node-1] Warning: Invalid frame ID "robot_odom" passed to canTransform argument fixed_frame - frame does not exist
[hdl_localization_node-1]          at line 95 in ./src/buffer_core.cpp
[hdl_localization_node-1] Warning: Invalid frame ID "robot_odom" passed to canTransform argument fixed_frame - frame does not exist
[hdl_localization_node-1]          at line 95 in ./src/buffer_core.cpp
[hdl_localization_node-1] Warning: Invalid frame ID "robot_odom" passed to canTransform argument fixed_frame - frame does not exist
[hdl_localization_node-1]          at line 95 in ./src/buffer_core.cpp
[hdl_localization_node-1] Warning: Invalid frame ID "robot_odom" passed to canTransform argument fixed_frame - frame does not exist
[hdl_localization_node-1]          at line 95 in ./src/buffer_core.cpp
[hdl_localization_node-1] Warning: Invalid frame ID "robot_odom" passed to canTransform argument fixed_frame - frame does not exist
[hdl_localization_node-1]          at line 95 in ./src/buffer_core.cpp
[hdl_localization_node-1] Warning: Invalid frame ID "robot_odom" passed to canTransform argument fixed_frame - frame does not exist
[hdl_localization_node-1]          at line 95 in ./src/buffer_core.cpp
[hdl_localization_node-1] Warning: Invalid frame ID "robot_odom" passed to canTransform argument fixed_frame - frame does not exist
[hdl_localization_node-1]          at line 95 in ./src/buffer_core.cpp
[hdl_localization_node-1] Warning: Invalid frame ID "robot_odom" passed to canTransform argument fixed_frame - frame does not exist
[hdl_localization_node-1]          at line 95 in ./src/buffer_core.cpp
[hdl_localization_node-1] Warning: Invalid frame ID "robot_odom" passed to canTransform argument fixed_frame - frame does not exist
[hdl_localization_node-1]          at line 95 in ./src/buffer_core.cpp
[hdl_localization_node-1] Warning: Invalid frame ID "robot_odom" passed to canTransform argument fixed_frame - frame does not exist
[hdl_localization_node-1]          at line 95 in ./src/buffer_core.cpp
[hdl_localization_node-1] Warning: Invalid frame ID "robot_odom" passed to canTransform argument fixed_frame - frame does not exist
[hdl_localization_node-1]          at line 95 in ./src/buffer_core.cpp
[hdl_localization_node-1] Warning: Invalid frame ID "robot_odom" passed to canTransform argument fixed_frame - frame does not exist
[hdl_localization_node-1]          at line 95 in ./src/buffer_core.cpp
[hdl_localization_node-1] Warning: Invalid frame ID "robot_odom" passed to canTransform argument fixed_frame - frame does not exist
[hdl_localization_node-1]          at line 95 in ./src/buffer_core.cpp
[hdl_localization_node-1] Warning: Invalid frame ID "robot_odom" passed to canTransform argument fixed_frame - frame does not exist
[hdl_localization_node-1]          at line 95 in ./src/buffer_core.cpp
[hdl_localization_node-1] Warning: Invalid frame ID "robot_odom" passed to canTransform argument fixed_frame - frame does not exist
[hdl_localization_node-1]          at line 95 in ./src/buffer_core.cpp
[hdl_localization_node-1] Warning: Invalid frame ID "robot_odom" passed to canTransform argument fixed_frame - frame does not exist
[hdl_localization_node-1]          at line 95 in ./src/buffer_core.cpp
[hdl_localization_node-1] Warning: Invalid frame ID "robot_odom" passed to canTransform argument fixed_frame - frame does not exist
[hdl_localization_node-1]          at line 95 in ./src/buffer_core.cpp
[hdl_localization_node-1] Warning: Invalid frame ID "robot_odom" passed to canTransform argument fixed_frame - frame does not exist
[hdl_localization_node-1]          at line 95 in ./src/buffer_core.cpp
[hdl_localization_node-1] Warning: Invalid frame ID "robot_odom" passed to canTransform argument fixed_frame - frame does not exist
[hdl_localization_node-1]          at line 95 in ./src/buffer_core.cpp
[hdl_localization_node-1] Warning: Invalid frame ID "robot_odom" passed to canTransform argument fixed_frame - frame does not exist
[hdl_localization_node-1]          at line 95 in ./src/buffer_core.cpp
[hdl_localization_node-1] Warning: Invalid frame ID "robot_odom" passed to canTransform argument fixed_frame - frame does not exist
[hdl_localization_node-1]          at line 95 in ./src/buffer_core.cpp
[hdl_localization_node-1] Warning: Invalid frame ID "robot_odom" passed to canTransform argument fixed_frame - frame does not exist
[hdl_localization_node-1]          at line 95 in ./src/buffer_core.cpp
[hdl_localization_node-1] Warning: Invalid frame ID "robot_odom" passed to canTransform argument fixed_frame - frame does not exist
[hdl_localization_node-1]          at line 95 in ./src/buffer_core.cpp
[hdl_localization_node-1] Warning: Invalid frame ID "robot_odom" passed to canTransform argument fixed_frame - frame does not exist
[hdl_localization_node-1]          at line 95 in ./src/buffer_core.cpp
[hdl_localization_node-1] Warning: Invalid frame ID "robot_odom" passed to canTransform argument fixed_frame - frame does not exist
[hdl_localization_node-1]          at line 95 in ./src/buffer_core.cpp
[hdl_localization_node-1] Warning: Invalid frame ID "robot_odom" passed to canTransform argument fixed_frame - frame does not exist
[hdl_localization_node-1]          at line 95 in ./src/buffer_core.cpp
[hdl_localization_node-1] Warning: Invalid frame ID "robot_odom" passed to canTransform argument fixed_frame - frame does not exist
[hdl_localization_node-1]          at line 95 in ./src/buffer_core.cpp
[hdl_localization_node-1] Warning: Invalid frame ID "robot_odom" passed to canTransform argument fixed_frame - frame does not exist
[hdl_localization_node-1]          at line 95 in ./src/buffer_core.cpp
[hdl_localization_node-1] Warning: Invalid frame ID "robot_odom" passed to canTransform argument fixed_frame - frame does not exist
[hdl_localization_node-1]          at line 95 in ./src/buffer_core.cpp
[hdl_localization_node-1] Warning: Invalid frame ID "robot_odom" passed to canTransform argument fixed_frame - frame does not exist
[hdl_localization_node-1]          at line 95 in ./src/buffer_core.cpp
[hdl_localization_node-1] Warning: Invalid frame ID "robot_odom" passed to canTransform argument fixed_frame - frame does not exist
[hdl_localization_node-1]          at line 95 in ./src/buffer_core.cpp
[hdl_localization_node-1] Warning: Invalid frame ID "robot_odom" passed to canTransform argument fixed_frame - frame does not exist
[hdl_localization_node-1]          at line 95 in ./src/buffer_core.cpp
[hdl_localization_node-1] Warning: Invalid frame ID "robot_odom" passed to canTransform argument fixed_frame - frame does not exist
[hdl_localization_node-1]          at line 95 in ./src/buffer_core.cpp
[hdl_localization_node-1] Warning: Invalid frame ID "robot_odom" passed to canTransform argument fixed_frame - frame does not exist
[hdl_localization_node-1]          at line 95 in ./src/buffer_core.cpp
[hdl_localization_node-1] Warning: Invalid frame ID "robot_odom" passed to canTransform argument fixed_frame - frame does not exist
[hdl_localization_node-1]          at line 95 in ./src/buffer_core.cpp
[hdl_localization_node-1] Warning: Invalid frame ID "robot_odom" passed to canTransform argument fixed_frame - frame does not exist
[hdl_localization_node-1]          at line 95 in ./src/buffer_core.cpp
[hdl_localization_node-1] Warning: Invalid frame ID "robot_odom" passed to canTransform argument fixed_frame - frame does not exist
[hdl_localization_node-1]          at line 95 in ./src/buffer_core.cpp
[hdl_localization_node-1] Warning: Invalid frame ID "robot_odom" passed to canTransform argument fixed_frame - frame does not exist
[hdl_localization_node-1]          at line 95 in ./src/buffer_core.cpp
[hdl_localization_node-1] Warning: Invalid frame ID "robot_odom" passed to canTransform argument fixed_frame - frame does not exist
[hdl_localization_node-1]          at line 95 in ./src/buffer_core.cpp
[hdl_localization_node-1] Warning: Invalid frame ID "robot_odom" passed to canTransform argument fixed_frame - frame does not exist
[hdl_localization_node-1]          at line 95 in ./src/buffer_core.cpp
[hdl_localization_node-1] Warning: Invalid frame ID "robot_odom" passed to canTransform argument fixed_frame - frame does not exist
[hdl_localization_node-1]          at line 95 in ./src/buffer_core.cpp
[hdl_localization_node-1] Warning: Invalid frame ID "robot_odom" passed to canTransform argument fixed_frame - frame does not exist
[hdl_localization_node-1]          at line 95 in ./src/buffer_core.cpp
[hdl_localization_node-1] Warning: Invalid frame ID "robot_odom" passed to canTransform argument fixed_frame - frame does not exist
[hdl_localization_node-1]          at line 95 in ./src/buffer_core.cpp
[hdl_localization_node-1] Warning: Invalid frame ID "robot_odom" passed to canTransform argument fixed_frame - frame does not exist
[hdl_localization_node-1]          at line 95 in ./src/buffer_core.cpp
[hdl_localization_node-1] Warning: Invalid frame ID "robot_odom" passed to canTransform argument fixed_frame - frame does not exist
[hdl_localization_node-1]          at line 95 in ./src/buffer_core.cpp
[hdl_localization_node-1] Warning: Invalid frame ID "robot_odom" passed to canTransform argument fixed_frame - frame does not exist
[hdl_localization_node-1]          at line 95 in ./src/buffer_core.cpp
[hdl_localization_node-1] Warning: Invalid frame ID "robot_odom" passed to canTransform argument fixed_frame - frame does not exist
[hdl_localization_node-1]          at line 95 in ./src/buffer_core.cpp
[hdl_localization_node-1] Warning: Invalid frame ID "robot_odom" passed to canTransform argument fixed_frame - frame does not exist
[hdl_localization_node-1]          at line 95 in ./src/buffer_core.cpp
[hdl_localization_node-1] Warning: Invalid frame ID "robot_odom" passed to canTransform argument fixed_frame - frame does not exist
[hdl_localization_node-1]          at line 95 in ./src/buffer_core.cpp
[hdl_localization_node-1] Warning: Invalid frame ID "robot_odom" passed to canTransform argument fixed_frame - frame does not exist
[hdl_localization_node-1]          at line 95 in ./src/buffer_core.cpp
[hdl_localization_node-1] Warning: Invalid frame ID "robot_odom" passed to canTransform argument fixed_frame - frame does not exist
[hdl_localization_node-1]          at line 95 in ./src/buffer_core.cpp
[hdl_localization_node-1] Warning: Invalid frame ID "robot_odom" passed to canTransform argument fixed_frame - frame does not exist
[hdl_localization_node-1]          at line 95 in ./src/buffer_core.cpp
[hdl_localization_node-1] Warning: Invalid frame ID "robot_odom" passed to canTransform argument fixed_frame - frame does not exist
[hdl_localization_node-1]          at line 95 in ./src/buffer_core.cpp
[hdl_localization_node-1] Warning: Invalid frame ID "robot_odom" passed to canTransform argument fixed_frame - frame does not exist
[hdl_localization_node-1]          at line 95 in ./src/buffer_core.cpp
[hdl_localization_node-1] Warning: Invalid frame ID "robot_odom" passed to canTransform argument fixed_frame - frame does not exist
[hdl_localization_node-1]          at line 95 in ./src/buffer_core.cpp
[hdl_localization_node-1] Warning: Invalid frame ID "robot_odom" passed to canTransform argument fixed_frame - frame does not exist
[hdl_localization_node-1]          at line 95 in ./src/buffer_core.cpp
[hdl_localization_node-1] Warning: Invalid frame ID "robot_odom" passed to canTransform argument fixed_frame - frame does not exist
[hdl_localization_node-1]          at line 95 in ./src/buffer_core.cpp
[hdl_localization_node-1] Warning: Invalid frame ID "robot_odom" passed to canTransform argument fixed_frame - frame does not exist
[hdl_localization_node-1]          at line 95 in ./src/buffer_core.cpp
[hdl_localization_node-1] Warning: Invalid frame ID "robot_odom" passed to canTransform argument fixed_frame - frame does not exist
[hdl_localization_node-1]          at line 95 in ./src/buffer_core.cpp
[hdl_localization_node-1] Warning: Invalid frame ID "robot_odom" passed to canTransform argument fixed_frame - frame does not exist
[hdl_localization_node-1]          at line 95 in ./src/buffer_core.cpp
[hdl_localization_node-1] Warning: Invalid frame ID "robot_odom" passed to canTransform argument fixed_frame - frame does not exist
[hdl_localization_node-1]          at line 95 in ./src/buffer_core.cpp
[hdl_localization_node-1] Warning: Invalid frame ID "robot_odom" passed to canTransform argument fixed_frame - frame does not exist
[hdl_localization_node-1]          at line 95 in ./src/buffer_core.cpp
/root/run_localization.sh: line 35:  5510 Killed                  ros2 launch /mnt/h/projects/slam-pipeline-ros2/launch/localization.launch.py
>>> localization stage done
