t_us,x,y,z,qw,qx,qy,qz
1532402927604844,411.444978,1181.263189,0.000000,0.572009,-0.002216,0.011491,-0.820164
1532402927612460,411.419986,1181.197176,0.000000,0.572006,-0.002143,0.011564,-0.820165
1532402927620339,411.394009,1181.128833,0.000000,0.571998,-0.002068,0.011639,-0.820170
1532402927627893,411.369210,1181.063438,0.000000,0.571997,-0.001983,0.011713,-0.820169
1532402927635538,411.344339,1180.997476,0.000000,0.572011,-0.001876,0.011755,-0.820160
1532402927637525,411.337873,1180.980332,0.000000,0.572014,-0.001848,0.011764,-0.820157
1532402927639817,411.330414,1180.960557,0.000000,0.572018,-0.001815,0.011773,-0.820155
1532402927647423,411.305769,1180.895002,0.000000,0.572036,-0.001705,0.011796,-0.820142
1532402927647951,411.303935,1180.890379,0.000000,0.572032,-0.001698,0.011798,-0.820145
1532402927652686,411.289020,1180.849823,0.000000,0.572060,-0.001635,0.011824,-0.820125
1532402927662460,411.257907,1180.765922,0.000000,0.572105,-0.001515,0.011903,-0.820093
1532402927664178,411.252436,1180.751175,0.000000,0.572113,-0.001496,0.011923,-0.820087
1532402927668356,411.239184,1180.715384,0.000000,0.572136,-0.001451,0.011970,-0.820070
1532402927670339,411.232900,1180.698407,0.000000,0.572148,-0.001428,0.011996,-0.820062
1532402927677893,411.208961,1180.633734,0.000000,0.572191,-0.001338,0.012105,-0.820030
1532402927687525,411.178477,1180.551228,0.000000,0.572261,-0.001230,0.012242,-0.819979
1532402927697423,411.147355,1180.466254,0.000000,0.572393,-0.001134,0.012379,-0.819885
1532402927697752,411.146006,1180.463718,0.000000,0.572306,-0.001129,0.012384,-0.819946
1532402927704998,411.123547,1180.401214,0.000000,0.572493,-0.001070,0.012494,-0.819814
1532402927709071,411.110787,1180.366336,0.000000,0.572546,-0.001039,0.012560,-0.819776
1532402927727672,411.052579,1180.207118,0.000000,0.572784,-0.000913,0.012864,-0.819605
1532402927738502,411.018803,1180.114629,0.000000,0.572917,-0.000898,0.013017,-0.819510
1532402927739208,411.016602,1180.108599,0.000000,0.572925,-0.000898,0.013027,-0.819504
1532402927747489,410.990790,1180.037866,0.000000,0.573027,-0.000918,0.013166,-0.819431
1532402927754844,410.967450,1179.974974,0.000000,0.573074,-0.000958,0.013296,-0.819395
1532402927762460,410.943370,1179.909862,0.000000,0.573132,-0.001009,0.013420,-0.819353
1532402927770339,410.918514,1179.842600,0.000000,0.573191,-0.001064,0.013529,-0.819310
1532402927777893,410.894722,1179.778183,0.000000,0.573246,-0.001114,0.013608,-0.819269
1532402927780557,410.886332,1179.755465,0.000000,0.573266,-0.001131,0.013637,-0.819255
1532402927784675,410.873364,1179.720347,0.000000,0.573296,-0.001167,0.013671,-0.819233
1532402927787525,410.864326,1179.696052,0.000000,0.573295,-0.001193,0.013695,-0.819234
1532402927797423,410.832792,1179.611694,0.000000,0.573253,-0.001330,0.013757,-0.819262
1532402927797806,410.831517,1179.608352,0.000000,0.573270,-0.001336,0.013759,-0.819250
1532402927802716,410.815908,1179.566585,0.000000,0.573230,-0.001408,0.013788,-0.819277
1532402927813392,410.781941,1179.475762,0.000000,0.573183,-0.001566,0.013853,-0.819309
1532402927814384,410.778786,1179.467329,0.000000,0.573179,-0.001581,0.013859,-0.819312
1532402927848597,410.670303,1179.176961,0.000000,0.573055,-0.002085,0.013902,-0.819396
1532402927854844,410.649783,1179.123647,0.000000,0.573055,-0.002168,0.013874,-0.819397
1532402927855575,410.647409,1179.117421,0.000000,0.573054,-0.002178,0.013871,-0.819397
1532402927859417,410.634925,1179.084698,0.000000,0.573050,-0.002226,0.013851,-0.819400
1532402927862460,410.625036,1179.058781,0.000000,0.573047,-0.002248,0.013824,-0.819403
1532402927870339,410.599520,1178.991783,0.000000,0.573041,-0.002301,0.013753,-0.819408
1532402927872236,410.593390,1178.975668,0.000000,0.573040,-0.002308,0.013736,-0.819409
1532402927877893,410.575106,1178.927613,0.000000,0.573037,-0.002331,0.013685,-0.819412
1532402927887525,410.543989,1178.845831,0.000000,0.573032,-0.002374,0.013592,-0.819417
1532402927887718,410.543368,1178.844196,0.000000,0.573032,-0.002375,0.013590,-0.819417
1532402927888918,410.539505,1178.834027,0.000000,0.573032,-0.002380,0.013578,-0.819417
1532402927897423,410.512117,1178.761961,0.000000,0.573030,-0.002419,0.013501,-0.819419
1532402927897900,410.510401,1178.757668,0.000000,0.573025,-0.002421,0.013497,-0.819423
1532402927904844,410.488210,1178.699082,0.000000,0.573029,-0.002450,0.013436,-0.819421
1532402927912477,410.463663,1178.634180,0.000000,0.573022,-0.002479,0.013370,-0.819427
1532402927920339,410.438371,1178.567304,0.000000,0.573014,-0.002510,0.013303,-0.819434
1532402927927893,410.414119,1178.503115,0.000000,0.573008,-0.002542,0.013245,-0.819439
1532402927929742,410.408211,1178.487435,0.000000,0.573008,-0.002553,0.013234,-0.819439
1532402927930580,410.405534,1178.480329,0.000000,0.573008,-0.002558,0.013231,-0.819439
1532402927937658,410.382915,1178.420307,0.000000,0.573008,-0.002598,0.013204,-0.819439
1532402927947367,410.351971,1178.337989,0.000000,0.573007,-0.002661,0.013213,-0.819440
1532402927947423,410.351798,1178.337515,0.000000,0.573007,-0.002661,0.013213,-0.819440
1532402927947658,410.350949,1178.335509,0.000000,0.573008,-0.002655,0.013165,-0.819439
1532402927958042,410.318809,1178.247601,0.000000,0.572987,-0.002716,0.013289,-0.819452
1532402927964162,410.299779,1178.195784,0.000000,0.572976,-0.002739,0.013342,-0.819459
1532402927997981,410.194946,1177.910161,0.000000,0.572974,-0.002851,0.013690,-0.819454
1532402928000603,410.187935,1177.891174,0.000000,0.573161,-0.002855,0.013713,-0.819323
1532402928003979,410.177724,1177.863383,0.000000,0.573204,-0.002847,0.013739,-0.819293
1532402928004844,410.175108,1177.856262,0.000000,0.573215,-0.002844,0.013745,-0.819285
1532402928012460,410.152106,1177.793606,0.000000,0.573309,-0.002824,0.013801,-0.819218
1532402928020339,410.128322,1177.728783,0.000000,0.573406,-0.002803,0.013859,-0.819149
1532402928021834,410.123810,1177.716482,0.000000,0.573424,-0.002799,0.013871,-0.819136
1532402928027900,410.105520,1177.666599,0.000000,0.573499,-0.002768,0.013908,-0.819084
1532402928032646,410.091232,1177.627608,0.000000,0.573557,-0.002731,0.013944,-0.819042
1532402928037525,410.076548,1177.587519,0.000000,0.573617,-0.002690,0.013982,-0.819000
1532402928039752,410.069846,1177.569219,0.000000,0.573644,-0.002672,0.014001,-0.818981
1532402928047423,410.046794,1177.506221,0.000000,0.573735,-0.002611,0.014071,-0.818916
1532402928047779,410.045699,1177.503252,0.000000,0.573742,-0.002608,0.014075,-0.818911
1532402928079773,409.950029,1177.241047,0.000000,0.574065,-0.002267,0.014215,-0.818683
1532402928093661,409.908018,1177.126325,0.000000,0.574156,-0.002101,0.014200,-0.818620
1532402928098063,409.895391,1177.091068,0.000000,0.574243,-0.002047,0.014196,-0.818559
1532402928102962,409.879599,1177.049042,0.000000,0.574194,-0.001985,0.014188,-0.818594
1532402928104844,409.873847,1177.033405,0.000000,0.574202,-0.001961,0.014184,-0.818589
1532402928112460,409.850669,1176.970211,0.000000,0.574238,-0.001867,0.014166,-0.818564
1532402928114656,409.843985,1176.951990,0.000000,0.574248,-0.001840,0.014161,-0.818557
1532402928120339,409.826684,1176.904839,0.000000,0.574275,-0.001769,0.014147,-0.818538
1532402928127893,409.803703,1176.842202,0.000000,0.574313,-0.001666,0.014118,-0.818513
1532402928137525,409.774472,1176.762445,0.000000,0.574365,-0.001499,0.014037,-0.818478
1532402928146224,409.748083,1176.690425,0.000000,0.574411,-0.001355,0.013937,-0.818447
1532402928147423,409.744455,1176.680512,0.000000,0.574417,-0.001336,0.013922,-0.818443
1532402928147847,409.743152,1176.676973,0.000000,0.574421,-0.001329,0.013917,-0.818441
1532402928154361,409.723456,1176.623154,0.000000,0.574450,-0.001228,0.013814,-0.818422
1532402928154844,409.721994,1176.619161,0.000000,0.574453,-0.001220,0.013806,-0.818420
1532402928162460,409.698941,1176.556198,0.000000,0.574489,-0.001100,0.013668,-0.818397
1532402928167268,409.684461,1176.516510,0.000000,0.574525,-0.001021,0.013574,-0.818374
1532402928170339,409.675295,1176.491224,0.000000,0.574562,-0.000969,0.013513,-0.818349
1532402928177893,409.652754,1176.429023,0.000000,0.574653,-0.000833,0.013362,-0.818287
1532402928178424,409.651170,1176.424651,0.000000,0.574660,-0.000824,0.013352,-0.818283
1532402928187528,409.624056,1176.349912,0.000000,0.574746,-0.000658,0.013184,-0.818226
1532402928189219,409.619041,1176.336152,0.000000,0.574749,-0.000628,0.013156,-0.818224
1532402928197423,409.594704,1176.269395,0.000000,0.574766,-0.000500,0.013055,-0.818213
1532402928197613,409.594056,1176.267739,0.000000,0.574780,-0.000497,0.013053,-0.818204
1532402928220722,409.525697,1176.080727,0.000000,0.574756,-0.000129,0.012803,-0.818225
1532402928224737,409.513821,1176.048408,0.000000,0.574742,-0.000064,0.012765,-0.818235
1532402928242722,409.459548,1175.899266,0.000000,0.574825,0.000166,0.012652,-0.818179
1532402928247914,409.443862,1175.856134,0.000000,0.574851,0.000202,0.012636,-0.818160
1532402928253179,409.428046,1175.812543,0.000000,0.574877,0.000232,0.012645,-0.818142
1532402928254844,409.423034,1175.798741,0.000000,0.574886,0.000241,0.012649,-0.818136
1532402928262460,409.400107,1175.735609,0.000000,0.574924,0.000305,0.012676,-0.818109
1532402928269133,409.380039,1175.680338,0.000000,0.574957,0.000382,0.012706,-0.818085
1532402928270339,409.376417,1175.670360,0.000000,0.574963,0.000396,0.012711,-0.818080
1532402928277893,409.353730,1175.607858,0.000000,0.575001,0.000484,0.012745,-0.818053
1532402928287525,409.324756,1175.528038,0.000000,0.575060,0.000631,0.012788,-0.818011
1532402928294922,409.302378,1175.466365,0.000000,0.575133,0.000770,0.012834,-0.817959
1532402928295721,409.299961,1175.459703,0.000000,0.575141,0.000786,0.012839,-0.817953
1532402928297423,409.294814,1175.445512,0.000000,0.575158,0.000819,0.012851,-0.817941
1532402928297687,409.294279,1175.444084,0.000000,0.575101,0.000802,0.012832,-0.817981
1532402928312159,409.250327,1175.322791,0.000000,0.575298,0.001073,0.012960,-0.817840
1532402928323272,409.216856,1175.230379,0.000000,0.575397,0.001257,0.013046,-0.817769
1532402928344701,409.152552,1175.052632,0.000000,0.575574,0.001525,0.013221,-0.817641
1532402928347997,409.142671,1175.025298,0.000000,0.575601,0.001555,0.013252,-0.817622
1532402928354844,409.122079,1174.968392,0.000000,0.575566,0.001674,0.013304,-0.817645
1532402928362460,409.099165,1174.905130,0.000000,0.575551,0.001820,0.013387,-0.817654
1532402928365068,409.091313,1174.883467,0.000000,0.575546,0.001872,0.013426,-0.817657
1532402928369615,409.077691,1174.845786,0.000000,0.575545,0.001962,0.013494,-0.817657
1532402928370339,409.075523,1174.839788,0.000000,0.575545,0.001975,0.013506,-0.817656
1532402928377893,409.052891,1174.777205,0.000000,0.575543,0.002115,0.013633,-0.817655
1532402928387525,409.024090,1174.697590,0.000000,0.575546,0.002287,0.013784,-0.817650
1532402928387536,409.024058,1174.697500,0.000000,0.575546,0.002287,0.013784,-0.817650
1532402928397423,408.994770,1174.616448,0.000000,0.575565,0.002377,0.013923,-0.817634
1532402928398014,408.993019,1174.611603,0.000000,0.575566,0.002382,0.013931,-0.817633
1532402928400559,408.984882,1174.589437,0.000000,0.575539,0.002403,0.013967,-0.817651
1532402928404844,408.972775,1174.555614,0.000000,0.575578,0.002426,0.014023,-0.817623
1532402928412460,408.950270,1174.493302,0.000000,0.575600,0.002468,0.014122,-0.817605
1532402928419282,408.930111,1174.437502,0.000000,0.575621,0.002506,0.014211,-0.817589
1532402928420339,408.926987,1174.428856,0.000000,0.575624,0.002512,0.014224,-0.817587
1532402928427893,408.904593,1174.366719,0.000000,0.575668,0.002546,0.014328,-0.817554
1532402928437525,408.875918,1174.286760,0.000000,0.575766,0.002573,0.014440,-0.817483
1532402928440809,408.866144,1174.259496,0.000000,0.575799,0.002583,0.014477,-0.817459
1532402928444581,408.854920,1174.228178,0.000000,0.575837,0.002595,0.014520,-0.817431
1532402928447423,408.846474,1174.204609,0.000000,0.575864,0.002605,0.014553,-0.817412
1532402928448094,408.844469,1174.199010,0.000000,0.575873,0.002607,0.014561,-0.817405
1532402928462113,408.802862,1174.082873,0.000000,0.575999,0.002596,0.014671,-0.817314
1532402928494684,408.706595,1173.814942,0.000000,0.576285,0.002241,0.014676,-0.817114
1532402928497881,408.697165,1173.787307,0.000000,0.576343,0.002238,0.014717,-0.817072
1532402928504844,408.676582,1173.732432,0.000000,0.576351,0.002038,0.014590,-0.817070
1532402928512460,408.654149,1173.670662,0.000000,0.576401,0.001881,0.014518,-0.817036
1532402928514602,408.647842,1173.653293,0.000000,0.576415,0.001837,0.014498,-0.817026
1532402928515756,408.644444,1173.643935,0.000000,0.576423,0.001814,0.014487,-0.817021
1532402928520339,408.630949,1173.606772,0.000000,0.576453,0.001719,0.014444,-0.817001
1532402928527893,408.608721,1173.545618,0.000000,0.576500,0.001545,0.014373,-0.816969
1532402928532309,408.595751,1173.510013,0.000000,0.576523,0.001430,0.014339,-0.816954
1532402928537525,408.580431,1173.467958,0.000000,0.576549,0.001295,0.014299,-0.816936
1532402928543123,408.563988,1173.422823,0.000000,0.576578,0.001148,0.014227,-0.816918
1532402928547423,408.551371,1173.388171,0.000000,0.576599,0.001034,0.014166,-0.816904
1532402928547633,408.550741,1173.386461,0.000000,0.576600,0.001029,0.014163,-0.816903
1532402928569236,408.487482,1173.212573,0.000000,0.576708,0.000313,0.013978,-0.816831
1532402928585760,408.439216,1173.079640,0.000000,0.576802,-0.000314,0.013663,-0.816770
1532402928589310,408.428872,1173.050575,0.000000,0.576859,-0.000452,0.013606,-0.816730
1532402928597959,408.403679,1172.979746,0.000000,0.576998,-0.000806,0.013504,-0.816633
1532402928604844,408.383632,1172.923347,0.000000,0.577109,-0.001063,0.013403,-0.816556
1532402928608067,408.374270,1172.896990,0.000000,0.577157,-0.001175,0.013351,-0.816523
1532402928612460,408.361519,1172.861080,0.000000,0.577221,-0.001328,0.013280,-0.816479
1532402928618718,408.343360,1172.809917,0.000000,0.577311,-0.001546,0.013178,-0.816416
1532402928627893,408.316384,1172.734523,0.000000,0.577395,-0.001856,0.012999,-0.816360
1532402928637525,408.286819,1172.654158,0.000000,0.577321,-0.002135,0.012796,-0.816414
1532402928644763,408.264553,1172.593766,0.000000,0.577266,-0.002308,0.012652,-0.816455
1532402928647423,408.256440,1172.571651,0.000000,0.577251,-0.002370,0.012599,-0.816466
1532402928647703,408.255497,1172.569236,0.000000,0.577244,-0.002376,0.012594,-0.816471
1532402928654844,408.233812,1172.509985,0.000000,0.577208,-0.002517,0.012447,-0.816498
1532402928660824,408.215555,1172.460294,0.000000,0.577174,-0.002616,0.012330,-0.816524
1532402928662460,408.210557,1172.446700,0.000000,0.577165,-0.002635,0.012301,-0.816531
1532402928664886,408.203142,1172.426542,0.000000,0.577151,-0.002664,0.012259,-0.816541
1532402928670339,408.186531,1172.381314,0.000000,0.577120,-0.002729,0.012163,-0.816564
1532402928677893,408.163505,1172.318682,0.000000,0.577077,-0.002818,0.012030,-0.816596
1532402928682384,408.149797,1172.281447,0.000000,0.577052,-0.002869,0.011955,-0.816615
1532402928687525,408.134587,1172.239365,0.000000,0.577060,-0.002923,0.011877,-0.816610
1532402928688806,408.130921,1172.229014,0.000000,0.577071,-0.002936,0.011859,-0.816603
1532402928697423,408.106265,1172.159387,0.000000,0.577146,-0.002991,0.011753,-0.816551
1532402928698048,408.101879,1172.151578,0.000000,0.576964,-0.002992,0.011746,-0.816680
1532402928719956,408.041944,1171.977583,0.000000,0.577338,-0.003080,0.011553,-0.816418
1532402928730857,408.010910,1171.889786,0.000000,0.577427,-0.003090,0.011515,-0.816355
1532402928734834,407.999603,1171.857785,0.000000,0.577458,-0.003080,0.011520,-0.816333
1532402928747840,407.962639,1171.753125,0.000000,0.577560,-0.003037,0.011585,-0.816260
1532402928753857,407.945183,1171.704713,0.000000,0.577623,-0.003000,0.011642,-0.816215
1532402928754844,407.942337,1171.696771,0.000000,0.577633,-0.002994,0.011652,-0.816208
1532402928762460,407.920373,1171.635487,0.000000,0.577708,-0.002921,0.011736,-0.816154
1532402928770339,407.897704,1171.572174,0.000000,0.577789,-0.002822,0.011834,-0.816095
1532402928777893,407.876011,1171.511535,0.000000,0.577871,-0.002719,0.011948,-0.816036
1532402928787525,407.848310,1171.434214,0.000000,0.577965,-0.002583,0.012116,-0.815968
1532402928797423,407.819585,1171.354782,0.000000,0.578008,-0.002431,0.012288,-0.815935
1532402928797556,407.819576,1171.353672,0.000000,0.578083,-0.002440,0.012299,-0.815882
1532402928799996,407.812116,1171.334134,0.000000,0.578019,-0.002391,0.012333,-0.815926
1532402928805704,407.795543,1171.288328,0.000000,0.578044,-0.002298,0.012420,-0.815908
1532402928809367,407.784961,1171.259001,0.000000,0.578063,-0.002238,0.012476,-0.815894
1532402928828274,407.730582,1171.107858,0.000000,0.578184,-0.001919,0.012762,-0.815805
1532402928833463,407.716137,1171.066785,0.000000,0.578262,-0.001847,0.012862,-0.815748
1532402928847884,407.676013,1170.952600,0.000000,0.578480,-0.001648,0.013156,-0.815589
1532402928854844,407.656724,1170.897664,0.000000,0.578570,-0.001555,0.013301,-0.815523
1532402928862460,407.635608,1170.837493,0.000000,0.578672,-0.001463,0.013451,-0.815448
1532402928870339,407.613804,1170.775313,0.000000,0.578776,-0.001384,0.013591,-0.815372
1532402928875841,407.598598,1170.731919,0.000000,0.578847,-0.001339,0.013672,-0.815321
1532402928877893,407.592928,1170.715734,0.000000,0.578873,-0.001323,0.013702,-0.815301
1532402928879993,407.587126,1170.699169,0.000000,0.578900,-0.001304,0.013729,-0.815282
1532402928880896,407.584631,1170.692046,0.000000,0.578912,-0.001296,0.013739,-0.815273
1532402928887525,407.566246,1170.639685,0.000000,0.578985,-0.001237,0.013818,-0.815220
1532402928897661,407.538338,1170.559780,0.000000,0.579128,-0.001140,0.013844,-0.815118
1532402928902210,407.525226,1170.523406,0.000000,0.579093,-0.001088,0.013841,-0.815143
1532402928904844,407.517870,1170.502549,0.000000,0.579112,-0.001058,0.013838,-0.815130
1532402928908896,407.506587,1170.470522,0.000000,0.579142,-0.001011,0.013834,-0.815109
1532402928912460,407.496667,1170.442361,0.000000,0.579168,-0.000970,0.013830,-0.815090
1532402928920339,407.474736,1170.380105,0.000000,0.579225,-0.000879,0.013821,-0.815050
1532402928927893,407.453761,1170.320438,0.000000,0.579291,-0.000796,0.013794,-0.815003
1532402928937525,407.427193,1170.244414,0.000000,0.579411,-0.000686,0.013706,-0.814920
1532402928945036,407.406484,1170.185120,0.000000,0.579503,-0.000583,0.013590,-0.814856
1532402928947423,407.399916,1170.166305,0.000000,0.579529,-0.000550,0.013551,-0.814839
1532402928947454,407.399669,1170.165731,0.000000,0.579597,-0.000550,0.013550,-0.814790
1532402928950981,407.390128,1170.138259,0.000000,0.579568,-0.000501,0.013487,-0.814812
1532402928955003,407.379066,1170.106555,0.000000,0.579611,-0.000448,0.013413,-0.814783
1532402928972713,407.330437,1169.967079,0.000000,0.579804,-0.000259,0.013105,-0.814651
1532402928983493,407.300910,1169.882302,0.000000,0.579923,-0.000136,0.012925,-0.814569
1532402928997729,407.261938,1169.770333,0.000000,0.580080,-0.000012,0.012723,-0.814460
1532402929004844,407.243430,1169.716101,0.000000,0.580136,0.000042,0.012650,-0.814422
1532402929012460,407.223045,1169.657031,0.000000,0.580211,0.000101,0.012573,-0.814369
1532402929020339,407.201980,1169.595974,0.000000,0.580290,0.000161,0.012494,-0.814314
1532402929025045,407.189398,1169.559505,0.000000,0.580336,0.000194,0.012449,-0.814282
1532402929025812,407.187347,1169.553562,0.000000,0.580344,0.000199,0.012442,-0.814276
1532402929027893,407.181762,1169.537416,0.000000,0.580367,0.000211,0.012424,-0.814260
1532402929029829,407.176567,1169.522395,0.000000,0.580389,0.000222,0.012408,-0.814245
1532402929037525,407.155918,1169.462679,0.000000,0.580474,0.000250,0.012355,-0.814185
1532402929047423,407.129379,1169.385887,0.000000,0.580582,0.000260,0.012290,-0.814109
1532402929047500,407.129167,1169.385271,0.000000,0.580585,0.000260,0.012289,-0.814107
1532402929047939,407.127997,1169.381888,0.000000,0.580587,0.000260,0.012286,-0.814105
1532402929052993,407.114465,1169.342723,0.000000,0.580637,0.000266,0.012268,-0.814070
1532402929095770,406.999817,1169.009201,0.000000,0.581073,0.000423,0.012164,-0.813760
1532402929097814,406.994745,1168.995618,0.000000,0.581063,0.000433,0.012159,-0.813768
1532402929100097,406.988119,1168.974742,0.000000,0.581126,0.000443,0.012152,-0.813723
1532402929100302,406.987564,1168.973109,0.000000,0.581129,0.000444,0.012152,-0.813721
1532402929104844,406.975288,1168.936933,0.000000,0.581184,0.000463,0.012137,-0.813681
1532402929112460,406.954761,1168.876447,0.000000,0.581265,0.000496,0.012114,-0.813624
1532402929118017,406.939792,1168.832321,0.000000,0.581323,0.000519,0.012096,-0.813582
1532402929120339,406.933539,1168.813881,0.000000,0.581348,0.000529,0.012089,-0.813565
1532402929127893,406.913217,1168.753948,0.000000,0.581424,0.000565,0.012072,-0.813511
1532402929128438,406.911754,1168.749633,0.000000,0.581429,0.000568,0.012072,-0.813507
1532402929137525,406.887365,1168.677685,0.000000,0.581513,0.000610,0.012087,-0.813447
1532402929147423,406.860775,1168.599531,0.000000,0.581591,0.000642,0.012161,-0.813390
1532402929147593,406.860358,1168.597956,0.000000,0.581605,0.000642,0.012163,-0.813380
1532402929154844,406.840705,1168.541739,0.000000,0.581604,0.000664,0.012243,-0.813380
1532402929162460,406.820103,1168.482430,0.000000,0.581617,0.000684,0.012321,-0.813369
1532402929170339,406.798837,1168.421161,0.000000,0.581632,0.000704,0.012395,-0.813357
1532402929171003,406.797047,1168.416003,0.000000,0.581633,0.000706,0.012401,-0.813356
1532402929174655,406.787203,1168.387629,0.000000,0.581641,0.000718,0.012434,-0.813350
1532402929175111,406.785974,1168.384086,0.000000,0.581642,0.000719,0.012438,-0.813349
1532402929177893,406.778475,1168.362472,0.000000,0.581648,0.000728,0.012463,-0.813345
1532402929187525,406.752489,1168.287468,0.000000,0.581669,0.000751,0.012550,-0.813329
1532402929192815,406.738183,1168.245977,0.000000,0.581682,0.000762,0.012600,-0.813318
1532402929197353,406.726006,1168.211287,0.000000,0.581688,0.000771,0.012643,-0.813313
1532402929197423,406.725720,1168.209835,0.000000,0.581694,0.000771,0.012643,-0.813309
1532402929198900,406.721726,1168.198251,0.000000,0.581697,0.000774,0.012657,-0.813307
1532402929247684,406.591363,1167.817037,0.000000,0.581953,0.000798,0.013038,-0.813117
1532402929254844,406.572517,1167.761391,0.000000,0.582003,0.000785,0.013068,-0.813081
1532402929262460,406.552457,1167.702135,0.000000,0.582059,0.000756,0.013110,-0.813041
1532402929262554,406.552209,1167.701403,0.000000,0.582059,0.000756,0.013111,-0.813040
1532402929270339,406.531748,1167.640939,0.000000,0.582117,0.000714,0.013172,-0.812998
1532402929277893,406.511919,1167.582324,0.000000,0.582174,0.000673,0.013254,-0.812956
1532402929287525,406.486476,1167.507431,0.000000,0.582232,0.000621,0.013344,-0.812913
1532402929297423,406.459488,1167.429730,0.000000,0.582223,0.000567,0.013399,-0.812918
1532402929297445,406.460616,1167.430600,0.000000,0.582319,0.000566,0.013399,-0.812849
1532402929315729,406.410417,1167.287082,0.000000,0.582258,0.000459,0.013484,-0.812892
1532402929319536,406.400362,1167.257593,0.000000,0.582274,0.000436,0.013502,-0.812880
1532402929325201,406.385397,1167.213713,0.000000,0.582298,0.000400,0.013523,-0.812863
1532402929332789,406.365348,1167.154939,0.000000,0.582329,0.000354,0.013527,-0.812840
1532402929347784,406.325710,1167.038797,0.000000,0.582391,0.000317,0.013445,-0.812797
1532402929349600,406.321252,1167.025129,0.000000,0.582408,0.000318,0.013428,-0.812786
1532402929354844,406.307808,1166.984999,0.000000,0.582440,0.000323,0.013378,-0.812764
1532402929362460,406.288282,1166.926717,0.000000,0.582487,0.000332,0.013304,-0.812731
1532402929370339,406.268131,1166.866523,0.000000,0.582537,0.000340,0.013218,-0.812697
1532402929377893,406.248841,1166.808879,0.000000,0.582585,0.000347,0.013111,-0.812664
1532402929391105,406.214581,1166.707629,0.000000,0.582656,0.000353,0.012909,-0.812616
1532402929395177,406.203802,1166.676243,0.000000,0.582671,0.000359,0.012850,-0.812606
1532402929397532,406.198684,1166.659017,0.000000,0.582712,0.000362,0.012816,-0.812578
1532402929400170,406.190583,1166.637759,0.000000,0.582691,0.000361,0.012778,-0.812594
1532402929404844,406.178204,1166.601735,0.000000,0.582708,0.000356,0.012711,-0.812582
1532402929408481,406.168614,1166.573771,0.000000,0.582725,0.000352,0.012658,-0.812571
1532402929412460,406.158130,1166.543198,0.000000,0.582743,0.000347,0.012601,-0.812559
1532402929418292,406.142758,1166.498387,0.000000,0.582770,0.000340,0.012517,-0.812541
1532402929427893,406.117384,1166.424625,0.000000,0.582805,0.000321,0.012386,-0.812517
1532402929437525,406.091730,1166.350645,0.000000,0.582812,0.000278,0.012279,-0.812514
1532402929447305,406.065651,1166.275531,0.000000,0.582818,0.000234,0.012171,-0.812511
1532402929447423,406.065396,1166.274684,0.000000,0.582823,0.000223,0.012206,-0.812507
1532402929465934,406.016465,1166.132999,0.000000,0.582871,0.000077,0.012066,-0.812475
1532402929470427,406.004694,1166.098686,0.000000,0.582900,0.000039,0.012035,-0.812455
1532402929478273,405.984340,1166.038888,0.000000,0.582981,-0.000027,0.011982,-0.812397
1532402929479324,405.981614,1166.030878,0.000000,0.582992,-0.000036,0.011977,-0.812390
1532402929493835,405.944104,1165.920411,0.000000,0.583140,-0.000142,0.011915,-0.812284
1532402929497629,405.934150,1165.891355,0.000000,0.583181,-0.000160,0.011905,-0.812255
1532402929504844,405.915725,1165.836664,0.000000,0.583252,-0.000194,0.011887,-0.812204
1532402929512460,405.896160,1165.778907,0.000000,0.583323,-0.000232,0.011867,-0.812154
1532402929520339,405.875950,1165.719231,0.000000,0.583392,-0.000271,0.011847,-0.812104
1532402929527893,405.856537,1165.662027,0.000000,0.583444,-0.000300,0.011830,-0.812067
1532402929535739,405.836280,1165.602638,0.000000,0.583466,-0.000325,0.011800,-0.812052
1532402929537525,405.831669,1165.589119,0.000000,0.583470,-0.000331,0.011793,-0.812049
1532402929540452,405.824113,1165.566964,0.000000,0.583478,-0.000337,0.011776,-0.812043
1532402929547408,405.806154,1165.514312,0.000000,0.583497,-0.000364,0.011752,-0.812030
1532402929547423,405.806131,1165.514238,0.000000,0.583496,-0.000339,0.011726,-0.812032
1532402929550354,405.798589,1165.492116,0.000000,0.583501,-0.000340,0.011702,-0.812028
1532402929553346,405.790890,1165.469533,0.000000,0.583506,-0.000340,0.011676,-0.812025
1532402929568899,405.750702,1165.351841,0.000000,0.583524,-0.000346,0.011569,-0.812014
1532402929597695,405.675046,1165.131763,0.000000,0.583494,-0.000443,0.011466,-0.812037
1532402929604844,405.656319,1165.077314,0.000000,0.583482,-0.000459,0.011455,-0.812045
1532402929611159,405.639833,1165.029293,0.000000,0.583475,-0.000484,0.011446,-0.812050
1532402929612460,405.636436,1165.019401,0.000000,0.583473,-0.000489,0.011444,-0.812051
1532402929614969,405.629884,1165.000324,0.000000,0.583471,-0.000498,0.011441,-0.812053
1532402929620339,405.615857,1164.959495,0.000000,0.583465,-0.000519,0.011434,-0.812058
1532402929623318,405.608072,1164.936845,0.000000,0.583462,-0.000532,0.011433,-0.812060
1532402929627893,405.595923,1164.901387,0.000000,0.583455,-0.000556,0.011442,-0.812065
1532402929629675,405.591149,1164.887433,0.000000,0.583452,-0.000567,0.011446,-0.812067
1532402929637525,405.570110,1164.825962,0.000000,0.583438,-0.000604,0.011460,-0.812077
1532402929639084,405.565931,1164.813754,0.000000,0.583435,-0.000611,0.011463,-0.812079
1532402929647423,405.543605,1164.748540,0.000000,0.583423,-0.000612,0.011451,-0.812088
1532402929647468,405.543443,1164.748105,0.000000,0.583421,-0.000651,0.011478,-0.812089
1532402929654844,405.523819,1164.690699,0.000000,0.583416,-0.000602,0.011415,-0.812093
1532402929662460,405.503498,1164.631341,0.000000,0.583410,-0.000591,0.011376,-0.812098
1532402929670339,405.482503,1164.569665,0.000000,0.583438,-0.000574,0.011339,-0.812079
1532402929677893,405.462393,1164.510396,0.000000,0.583482,-0.000524,0.011282,-0.812048
1532402929685672,405.441684,1164.449361,0.000000,0.583528,-0.000465,0.011219,-0.812016
1532402929687525,405.436755,1164.434816,0.000000,0.583541,-0.000449,0.011204,-0.812007
1532402929689809,405.430679,1164.416886,0.000000,0.583557,-0.000429,0.011184,-0.811995
1532402929697423,405.410429,1164.357115,0.000000,0.583611,-0.000349,0.011117,-0.811957
1532402929697797,405.409406,1164.354227,0.000000,0.583599,-0.000363,0.011118,-0.811966
1532402929698339,405.407993,1164.349924,0.000000,0.583617,-0.000339,0.011109,-0.811953
1532402929699442,405.405060,1164.341265,0.000000,0.583625,-0.000327,0.011099,-0.811947
1532402929714137,405.366210,1164.226480,0.000000,0.583728,-0.000177,0.011003,-0.811875
1532402929747560,405.279969,1163.973435,0.000000,0.583917,0.000081,0.010825,-0.811741
1532402929754844,405.261496,1163.919382,0.000000,0.583955,0.000101,0.010877,-0.811713
1532402929755654,405.259439,1163.913365,0.000000,0.583959,0.000103,0.010881,-0.811710
1532402929760065,405.248238,1163.880598,0.000000,0.583981,0.000115,0.010905,-0.811694
1532402929762460,405.242156,1163.862807,0.000000,0.583994,0.000122,0.010923,-0.811685
1532402929768380,405.227156,1163.818897,0.000000,0.584024,0.000140,0.010968,-0.811662
1532402929770339,405.222207,1163.804394,0.000000,0.584034,0.000149,0.010980,-0.811655
1532402929777893,405.203118,1163.748469,0.000000,0.584073,0.000192,0.011020,-0.811626
1532402929779852,405.198167,1163.733965,0.000000,0.584084,0.000204,0.011031,-0.811618
1532402929787525,405.178830,1163.677366,0.000000,0.584117,0.000240,0.011064,-0.811594
1532402929788928,405.175329,1163.667146,0.000000,0.584119,0.000247,0.011069,-0.811593
1532402929797423,405.154119,1163.605268,0.000000,0.584131,0.000277,0.011091,-0.811584
1532402929797868,405.152632,1163.600589,0.000000,0.584177,0.000287,0.011106,-0.811550
1532402929826759,405.080961,1163.391942,0.000000,0.584181,0.000381,0.011136,-0.811547
1532402929834879,405.060314,1163.332861,0.000000,0.584217,0.000431,0.011105,-0.811521
1532402929843418,405.038602,1163.270730,0.000000,0.584256,0.000490,0.011046,-0.811494
1532402929847656,405.027827,1163.239894,0.000000,0.584275,0.000519,0.011007,-0.811481
1532402929854844,405.009650,1163.187721,0.000000,0.584304,0.000556,0.010974,-0.811460
1532402929855090,405.009027,1163.185934,0.000000,0.584305,0.000557,0.010973,-0.811460
1532402929859296,404.998375,1163.155388,0.000000,0.584323,0.000577,0.010958,-0.811447
1532402929863782,404.987013,1163.122807,0.000000,0.584341,0.000605,0.010944,-0.811434
1532402929870339,404.970229,1163.074735,0.000000,0.584346,0.000645,0.010932,-0.811430
1532402929877893,404.950798,1163.019148,0.000000,0.584342,0.000677,0.010960,-0.811433
1532402929887525,404.926032,1162.948286,0.000000,0.584337,0.000719,0.010997,-0.811436
1532402929897423,404.900653,1162.875514,0.000000,0.584333,0.000737,0.011080,-0.811438
1532402929897951,404.899127,1162.871557,0.000000,0.584331,0.000765,0.011038,-0.811440
1532402929901235,404.890871,1162.847488,0.000000,0.584332,0.000742,0.011115,-0.811438
1532402929904964,404.881299,1162.820073,0.000000,0.584330,0.000735,0.011155,-0.811439
1532402929909934,404.868584,1162.783644,0.000000,0.584332,0.000725,0.011207,-0.811437
1532402929912460,404.862123,1162.765139,0.000000,0.584333,0.000720,0.011234,-0.811436
1532402929912929,404.860923,1162.761703,0.000000,0.584333,0.000719,0.011239,-0.811436
1532402929920339,404.841958,1162.707419,0.000000,0.584336,0.000705,0.011318,-0.811433
1532402929927893,404.822762,1162.652085,0.000000,0.584369,0.000682,0.011394,-0.811408
1532402929930025,404.817410,1162.636468,0.000000,0.584392,0.000672,0.011412,-0.811391
1532402929933267,404.809272,1162.612719,0.000000,0.584427,0.000657,0.011436,-0.811366
1532402929937525,404.798586,1162.581525,0.000000,0.584472,0.000636,0.011468,-0.811332
1532402929947423,404.773757,1162.509022,0.000000,0.584578,0.000622,0.011506,-0.811256
1532402929948275,404.771619,1162.502761,0.000000,0.584587,0.000622,0.011508,-0.811249
1532402929971257,404.714513,1162.336719,0.000000,0.584785,0.000621,0.011639,-0.811104
1532402929980219,404.692776,1162.273754,0.000000,0.584821,0.000692,0.011673,-0.811078
1532402929987924,404.674121,1162.219701,0.000000,0.584851,0.000749,0.011693,-0.811056
1532402929998033,404.649561,1162.148599,0.000000,0.584893,0.000822,0.011717,-0.811025
1532402929999665,404.645804,1162.137589,0.000000,0.584892,0.000759,0.011730,-0.811026
1532402930004844,404.633312,1162.101370,0.000000,0.584910,0.000757,0.011752,-0.811013
1532402930009739,404.621529,1162.067160,0.000000,0.584927,0.000753,0.011775,-0.811000
1532402930012460,404.614980,1162.048146,0.000000,0.584937,0.000751,0.011787,-0.810993
1532402930020339,404.596013,1161.993090,0.000000,0.584964,0.000746,0.011824,-0.810972
1532402930027893,404.577795,1161.939897,0.000000,0.585000,0.000737,0.011844,-0.810946
1532402930037525,404.554495,1161.871031,0.000000,0.585067,0.000743,0.011825,-0.810898
1532402930045604,404.534961,1161.813267,0.000000,0.585124,0.000770,0.011814,-0.810858
1532402930047423,404.530571,1161.800272,0.000000,0.585134,0.000777,0.011812,-0.810850
1532402930048380,404.528248,1161.793414,0.000000,0.585144,0.000781,0.011810,-0.810843
1532402930054821,404.512718,1161.747417,0.000000,0.585178,0.000774,0.011870,-0.810818
1532402930057916,404.505250,1161.725304,0.000000,0.585196,0.000769,0.011902,-0.810804
1532402930079035,404.454523,1161.574928,0.000000,0.585434,0.000706,0.012133,-0.810629
1532402930080403,404.451247,1161.565202,0.000000,0.585453,0.000699,0.012147,-0.810615
1532402930098120,404.408828,1161.439208,0.000000,0.585700,0.000597,0.012294,-0.810435
1532402930104844,404.392926,1161.391786,0.000000,0.585800,0.000533,0.012331,-0.810362
1532402930112460,404.374813,1161.337829,0.000000,0.585906,0.000467,0.012389,-0.810284
1532402930120339,404.356086,1161.282010,0.000000,0.586016,0.000400,0.012449,-0.810204
1532402930121743,404.352750,1161.272063,0.000000,0.586035,0.000388,0.012459,-0.810190
1532402930127638,404.338607,1161.230037,0.000000,0.586096,0.000336,0.012498,-0.810145
1532402930127893,404.337984,1161.228199,0.000000,0.586097,0.000334,0.012499,-0.810144
1532402930130663,404.331222,1161.208233,0.000000,0.586108,0.000320,0.012508,-0.810136
1532402930137525,404.314470,1161.158773,0.000000,0.586136,0.000293,0.012524,-0.810116
1532402930147423,404.290318,1161.087447,0.000000,0.586174,0.000293,0.012541,-0.810088
1532402930152601,404.277666,1161.050106,0.000000,0.586196,0.000295,0.012550,-0.810072
1532402930154524,404.273026,1161.036339,0.000000,0.586196,0.000297,0.012537,-0.810073
1532402930154844,404.272246,1161.034036,0.000000,0.586196,0.000297,0.012537,-0.810072
1532402930155470,404.270722,1161.029530,0.000000,0.586198,0.000297,0.012536,-0.810070
1532402930162460,404.253693,1160.979222,0.000000,0.586220,0.000294,0.012531,-0.810055
1532402930170339,404.234542,1160.922575,0.000000,0.586249,0.000279,0.012522,-0.810034
1532402930187525,404.192982,1160.799340,0.000000,0.586328,0.000216,0.012464,-0.809978
1532402930191353,404.184005,1160.772327,0.000000,0.586360,0.000191,0.012457,-0.809955
1532402930197423,404.169773,1160.729491,0.000000,0.586412,0.000144,0.012448,-0.809918
1532402930198211,404.166878,1160.722330,0.000000,0.586364,0.000165,0.012433,-0.809953
1532402930200558,404.162424,1160.707366,0.000000,0.586438,0.000121,0.012444,-0.809899
1532402930203504,404.155519,1160.686575,0.000000,0.586463,0.000093,0.012444,-0.809880
1532402930224297,404.106559,1160.538474,0.000000,0.586642,-0.000104,0.012448,-0.809751
1532402930230460,404.092048,1160.494531,0.000000,0.586695,-0.000156,0.012446,-0.809712
1532402930248551,404.049469,1160.365527,0.000000,0.586851,-0.000298,0.012495,-0.809598
1532402930254844,404.034543,1160.320012,0.000000,0.586896,-0.000355,0.012530,-0.809565
1532402930262460,404.016531,1160.265181,0.000000,0.586954,-0.000419,0.012558,-0.809523
1532402930265680,404.008920,1160.242005,0.000000,0.586979,-0.000443,0.012564,-0.809505
1532402930270339,403.997933,1160.208522,0.000000,0.587014,-0.000477,0.012568,-0.809479
1532402930275676,403.985349,1160.170166,0.000000,0.587054,-0.000510,0.012561,-0.809450
1532402930277659,403.980673,1160.155915,0.000000,0.587068,-0.000523,0.012558,-0.809440
1532402930277893,403.980122,1160.154233,0.000000,0.587070,-0.000524,0.012558,-0.809438
1532402930287525,403.957426,1160.085215,0.000000,0.587124,-0.000584,0.012543,-0.809400
1532402930297423,403.934126,1160.015001,0.000000,0.587116,-0.000628,0.012488,-0.809406
1532402930298286,403.932056,1160.007664,0.000000,0.587223,-0.000652,0.012525,-0.809328
1532402930299372,403.929536,1160.001176,0.000000,0.587114,-0.000637,0.012476,-0.809408
1532402930305561,403.914955,1159.957275,0.000000,0.587109,-0.000656,0.012431,-0.809412
1532402930335703,403.844459,1159.743626,0.000000,0.587225,-0.000745,0.012207,-0.809331
1532402930345199,403.822487,1159.676215,0.000000,0.587362,-0.000750,0.012130,-0.809233
1532402930348366,403.815172,1159.653766,0.000000,0.587403,-0.000747,0.012103,-0.809203
1532402930348819,403.814113,1159.650510,0.000000,0.587414,-0.000747,0.012099,-0.809196
1532402930354844,403.800218,1159.607851,0.000000,0.587487,-0.000738,0.012076,-0.809143
1532402930362460,403.782642,1159.553862,0.000000,0.587585,-0.000734,0.012063,-0.809072
1532402930370339,403.764488,1159.498054,0.000000,0.587684,-0.000744,0.012071,-0.809000
1532402930374310,403.755348,1159.469945,0.000000,0.587733,-0.000762,0.012084,-0.808964
1532402930377893,403.747103,1159.444580,0.000000,0.587778,-0.000777,0.012096,-0.808932
1532402930380505,403.741093,1159.426088,0.000000,0.587810,-0.000789,0.012105,-0.808908
1532402930387525,403.724955,1159.376411,0.000000,0.587896,-0.000830,0.012125,-0.808845
1532402930397423,403.702247,1159.306452,0.000000,0.588018,-0.000872,0.012129,-0.808756
1532402930398384,403.699980,1159.299490,0.000000,0.588030,-0.000895,0.012155,-0.808747
1532402930404844,403.685230,1159.253992,0.000000,0.588110,-0.000910,0.012119,-0.808690
1532402930411413,403.670038,1159.207688,0.000000,0.588131,-0.000949,0.012102,-0.808674
1532402930412460,403.667614,1159.200311,0.000000,0.588134,-0.000955,0.012099,-0.808673
1532402930420339,403.649367,1159.144793,0.000000,0.588152,-0.001001,0.012079,-0.808660
1532402930420775,403.648357,1159.141721,0.000000,0.588153,-0.001003,0.012078,-0.808659
1532402930423374,403.642335,1159.123407,0.000000,0.588159,-0.001018,0.012072,-0.808655
1532402930427893,403.631906,1159.091563,0.000000,0.588173,-0.001041,0.012060,-0.808645
1532402930437525,403.609745,1159.023682,0.000000,0.588210,-0.001078,0.012047,-0.808618
1532402930444347,403.594049,1158.975605,0.000000,0.588236,-0.001086,0.012041,-0.808599
1532402930447423,403.586982,1158.953950,0.000000,0.588248,-0.001088,0.012038,-0.808590
1532402930448697,403.584041,1158.944949,0.000000,0.588253,-0.001089,0.012037,-0.808587
1532402930454722,403.570230,1158.902609,0.000000,0.588275,-0.001088,0.012013,-0.808571
1532402930485671,403.499278,1158.685034,0.000000,0.588394,-0.001221,0.011896,-0.808486
1532402930490790,403.487170,1158.648323,0.000000,0.588416,-0.001266,0.011877,-0.808470
1532402930493184,403.481508,1158.631154,0.000000,0.588426,-0.001293,0.011872,-0.808463
1532402930498474,403.469979,1158.595146,0.000000,0.588443,-0.001352,0.011861,-0.808450
1532402930504844,403.453926,1158.547534,0.000000,0.588477,-0.001423,0.011857,-0.808426
1532402930512460,403.435893,1158.492940,0.000000,0.588510,-0.001508,0.011858,-0.808402
1532402930519397,403.419452,1158.443226,0.000000,0.588540,-0.001585,0.011859,-0.808379
1532402930520339,403.417219,1158.436476,0.000000,0.588544,-0.001595,0.011859,-0.808376
1532402930527893,403.399296,1158.382355,0.000000,0.588581,-0.001683,0.011861,-0.808350
1532402930530554,403.392975,1158.363302,0.000000,0.588597,-0.001706,0.011860,-0.808338
1532402930537525,403.376418,1158.313387,0.000000,0.588637,-0.001752,0.011851,-0.808308
1532402930547423,403.352945,1158.242564,0.000000,0.588694,-0.001805,0.011859,-0.808267
1532402930548240,403.350975,1158.236661,0.000000,0.588700,-0.001809,0.011860,-0.808262
1532402930561480,403.319729,1158.142200,0.000000,0.588768,-0.001930,0.011923,-0.808212
1532402930565533,403.310152,1158.113262,0.000000,0.588789,-0.001973,0.011946,-0.808196
1532402930568466,403.303240,1158.092369,0.000000,0.588806,-0.002004,0.011963,-0.808183
1532402930591237,403.249400,1157.929431,0.000000,0.588943,-0.002310,0.012036,-0.808081
1532402930598541,403.232364,1157.878137,0.000000,0.588979,-0.002424,0.012054,-0.808055
1532402930604844,403.216956,1157.830923,0.000000,0.589036,-0.002431,0.012110,-0.808013
1532402930605615,403.215118,1157.825342,0.000000,0.589041,-0.002437,0.012115,-0.808009
1532402930612460,403.198850,1157.775932,0.000000,0.589088,-0.002491,0.012167,-0.807974
1532402930620339,403.180127,1157.719059,0.000000,0.589141,-0.002552,0.012227,-0.807933
1532402930627893,403.162307,1157.664637,0.000000,0.589187,-0.002621,0.012291,-0.807899
1532402930631483,403.153956,1157.638873,0.000000,0.589203,-0.002653,0.012330,-0.807887
1532402930635421,403.144797,1157.610610,0.000000,0.589221,-0.002690,0.012374,-0.807873
1532402930637525,403.139904,1157.595510,0.000000,0.589230,-0.002710,0.012398,-0.807866
1532402930638135,403.138485,1157.591132,0.000000,0.589233,-0.002716,0.012405,-0.807864
1532402930647423,403.116909,1157.524530,0.000000,0.589273,-0.002789,0.012501,-0.807833
1532402930648325,403.114787,1157.517999,0.000000,0.589278,-0.002796,0.012510,-0.807828
1532402930654844,403.099734,1157.471466,0.000000,0.589301,-0.002840,0.012557,-0.807811
1532402930662460,403.082104,1157.417010,0.000000,0.589329,-0.002888,0.012609,-0.807790
1532402930664426,403.077552,1157.402952,0.000000,0.589336,-0.002900,0.012622,-0.807784
1532402930670339,403.063748,1157.361152,0.000000,0.589362,-0.002930,0.012656,-0.807764
1532402930677893,403.046084,1157.307874,0.000000,0.589396,-0.002949,0.012686,-0.807739
1532402930680594,403.039767,1157.288824,0.000000,0.589409,-0.002951,0.012700,-0.807730
1532402930697423,403.000470,1157.170456,0.000000,0.589482,-0.002936,0.012791,-0.807675
1532402930698664,402.997504,1157.161379,0.000000,0.589491,-0.002933,0.012798,-0.807668
1532402930705643,402.981290,1157.112715,0.000000,0.589518,-0.002909,0.012834,-0.807648
1532402930710778,402.969378,1157.076745,0.000000,0.589542,-0.002889,0.012860,-0.807630
1532402930712895,402.964467,1157.061916,0.000000,0.589553,-0.002880,0.012871,-0.807622
1532402930733920,402.915699,1156.914706,0.000000,0.589641,-0.002773,0.012947,-0.807557
1532402930748396,402.882142,1156.813414,0.000000,0.589689,-0.002725,0.013024,-0.807520
1532402930754854,402.867239,1156.768437,0.000000,0.589701,-0.002740,0.013103,-0.807511
1532402930755690,402.865307,1156.762607,0.000000,0.589702,-0.002743,0.013113,-0.807509
1532402930762460,402.849655,1156.715391,0.000000,0.589717,-0.002760,0.013197,-0.807497
1532402930770339,402.831523,1156.660529,0.000000,0.589739,-0.002772,0.013290,-0.807480
1532402930777893,402.814171,1156.607971,0.000000,0.589763,-0.002757,0.013366,-0.807461
1532402930780409,402.808389,1156.590466,0.000000,0.589771,-0.002752,0.013391,-0.807455
1532402930781540,402.805790,1156.582597,0.000000,0.589774,-0.002751,0.013404,-0.807452
1532402930787525,402.792188,1156.541136,0.000000,0.589801,-0.002746,0.013474,-0.807431
1532402930788724,402.789528,1156.532905,0.000000,0.589811,-0.002745,0.013489,-0.807424
1532402930797423,402.770231,1156.473188,0.000000,0.589878,-0.002756,0.013620,-0.807373
1532402930798183,402.767520,1156.466806,0.000000,0.589825,-0.002756,0.013631,-0.807411
1532402930809500,402.743472,1156.390332,0.000000,0.589970,-0.002738,0.013818,-0.807303
1532402930830717,402.696643,1156.245364,0.000000,0.590129,-0.002686,0.014165,-0.807181
1532402930848479,402.657665,1156.125030,0.000000,0.590270,-0.002605,0.014382,-0.807074
1532402930850194,402.653927,1156.113466,0.000000,0.590280,-0.002592,0.014397,-0.807066
1532402930851616,402.650815,1156.103848,0.000000,0.590290,-0.002581,0.014410,-0.807058
1532402930854859,402.643718,1156.081912,0.000000,0.590314,-0.002556,0.014439,-0.807041
1532402930857804,402.637273,1156.061992,0.000000,0.590335,-0.002533,0.014465,-0.807025
1532402930862460,402.627084,1156.030499,0.000000,0.590369,-0.002487,0.014491,-0.807000
1532402930870339,402.609872,1155.977231,0.000000,0.590429,-0.002398,0.014525,-0.806956
1532402930877893,402.593386,1155.926171,0.000000,0.590487,-0.002292,0.014544,-0.806913
1532402930884559,402.578841,1155.881112,0.000000,0.590539,-0.002207,0.014556,-0.806875
1532402930887525,402.572351,1155.860973,0.000000,0.590551,-0.002172,0.014560,-0.806866
1532402930897423,402.550662,1155.793661,0.000000,0.590579,-0.002057,0.014562,-0.806846
1532402930898290,402.548761,1155.787765,0.000000,0.590581,-0.002047,0.014562,-0.806844
1532402930904844,402.534394,1155.743195,0.000000,0.590600,-0.001976,0.014567,-0.806831
1532402930910683,402.521630,1155.703548,0.000000,0.590617,-0.001915,0.014573,-0.806818
1532402930912460,402.517747,1155.691485,0.000000,0.590622,-0.001896,0.014575,-0.806815
1532402930920339,402.500523,1155.638000,0.000000,0.590645,-0.001814,0.014582,-0.806798
1532402930925609,402.488996,1155.602221,0.000000,0.590661,-0.001762,0.014586,-0.806786
1532402930925611,402.488991,1155.602207,0.000000,0.590661,-0.001762,0.014586,-0.806786
1532402930927893,402.483929,1155.586552,0.000000,0.590672,-0.001739,0.014585,-0.806778
1532402930933479,402.471537,1155.548230,0.000000,0.590698,-0.001692,0.014567,-0.806759
1532402930937525,402.462562,1155.520473,0.000000,0.590717,-0.001659,0.014553,-0.806746
1532402930947423,402.440620,1155.452591,0.000000,0.590763,-0.001611,0.014550,-0.806713
1532402930948579,402.438044,1155.444637,0.000000,0.590770,-0.001606,0.014550,-0.806708
1532402930954528,402.424904,1155.403933,0.000000,0.590791,-0.001587,0.014562,-0.806692
1532402930980729,402.367046,1155.224734,0.000000,0.590910,-0.001484,0.014615,-0.806603
1532402930996630,402.331616,1155.114888,0.000000,0.590968,-0.001464,0.014668,-0.806561
1532402930998381,402.328113,1155.104123,0.000000,0.590999,-0.001468,0.014679,-0.806537
1532402931000934,402.321988,1155.085036,0.000000,0.590981,-0.001475,0.014696,-0.806550
1532402931004844,402.313241,1155.057916,0.000000,0.590993,-0.001494,0.014732,-0.806541
1532402931007949,402.306312,1155.036419,0.000000,0.591001,-0.001510,0.014760,-0.806534
1532402931012486,402.296196,1155.005034,0.000000,0.591013,-0.001533,0.014802,-0.806525
1532402931020339,402.278681,1154.950711,0.000000,0.591034,-0.001573,0.014874,-0.806508
1532402931027893,402.261849,1154.898499,0.000000,0.591054,-0.001629,0.014961,-0.806491
1532402931029544,402.258182,1154.887111,0.000000,0.591059,-0.001642,0.014982,-0.806487
1532402931037525,402.240455,1154.832061,0.000000,0.591083,-0.001700,0.015078,-0.806468
1532402931047423,402.218419,1154.763827,0.000000,0.591107,-0.001752,0.015176,-0.806448
1532402931048129,402.216902,1154.758918,0.000000,0.591115,-0.001755,0.015183,-0.806442
1532402931060754,402.188416,1154.672165,0.000000,0.591103,-0.001845,0.015252,-0.806450
1532402931070199,402.167199,1154.607314,0.000000,0.591105,-0.001862,0.015253,-0.806448
1532402931071618,402.164020,1154.597584,0.000000,0.591106,-0.001863,0.015249,-0.806448
1532402931078337,402.148963,1154.551515,0.000000,0.591110,-0.001868,0.015229,-0.806445
1532402931098485,402.103779,1154.413374,0.000000,0.591125,-0.001938,0.015241,-0.806434
1532402931104559,402.090956,1154.371373,0.000000,0.591286,-0.001962,0.015275,-0.806315
1532402931104844,402.090329,1154.369413,0.000000,0.591289,-0.001963,0.015276,-0.806313
1532402931112460,402.073614,1154.317179,0.000000,0.591352,-0.001990,0.015318,-0.806265
1532402931120339,402.056332,1154.263152,0.000000,0.591418,-0.002018,0.015361,-0.806217
1532402931127972,402.039477,1154.210580,0.000000,0.591440,-0.002057,0.015401,-0.806199
1532402931135745,402.022090,1154.156656,0.000000,0.591395,-0.002113,0.015429,-0.806231
1532402931137525,402.018104,1154.144307,0.000000,0.591385,-0.002125,0.015435,-0.806239
1532402931145248,402.000790,1154.090730,0.000000,0.591341,-0.002140,0.015432,-0.806271
1532402931146701,401.997545,1154.080671,0.000000,0.591333,-0.002141,0.015431,-0.806277
1532402931148208,401.994146,1154.070196,0.000000,0.591324,-0.002143,0.015430,-0.806284
1532402931153832,401.981644,1154.031353,0.000000,0.591301,-0.002141,0.015405,-0.806301
1532402931154844,401.979385,1154.024354,0.000000,0.591297,-0.002141,0.015400,-0.806304
1532402931162460,401.962368,1153.971682,0.000000,0.591262,-0.002127,0.015356,-0.806330
1532402931170339,401.944815,1153.917297,0.000000,0.591233,-0.002101,0.015311,-0.806353
1532402931174606,401.935330,1153.887885,0.000000,0.591220,-0.002084,0.015303,-0.806363
1532402931177893,401.928018,1153.865228,0.000000,0.591209,-0.002072,0.015297,-0.806370
1532402931187525,401.906768,1153.799198,0.000000,0.591208,-0.002036,0.015273,-0.806372
1532402931197423,401.885685,1153.732670,0.000000,0.591316,-0.001987,0.015269,-0.806293
1532402931198511,401.882036,1153.723115,0.000000,0.591145,-0.001978,0.015269,-0.806418
1532402931210794,401.857254,1153.642872,0.000000,0.591460,-0.001910,0.015262,-0.806188
1532402931215418,401.847442,1153.611855,0.000000,0.591509,-0.001883,0.015260,-0.806152
1532402931216712,401.844696,1153.603175,0.000000,0.591523,-0.001876,0.015259,-0.806142
1532402931228437,401.819642,1153.524267,0.000000,0.591620,-0.001806,0.015255,-0.806071
1532402931248292,401.776468,1153.389637,0.000000,0.591678,-0.001726,0.015380,-0.806026
1532402931249636,401.773593,1153.380607,0.000000,0.591687,-0.001717,0.015392,-0.806019
1532402931254844,401.762316,1153.345389,0.000000,0.591708,-0.001680,0.015440,-0.806003
1532402931262460,401.745820,1153.293889,0.000000,0.591738,-0.001627,0.015532,-0.805979
1532402931270339,401.728800,1153.240704,0.000000,0.591772,-0.001580,0.015652,-0.805952
1532402931277893,401.712507,1153.189772,0.000000,0.591805,-0.001551,0.015788,-0.805925
1532402931285812,401.695447,1153.136439,0.000000,0.591842,-0.001539,0.015932,-0.805895
1532402931287525,401.691889,1153.125182,0.000000,0.591866,-0.001536,0.015963,-0.805877
1532402931290461,401.685791,1153.105888,0.000000,0.591907,-0.001530,0.016003,-0.805846
1532402931298071,401.668952,1153.053730,0.000000,0.591892,-0.001508,0.016093,-0.805855
1532402931298528,401.669043,1153.052870,0.000000,0.592019,-0.001509,0.016098,-0.805762
1532402931319366,401.625865,1152.915994,0.000000,0.592286,-0.001449,0.016328,-0.805561
1532402931348383,401.564151,1152.721145,0.000000,0.592476,-0.001412,0.016588,-0.805416
1532402931354844,401.550371,1152.677653,0.000000,0.592511,-0.001388,0.016590,-0.805391
1532402931360899,401.537440,1152.636850,0.000000,0.592543,-0.001383,0.016583,-0.805367
1532402931361007,401.537209,1152.636122,0.000000,0.592543,-0.001383,0.016583,-0.805367
1532402931361706,401.535716,1152.631412,0.000000,0.592547,-0.001385,0.016581,-0.805364
1532402931362460,401.534106,1152.626331,0.000000,0.592551,-0.001387,0.016578,-0.805361
1532402931370339,401.517339,1152.573338,0.000000,0.592589,-0.001412,0.016553,-0.805334
1532402931373293,401.511062,1152.553486,0.000000,0.592602,-0.001426,0.016543,-0.805324
1532402931377893,401.501288,1152.522572,0.000000,0.592623,-0.001448,0.016528,-0.805309
1532402931387525,401.480850,1152.457872,0.000000,0.592674,-0.001513,0.016466,-0.805273
1532402931394661,401.465804,1152.410043,0.000000,0.592735,-0.001554,0.016409,-0.805229
1532402931397423,401.459982,1152.391531,0.000000,0.592758,-0.001570,0.016387,-0.805212
1532402931398144,401.458265,1152.386476,0.000000,0.592716,-0.001573,0.016381,-0.805243
1532402931404844,401.444341,1152.341787,0.000000,0.592821,-0.001605,0.016328,-0.805167
1532402931412460,401.428338,1152.290847,0.000000,0.592883,-0.001641,0.016268,-0.805122
1532402931420339,401.411790,1152.238158,0.000000,0.592948,-0.001678,0.016206,-0.805076
1532402931427893,401.395746,1152.187130,0.000000,0.593005,-0.001707,0.016137,-0.805035
1532402931435249,401.379817,1152.136567,0.000000,0.593051,-0.001712,0.016072,-0.805003
1532402931435966,401.378265,1152.131639,0.000000,0.593056,-0.001712,0.016065,-0.804999
1532402931437525,401.374889,1152.120923,0.000000,0.593066,-0.001713,0.016051,-0.804992
1532402931441636,401.365988,1152.092665,0.000000,0.593092,-0.001700,0.015987,-0.804974
1532402931447423,401.353480,1152.052938,0.000000,0.593129,-0.001678,0.015889,-0.804949
1532402931448362,401.351455,1152.046504,0.000000,0.593136,-0.001675,0.015873,-0.804944
1532402931448464,401.351206,1152.045730,0.000000,0.593135,-0.001674,0.015871,-0.804945
1532402931469700,401.305513,1151.900435,0.000000,0.593279,-0.001661,0.015513,-0.804846
1532402931498227,401.245194,1151.707831,0.000000,0.593509,-0.001573,0.014890,-0.804688
1532402931504844,401.231588,1151.663938,0.000000,0.593627,-0.001515,0.014750,-0.804604
1532402931505467,401.230299,1151.659794,0.000000,0.593635,-0.001509,0.014737,-0.804598
1532402931510865,401.219138,1151.623933,0.000000,0.593688,-0.001462,0.014623,-0.804561
1532402931511566,401.217688,1151.619276,0.000000,0.593695,-0.001455,0.014608,-0.804556
1532402931512460,401.215840,1151.613337,0.000000,0.593704,-0.001447,0.014589,-0.804550
1532402931520339,401.199553,1151.560995,0.000000,0.593782,-0.001378,0.014423,-0.804496
1532402931523382,401.193263,1151.540779,0.000000,0.593812,-0.001353,0.014358,-0.804475
1532402931527893,401.183941,1151.510781,0.000000,0.593850,-0.001321,0.014264,-0.804448
1532402931537525,401.164040,1151.446626,0.000000,0.593911,-0.001267,0.014078,-0.804406
1532402931539241,401.160494,1151.435196,0.000000,0.593922,-0.001261,0.014046,-0.804399
1532402931547423,401.143601,1151.380734,0.000000,0.593972,-0.001245,0.013893,-0.804365
1532402931547993,401.142410,1151.377273,0.000000,0.594054,-0.001245,0.013882,-0.804304
1532402931580381,401.075860,1151.162071,0.000000,0.594145,-0.001373,0.013330,-0.804246
1532402931585925,401.064513,1151.125387,0.000000,0.594177,-0.001417,0.013240,-0.804224
1532402931586075,401.064217,1151.124412,0.000000,0.594180,-0.001418,0.013238,-0.804222
1532402931593245,401.050055,1151.077802,0.000000,0.594292,-0.001502,0.013139,-0.804141
1532402931598303,401.039080,1151.043326,0.000000,0.594235,-0.001516,0.013040,-0.804185
1532402931604844,401.027151,1151.002372,0.000000,0.594474,-0.001649,0.013003,-0.804008
1532402931612460,401.012152,1150.952932,0.000000,0.594582,-0.001739,0.012930,-0.803929
1532402931614770,401.007605,1150.937938,0.000000,0.594615,-0.001767,0.012908,-0.803905
1532402931620339,400.996645,1150.901786,0.000000,0.594693,-0.001832,0.012855,-0.803848
1532402931627893,400.981682,1150.852915,0.000000,0.594777,-0.001937,0.012776,-0.803787
1532402931637525,400.962320,1150.791091,0.000000,0.594821,-0.002073,0.012662,-0.803755
1532402931648081,400.941106,1150.723335,0.000000,0.594870,-0.002246,0.012515,-0.803721
1532402931654844,400.927540,1150.679937,0.000000,0.594894,-0.002337,0.012415,-0.803705
1532402931655298,400.926629,1150.677023,0.000000,0.594896,-0.002343,0.012408,-0.803704
1532402931656618,400.923979,1150.668552,0.000000,0.594901,-0.002360,0.012388,-0.803700
1532402931660959,400.915267,1150.640694,0.000000,0.594918,-0.002407,0.012325,-0.803688
1532402931662460,400.912255,1150.631061,0.000000,0.594924,-0.002420,0.012304,-0.803684
1532402931668196,400.900752,1150.594260,0.000000,0.594946,-0.002468,0.012224,-0.803669
1532402931670339,400.896459,1150.580515,0.000000,0.594955,-0.002480,0.012195,-0.803663
1532402931677893,400.881328,1150.532064,0.000000,0.594985,-0.002506,0.012098,-0.803642
1532402931684850,400.867394,1150.487441,0.000000,0.595012,-0.002530,0.012011,-0.803623
1532402931687525,400.861944,1150.469982,0.000000,0.595015,-0.002539,0.011978,-0.803622
1532402931697423,400.841614,1150.404878,0.000000,0.595011,-0.002590,0.011941,-0.803625
1532402931697833,400.841395,1150.404165,0.000000,0.595063,-0.002574,0.011852,-0.803587
1532402931725595,400.783936,1150.219865,0.000000,0.595021,-0.002796,0.011949,-0.803617
1532402931731603,400.771876,1150.181638,0.000000,0.595008,-0.002859,0.011980,-0.803625
1532402931739048,400.756923,1150.134288,0.000000,0.594992,-0.002946,0.012025,-0.803636
1532402931740400,400.754206,1150.125689,0.000000,0.594989,-0.002953,0.012035,-0.803638
1532402931748156,400.738611,1150.076362,0.000000,0.594973,-0.002991,0.012092,-0.803649
1532402931754844,400.725234,1150.033851,0.000000,0.594967,-0.003011,0.012158,-0.803652
1532402931759772,400.715350,1150.002522,0.000000,0.594961,-0.003024,0.012208,-0.803656
1532402931762460,400.709955,1149.985434,0.000000,0.594958,-0.003033,0.012232,-0.803658
1532402931770339,400.694177,1149.935393,0.000000,0.594956,-0.003060,0.012300,-0.803659
1532402931777893,400.679064,1149.887447,0.000000,0.594958,-0.003086,0.012352,-0.803656
1532402931787525,400.659631,1149.825784,0.000000,0.594964,-0.003126,0.012413,-0.803650
1532402931797423,400.639223,1149.760875,0.000000,0.594983,-0.003168,0.012456,-0.803636
1532402931797919,400.638933,1149.760346,0.000000,0.594963,-0.003170,0.012458,-0.803650
1532402931800586,400.632698,1149.740134,0.000000,0.594988,-0.003182,0.012468,-0.803631
1532402931801629,400.630545,1149.733294,0.000000,0.594990,-0.003186,0.012472,-0.803630
1532402931811081,400.611088,1149.671397,0.000000,0.595015,-0.003222,0.012504,-0.803611
1532402931814091,400.604901,1149.651706,0.000000,0.595025,-0.003233,0.012514,-0.803603
1532402931829449,400.573665,1149.551976,0.000000,0.595084,-0.003278,0.012557,-0.803559
1532402931847703,400.537834,1149.436190,0.000000,0.595191,-0.003151,0.012484,-0.803481
1532402931854844,400.523866,1149.390973,0.000000,0.595234,-0.003060,0.012412,-0.803450
1532402931862460,400.508956,1149.342730,0.000000,0.595281,-0.002956,0.012326,-0.803418
1532402931870339,400.493556,1149.292837,0.000000,0.595331,-0.002839,0.012235,-0.803383
1532402931877040,400.480468,1149.250414,0.000000,0.595375,-0.002726,0.012177,-0.803351
1532402931877893,400.478802,1149.245013,0.000000,0.595380,-0.002712,0.012170,-0.803347
1532402931886002,400.462872,1149.193498,0.000000,0.595428,-0.002595,0.012098,-0.803314
1532402931887525,400.459736,1149.183535,0.000000,0.595429,-0.002575,0.012085,-0.803313
1532402931889121,400.456450,1149.173094,0.000000,0.595429,-0.002555,0.012071,-0.803313
1532402931898000,400.439516,1149.117720,0.000000,0.595511,-0.002440,0.011991,-0.803254
1532402931904570,400.424595,1149.072036,0.000000,0.595438,-0.002403,0.011991,-0.803308
1532402931904844,400.424030,1149.070244,0.000000,0.595438,-0.002400,0.011990,-0.803308
1532402931912460,400.408413,1149.020559,0.000000,0.595447,-0.002321,0.011954,-0.803302
1532402931920339,400.392245,1148.969170,0.000000,0.595456,-0.002239,0.011917,-0.803296
1532402931927893,400.376916,1148.920263,0.000000,0.595500,-0.002168,0.011875,-0.803265
1532402931937525,400.357963,1148.859021,0.000000,0.595662,-0.002118,0.011856,-0.803145
1532402931945355,400.342560,1148.809221,0.000000,0.595793,-0.002080,0.011834,-0.803048
1532402931947423,400.338503,1148.796098,0.000000,0.595828,-0.002070,0.011828,-0.803022
1532402931947766,400.337818,1148.793884,0.000000,0.595833,-0.002068,0.011827,-0.803018
1532402931951779,400.329965,1148.768469,0.000000,0.595901,-0.002028,0.011806,-0.802968
1532402931959108,400.315604,1148.721976,0.000000,0.596025,-0.001938,0.011763,-0.802877
1532402931960150,400.313563,1148.715365,0.000000,0.596043,-0.001925,0.011756,-0.802864
1532402931979414,400.275937,1148.593191,0.000000,0.596354,-0.001675,0.011657,-0.802635
1532402931998096,400.239514,1148.474678,0.000000,0.596651,-0.001404,0.011542,-0.802416
1532402932004844,400.225579,1148.427528,0.000000,0.596665,-0.001300,0.011496,-0.802407
1532402932012460,400.210497,1148.377675,0.000000,0.596740,-0.001180,0.011447,-0.802352
1532402932020339,400.194903,1148.326106,0.000000,0.596819,-0.001056,0.011397,-0.802295
1532402932020532,400.194521,1148.324842,0.000000,0.596821,-0.001053,0.011396,-0.802293
1532402932021622,400.192364,1148.317708,0.000000,0.596831,-0.001036,0.011389,-0.802285
1532402932027893,400.179789,1148.276549,0.000000,0.596878,-0.000946,0.011345,-0.802251
1532402932034141,400.167089,1148.235426,0.000000,0.596909,-0.000866,0.011304,-0.802229
1532402932035192,400.164953,1148.228509,0.000000,0.596915,-0.000852,0.011298,-0.802225
1532402932037525,400.160211,1148.213154,0.000000,0.596926,-0.000822,0.011283,-0.802216
1532402932047431,400.140107,1148.148024,0.000000,0.596976,-0.000693,0.011184,-0.802181
1532402932047863,400.139197,1148.145112,0.000000,0.596978,-0.000687,0.011179,-0.802179
1532402932049089,400.136757,1148.137155,0.000000,0.596984,-0.000671,0.011166,-0.802175
1532402932090611,400.053087,1147.865873,0.000000,0.597200,-0.000535,0.010820,-0.802019
1532402932097682,400.038825,1147.819349,0.000000,0.597227,-0.000540,0.010772,-0.801999
1532402932104174,400.025861,1147.778112,0.000000,0.597289,-0.000599,0.010745,-0.801954
1532402932104844,400.024516,1147.773777,0.000000,0.597293,-0.000602,0.010743,-0.801951
1532402932109368,400.015484,1147.744602,0.000000,0.597322,-0.000622,0.010729,-0.801930
1532402932112460,400.009314,1147.724667,0.000000,0.597341,-0.000635,0.010720,-0.801915
1532402932115419,400.003408,1147.705590,0.000000,0.597360,-0.000648,0.010710,-0.801902
1532402932120339,399.993589,1147.673869,0.000000,0.597391,-0.000670,0.010695,-0.801879
1532402932124395,399.985495,1147.647719,0.000000,0.597417,-0.000689,0.010682,-0.801860
1532402932127893,399.978635,1147.625039,0.000000,0.597462,-0.000709,0.010670,-0.801826
1532402932137525,399.959853,1147.562469,0.000000,0.597609,-0.000749,0.010631,-0.801717
1532402932147423,399.940588,1147.498229,0.000000,0.597756,-0.000767,0.010584,-0.801608
1532402932147942,399.939547,1147.494776,0.000000,0.597767,-0.000768,0.010582,-0.801599
1532402932154844,399.926211,1147.450217,0.000000,0.597857,-0.000774,0.010555,-0.801533
1532402932162460,399.911461,1147.400935,0.000000,0.597962,-0.000787,0.010539,-0.801455
1532402932166115,399.904390,1147.377298,0.000000,0.598012,-0.000796,0.010539,-0.801418
1532402932170339,399.896250,1147.350068,0.000000,0.598066,-0.000810,0.010541,-0.801377
1532402932171718,399.893592,1147.341178,0.000000,0.598084,-0.000816,0.010542,-0.801364
1532402932177893,399.881696,1147.301366,0.000000,0.598164,-0.000846,0.010550,-0.801304
1532402932187063,399.864051,1147.242277,0.000000,0.598280,-0.000880,0.010557,-0.801217
1532402932187525,399.863167,1147.239311,0.000000,0.598285,-0.000882,0.010557,-0.801213
1532402932190673,399.857141,1147.219099,0.000000,0.598321,-0.000888,0.010559,-0.801186
1532402932197423,399.844223,1147.175758,0.000000,0.598398,-0.000894,0.010565,-0.801129
1532402932197715,399.843532,1147.173533,0.000000,0.598420,-0.000895,0.010565,-0.801112
1532402932199460,399.840325,1147.162677,0.000000,0.598421,-0.000896,0.010567,-0.801112
1532402932235940,399.771247,1146.931800,0.000000,0.598754,-0.001015,0.010594,-0.800863
1532402932246993,399.750736,1146.863861,0.000000,0.598776,-0.001080,0.010568,-0.800846
1532402932247502,399.748628,1146.854957,0.000000,0.599019,-0.001057,0.010583,-0.800664
1532402932254266,399.737274,1146.819251,0.000000,0.598790,-0.001140,0.010556,-0.800836
1532402932254844,399.736204,1146.815706,0.000000,0.598791,-0.001145,0.010555,-0.800835
1532402932262460,399.722096,1146.768993,0.000000,0.598805,-0.001207,0.010549,-0.800825
1532402932265720,399.716056,1146.748999,0.000000,0.598811,-0.001231,0.010548,-0.800820
1532402932270630,399.706995,1146.718912,0.000000,0.598826,-0.001262,0.010546,-0.800809
1532402932277893,399.693581,1146.674407,0.000000,0.598848,-0.001292,0.010541,-0.800793
1532402932287525,399.675751,1146.615123,0.000000,0.598895,-0.001321,0.010545,-0.800757
1532402932297423,399.657333,1146.553172,0.000000,0.599012,-0.001335,0.010574,-0.800669
1532402932297791,399.656771,1146.552483,0.000000,0.598908,-0.001345,0.010554,-0.800747
1532402932306267,399.640884,1146.497811,0.000000,0.599118,-0.001345,0.010596,-0.800590
1532402932316694,399.621559,1146.432799,0.000000,0.599242,-0.001356,0.010618,-0.800496
1532402932329375,399.597956,1146.354031,0.000000,0.599366,-0.001359,0.010636,-0.800403
1532402932340793,399.576512,1146.283567,0.000000,0.599431,-0.001335,0.010644,-0.800354
1532402932344548,399.569458,1146.260394,0.000000,0.599453,-0.001322,0.010643,-0.800338
1532402932347568,399.563785,1146.241757,0.000000,0.599470,-0.001312,0.010643,-0.800326
1532402932354844,399.550313,1146.195856,0.000000,0.599590,-0.001281,0.010610,-0.800236
1532402932362460,399.536166,1146.148072,0.000000,0.599695,-0.001235,0.010568,-0.800158
1532402932370339,399.521568,1146.098718,0.000000,0.599808,-0.001177,0.010526,-0.800074
1532402932377893,399.507598,1146.051449,0.000000,0.599918,-0.001131,0.010489,-0.799992
1532402932381346,399.501214,1146.029841,0.000000,0.599968,-0.001111,0.010471,-0.799955
1532402932387525,399.489766,1145.991391,0.000000,0.600031,-0.001076,0.010437,-0.799908
1532402932391658,399.482085,1145.965849,0.000000,0.600052,-0.001058,0.010415,-0.799893
1532402932397322,399.471690,1145.929858,0.000000,0.600200,-0.001039,0.010386,-0.799782
1532402932397423,399.471369,1145.930222,0.000000,0.600081,-0.001037,0.010385,-0.799871
1532402932404280,399.458617,1145.887847,0.000000,0.600115,-0.001019,0.010353,-0.799846
1532402932404844,399.457568,1145.884362,0.000000,0.600118,-0.001018,0.010350,-0.799844
1532402932412460,399.443426,1145.837463,0.000000,0.600153,-0.001004,0.010316,-0.799818
1532402932414418,399.439790,1145.825420,0.000000,0.600163,-0.001001,0.010308,-0.799811
1532402932416245,399.436397,1145.814183,0.000000,0.600171,-0.000998,0.010299,-0.799805
1532402932420339,399.428791,1145.789002,0.000000,0.600190,-0.000991,0.010281,-0.799791
1532402932427893,399.414915,1145.742734,0.000000,0.600245,-0.000985,0.010257,-0.799750
1532402932437525,399.397620,1145.684179,0.000000,0.600363,-0.000991,0.010236,-0.799662
1532402932447423,399.379864,1145.624009,0.000000,0.600483,-0.001009,0.010224,-0.799572
1532402932447647,399.379455,1145.622640,0.000000,0.600487,-0.001009,0.010224,-0.799569
1532402932455953,399.364589,1145.572171,0.000000,0.600583,-0.001051,0.010244,-0.799496
1532402932461826,399.354075,1145.536479,0.000000,0.600651,-0.001090,0.010266,-0.799444
1532402932473842,399.332621,1145.463567,0.000000,0.600795,-0.001199,0.010348,-0.799335
1532402932489033,399.305358,1145.371240,0.000000,0.600965,-0.001355,0.010501,-0.799205
1532402932490984,399.301793,1145.359305,0.000000,0.600982,-0.001364,0.010510,-0.799192
1532402932497445,399.290540,1145.320449,0.000000,0.601081,-0.001395,0.010542,-0.799117
1532402932504844,399.276462,1145.274516,0.000000,0.601101,-0.001424,0.010575,-0.799102
1532402932512460,399.262581,1145.227993,0.000000,0.601168,-0.001449,0.010606,-0.799051
1532402932520339,399.248220,1145.179872,0.000000,0.601238,-0.001474,0.010639,-0.798998
1532402932525943,399.238014,1145.145675,0.000000,0.601287,-0.001486,0.010656,-0.798961
1532402932527893,399.234492,1145.133847,0.000000,0.601304,-0.001484,0.010659,-0.798948
1532402932536722,399.218547,1145.080295,0.000000,0.601379,-0.001450,0.010626,-0.798892
1532402932537525,399.217097,1145.075425,0.000000,0.601386,-0.001446,0.010622,-0.798886
1532402932547177,399.199665,1145.016881,0.000000,0.601469,-0.001400,0.010532,-0.798825
1532402932547423,399.199234,1145.015401,0.000000,0.601472,-0.001399,0.010530,-0.798824
1532402932548927,399.196527,1145.006287,0.000000,0.601485,-0.001391,0.010514,-0.798814
1532402932560174,399.176276,1144.938133,0.000000,0.601583,-0.001311,0.010395,-0.798742
1532402932565999,399.165792,1144.902841,0.000000,0.601634,-0.001254,0.010319,-0.798705
1532402932597498,399.109250,1144.712212,0.000000,0.601918,-0.000903,0.009979,-0.798495
1532402932600735,399.103235,1144.688828,0.000000,0.601991,-0.000870,0.009942,-0.798440
1532402932604844,399.095802,1144.662978,0.000000,0.602040,-0.000834,0.009897,-0.798404
1532402932611583,399.083692,1144.620746,0.000000,0.602126,-0.000775,0.009822,-0.798340
1532402932612460,399.082116,1144.615250,0.000000,0.602137,-0.000767,0.009813,-0.798332
1532402932619586,399.069309,1144.570594,0.000000,0.602228,-0.000705,0.009734,-0.798265
1532402932620339,399.067956,1144.565875,0.000000,0.602237,-0.000698,0.009726,-0.798257
1532402932627893,399.054410,1144.518691,0.000000,0.602333,-0.000638,0.009653,-0.798186
1532402932634472,399.042677,1144.477929,0.000000,0.602416,-0.000598,0.009621,-0.798124
1532402932637525,399.037234,1144.459013,0.000000,0.602454,-0.000581,0.009610,-0.798096
1532402932641364,399.030390,1144.435227,0.000000,0.602502,-0.000567,0.009613,-0.798059
1532402932647284,399.019837,1144.398546,0.000000,0.602576,-0.000550,0.009627,-0.798003
1532402932647423,399.019617,1144.397725,0.000000,0.602577,-0.000550,0.009627,-0.798002
1532402932662460,398.993024,1144.304878,0.000000,0.602762,-0.000533,0.009718,-0.797862
1532402932670339,398.979084,1144.256229,0.000000,0.602858,-0.000537,0.009786,-0.797788
1532402932670933,398.978033,1144.252562,0.000000,0.602866,-0.000539,0.009791,-0.797783
1532402932677893,398.965701,1144.209619,0.000000,0.602956,-0.000560,0.009856,-0.797713
1532402932681572,398.959166,1144.186947,0.000000,0.603010,-0.000572,0.009891,-0.797672
1532402932687525,398.948598,1144.150157,0.000000,0.603101,-0.000592,0.009946,-0.797603
1532402932694151,398.936849,1144.109051,0.000000,0.603211,-0.000603,0.009995,-0.797519
1532402932697048,398.931661,1144.091578,0.000000,0.603233,-0.000623,0.010033,-0.797502
1532402932697423,398.931047,1144.088752,0.000000,0.603265,-0.000608,0.010019,-0.797477
1532402932704592,398.918339,1144.044275,0.000000,0.603384,-0.000623,0.010063,-0.797387
1532402932715317,398.899331,1143.977736,0.000000,0.603562,-0.000650,0.010120,-0.797251
1532402932746225,398.844902,1143.786752,0.000000,0.604067,-0.000719,0.010379,-0.796866
1532402932747376,398.842865,1143.779436,0.000000,0.604091,-0.000722,0.010391,-0.796847
1532402932754844,398.829886,1143.735039,0.000000,0.604168,-0.000729,0.010455,-0.796788
1532402932762460,398.816610,1143.689345,0.000000,0.604258,-0.000739,0.010532,-0.796719
1532402932763709,398.814432,1143.681851,0.000000,0.604273,-0.000741,0.010548,-0.796707
1532402932770901,398.801961,1143.638738,0.000000,0.604363,-0.000747,0.010632,-0.796638
1532402932777893,398.789842,1143.596831,0.000000,0.604451,-0.000737,0.010704,-0.796570
1532402932780019,398.786155,1143.584089,0.000000,0.604478,-0.000734,0.010726,-0.796549
1532402932787525,398.773151,1143.539199,0.000000,0.604592,-0.000705,0.010782,-0.796462
1532402932791308,398.766614,1143.516666,0.000000,0.604669,-0.000677,0.010800,-0.796404
1532402932797137,398.756444,1143.481497,0.000000,0.604694,-0.000624,0.010822,-0.796384
1532402932797423,398.756051,1143.480241,0.000000,0.604792,-0.000623,0.010823,-0.796309
1532402932820055,398.717111,1143.345462,0.000000,0.605247,-0.000392,0.010905,-0.795963
1532402932826562,398.705996,1143.306893,0.000000,0.605373,-0.000322,0.010929,-0.795867
1532402932839466,398.684452,1143.232012,0.000000,0.605577,-0.000195,0.010965,-0.795711
1532402932846888,398.672066,1143.188940,0.000000,0.605695,-0.000126,0.010982,-0.795621
1532402932849713,398.667371,1143.172502,0.000000,0.605737,-0.000081,0.011003,-0.795589
1532402932854844,398.658831,1143.142677,0.000000,0.605815,-0.000034,0.011031,-0.795529
1532402932862460,398.646153,1143.098409,0.000000,0.605931,0.000027,0.011080,-0.795440
1532402932870339,398.633073,1143.052595,0.000000,0.606055,0.000074,0.011145,-0.795345
1532402932877893,398.620554,1143.008661,0.000000,0.606176,0.000105,0.011231,-0.795251
1532402932887525,398.604487,1142.952421,0.000000,0.606325,0.000137,0.011338,-0.795136
1532402932890833,398.598724,1142.932578,0.000000,0.606363,0.000154,0.011366,-0.795107
1532402932897233,398.588496,1142.896183,0.000000,0.606486,0.000168,0.011444,-0.795012
1532402932897423,398.587235,1142.893048,0.000000,0.606439,0.000192,0.011414,-0.795048
1532402932901561,398.580015,1142.868226,0.000000,0.606487,0.000216,0.011445,-0.795011
1532402932904844,398.574285,1142.848534,0.000000,0.606525,0.000234,0.011473,-0.794982
1532402932912460,398.561110,1142.802905,0.000000,0.606623,0.000277,0.011538,-0.794906
1532402932913786,398.558816,1142.794961,0.000000,0.606640,0.000285,0.011550,-0.794893
1532402932920339,398.547474,1142.755706,0.000000,0.606725,0.000321,0.011606,-0.794827
1532402932924860,398.539642,1142.728623,0.000000,0.606784,0.000346,0.011644,-0.794782
1532402932927893,398.534435,1142.709887,0.000000,0.606856,0.000363,0.011671,-0.794726
1532402932937525,398.517942,1142.649912,0.000000,0.607112,0.000408,0.011731,-0.794529
1532402932946976,398.501759,1142.591040,0.000000,0.607364,0.000443,0.011809,-0.794336
1532402932947423,398.501016,1142.588305,0.000000,0.607373,0.000445,0.011813,-0.794328
1532402932948517,398.499155,1142.581517,0.000000,0.607401,0.000449,0.011823,-0.794307
1532402932961477,398.477121,1142.501097,0.000000,0.607732,0.000503,0.011951,-0.794052
1532402932977096,398.450748,1142.404454,0.000000,0.608131,0.000593,0.012066,-0.793745
1532402932984001,398.439120,1142.361772,0.000000,0.608308,0.000632,0.012125,-0.793608
1532402932996739,398.417678,1142.283028,0.000000,0.608634,0.000702,0.012239,-0.793356
1532402932999421,398.412488,1142.266781,0.000000,0.608594,0.000738,0.012203,-0.793388
1532402933005584,398.401810,1142.228833,0.000000,0.608703,0.000794,0.012210,-0.793304
1532402933027893,398.362998,1142.091357,0.000000,0.609107,0.001014,0.012214,-0.792993
1532402933035760,398.349763,1142.042887,0.000000,0.609284,0.001095,0.012225,-0.792857
1532402933037525,398.346794,1142.032012,0.000000,0.609323,0.001112,0.012229,-0.792827
1532402933047060,398.330763,1141.973256,0.000000,0.609537,0.001182,0.012265,-0.792662
1532402933047100,398.330727,1141.973063,0.000000,0.609529,0.001183,0.012265,-0.792668
1532402933047423,398.330192,1141.971084,0.000000,0.609534,0.001185,0.012266,-0.792664
1532402933059383,398.310329,1141.897827,0.000000,0.609729,0.001239,0.012310,-0.792513
1532402933069226,398.293952,1141.837556,0.000000,0.609893,0.001253,0.012340,-0.792387
1532402933091486,398.257250,1141.703010,0.000000,0.610503,0.001273,0.012421,-0.791915
1532402933096824,398.248302,1141.670550,0.000000,0.610708,0.001260,0.012466,-0.791757
1532402933104844,398.235435,1141.622506,0.000000,0.610794,0.001232,0.012541,-0.791690
1532402933106201,398.233229,1141.614340,0.000000,0.610824,0.001225,0.012555,-0.791666
1532402933112460,398.223095,1141.576732,0.000000,0.610963,0.001195,0.012618,-0.791557
1532402933120339,398.210334,1141.529389,0.000000,0.611140,0.001156,0.012697,-0.791420
1532402933122359,398.207061,1141.517252,0.000000,0.611185,0.001146,0.012718,-0.791385
1532402933127893,398.198006,1141.483856,0.000000,0.611302,0.001111,0.012792,-0.791293
1532402933129398,398.195521,1141.474739,0.000000,0.611332,0.001098,0.012816,-0.791270
1532402933137525,398.182108,1141.425502,0.000000,0.611494,0.001031,0.012964,-0.791142
1532402933145278,398.169316,1141.378530,0.000000,0.611649,0.000953,0.013115,-0.791020
1532402933146604,398.167129,1141.370496,0.000000,0.611676,0.000955,0.013129,-0.790999
1532402933147423,398.165802,1141.365579,0.000000,0.611691,0.000931,0.013157,-0.790987
1532402933154844,398.153639,1141.320773,0.000000,0.611834,0.000861,0.013301,-0.790874
1532402933162460,398.141150,1141.274790,0.000000,0.611981,0.000774,0.013450,-0.790757
1532402933170339,398.128292,1141.227311,0.000000,0.612139,0.000676,0.013599,-0.790633
1532402933171442,398.126498,1141.220673,0.000000,0.612161,0.000665,0.013618,-0.790616
1532402933177893,398.115999,1141.181847,0.000000,0.612292,0.000599,0.013725,-0.790512
1532402933181522,398.110090,1141.160005,0.000000,0.612366,0.000571,0.013779,-0.790454
1532402933187525,398.100326,1141.123667,0.000000,0.612516,0.000528,0.013866,-0.790336
1532402933196700,398.085432,1141.067750,0.000000,0.612793,0.000497,0.013918,-0.790120
1532402933196926,398.084983,1141.067298,0.000000,0.612680,0.000498,0.013919,-0.790208
1532402933197423,398.084258,1141.063343,0.000000,0.612815,0.000495,0.013922,-0.790103
1532402933204387,398.072958,1141.020900,0.000000,0.613026,0.000479,0.013954,-0.789940
1532402933215243,398.055147,1140.954592,0.000000,0.613241,0.000457,0.014004,-0.789772
1532402933246434,398.005789,1140.767332,0.000000,0.613971,0.000436,0.014063,-0.789203
1532402933246669,398.005419,1140.765911,0.000000,0.613981,0.000436,0.014063,-0.789195
1532402933251099,397.998630,1140.739674,0.000000,0.614102,0.000434,0.014064,-0.789102
1532402933254844,397.992884,1140.717470,0.000000,0.614206,0.000427,0.014071,-0.789020
1532402933262460,397.981201,1140.672314,0.000000,0.614418,0.000403,0.014102,-0.788854
1532402933267132,397.974063,1140.644638,0.000000,0.614550,0.000382,0.014132,-0.788751
1532402933270339,397.969189,1140.625665,0.000000,0.614642,0.000368,0.014156,-0.788679
1532402933273720,397.964052,1140.605662,0.000000,0.614738,0.000355,0.014184,-0.788603
1532402933277893,397.957712,1140.580973,0.000000,0.614858,0.000339,0.014218,-0.788510
1532402933287525,397.943082,1140.524092,0.000000,0.615124,0.000311,0.014310,-0.788301
1532402933289298,397.940391,1140.513691,0.000000,0.615167,0.000304,0.014329,-0.788267
1532402933296791,397.929006,1140.469165,0.000000,0.615398,0.000270,0.014423,-0.788085
1532402933297423,397.928049,1140.466028,0.000000,0.615363,0.000268,0.014431,-0.788112
1532402933321497,397.891673,1140.325007,0.000000,0.615968,0.000144,0.014720,-0.787634
1532402933326283,397.884472,1140.297009,0.000000,0.616097,0.000115,0.014768,-0.787532
1532402933341566,397.861802,1140.207750,0.000000,0.616576,-0.000013,0.014925,-0.787154
1532402933346758,397.854104,1140.177420,0.000000,0.616739,-0.000063,0.014974,-0.787026
1532402933351432,397.847217,1140.150215,0.000000,0.616876,-0.000109,0.015012,-0.786917
1532402933354844,397.842184,1140.130342,0.000000,0.616978,-0.000144,0.015037,-0.786837
1532402933362467,397.830941,1140.085940,0.000000,0.617205,-0.000225,0.015107,-0.786658
1532402933364950,397.827279,1140.071477,0.000000,0.617278,-0.000252,0.015133,-0.786599
1532402933370339,397.819400,1140.040107,0.000000,0.617440,-0.000317,0.015195,-0.786471
1532402933377893,397.808363,1139.996136,0.000000,0.617666,-0.000424,0.015291,-0.786292
1532402933387525,397.794396,1139.940110,0.000000,0.617965,-0.000556,0.015416,-0.786054
1532402933396499,397.781740,1139.888052,0.000000,0.618279,-0.000668,0.015513,-0.785805
1532402933396568,397.781531,1139.887595,0.000000,0.618280,-0.000669,0.015514,-0.785804
1532402933397423,397.780438,1139.882692,0.000000,0.618311,-0.000680,0.015523,-0.785780
1532402933401424,397.774798,1139.859479,0.000000,0.618451,-0.000726,0.015564,-0.785669
1532402933404844,397.769978,1139.839636,0.000000,0.618571,-0.000764,0.015598,-0.785574
1532402933411538,397.760609,1139.800829,0.000000,0.618797,-0.000840,0.015664,-0.785394
1532402933412460,397.759319,1139.795484,0.000000,0.618829,-0.000850,0.015673,-0.785369
1532402933420339,397.748297,1139.749809,0.000000,0.619095,-0.000939,0.015751,-0.785157
1532402933424301,397.742755,1139.726841,0.000000,0.619229,-0.000981,0.015788,-0.785051
1532402933427893,397.737828,1139.706327,0.000000,0.619348,-0.001015,0.015820,-0.784956
1532402933437525,397.724695,1139.651548,0.000000,0.619665,-0.001090,0.015882,-0.784705
1532402933439671,397.721770,1139.639341,0.000000,0.619735,-0.001108,0.015894,-0.784649
1532402933446309,397.712722,1139.601577,0.000000,0.619953,-0.001159,0.015938,-0.784476
1532402933447423,397.711219,1139.595261,0.000000,0.619987,-0.001172,0.015936,-0.784449
1532402933471095,397.679178,1139.460747,0.000000,0.620734,-0.001299,0.015914,-0.783859
1532402933471540,397.678578,1139.458214,0.000000,0.620748,-0.001303,0.015913,-0.783848
1532402933487175,397.657533,1139.369348,0.000000,0.621241,-0.001469,0.015894,-0.783457
1532402933493662,397.648838,1139.332771,0.000000,0.621445,-0.001541,0.015883,-0.783295
1532402933496629,397.644799,1139.315445,0.000000,0.621540,-0.001573,0.015877,-0.783220
1532402933504844,397.633854,1139.269720,0.000000,0.621796,-0.001671,0.015861,-0.783017
1532402933509947,397.627064,1139.240936,0.000000,0.621959,-0.001734,0.015852,-0.782887
1532402933512460,397.623723,1139.226761,0.000000,0.622039,-0.001764,0.015847,-0.782824
1532402933520339,397.613239,1139.182317,0.000000,0.622292,-0.001861,0.015832,-0.782623
1532402933527893,397.603182,1139.139794,0.000000,0.622537,-0.001975,0.015827,-0.782428
1532402933537525,397.590372,1139.085804,0.000000,0.622856,-0.002154,0.015868,-0.782172
1532402933545916,397.579221,1139.038753,0.000000,0.623134,-0.002315,0.015893,-0.781950
1532402933546394,397.578582,1139.036080,0.000000,0.623151,-0.002325,0.015894,-0.781937
1532402933546567,397.578358,1139.035097,0.000000,0.623155,-0.002328,0.015895,-0.781934
1532402933547423,397.577224,1139.030290,0.000000,0.623182,-0.002345,0.015897,-0.781912
1532402933557169,397.564310,1138.975559,0.000000,0.623495,-0.002555,0.015899,-0.781662
1532402933568675,397.549104,1138.910914,0.000000,0.623866,-0.002829,0.015939,-0.781363
1532402933588192,397.523423,1138.800790,0.000000,0.624507,-0.003228,0.015987,-0.780849
1532402933596146,397.513001,1138.756414,0.000000,0.624770,-0.003383,0.015999,-0.780638
1532402933604844,397.501363,1138.705167,0.000000,0.625044,-0.003498,0.015939,-0.780419
1532402933612460,397.491262,1138.661434,0.000000,0.625290,-0.003616,0.015919,-0.780221
1532402933616245,397.486239,1138.639700,0.000000,0.625413,-0.003674,0.015908,-0.780123
1532402933620339,397.480804,1138.616191,0.000000,0.625545,-0.003738,0.015897,-0.780017
1532402933626683,397.472493,1138.580082,0.000000,0.625751,-0.003840,0.015871,-0.779852
1532402933627893,397.470973,1138.573379,0.000000,0.625791,-0.003861,0.015865,-0.779820
1532402933631586,397.466337,1138.552919,0.000000,0.625913,-0.003928,0.015848,-0.779722
1532402933637525,397.458884,1138.520014,0.000000,0.626110,-0.004036,0.015820,-0.779564
1532402933644114,397.450619,1138.483504,0.000000,0.626328,-0.004149,0.015803,-0.779388
1532402933646462,397.447674,1138.470492,0.000000,0.626406,-0.004189,0.015797,-0.779326
1532402933647431,397.446463,1138.465099,0.000000,0.626431,-0.004205,0.015795,-0.779305
1532402933654844,397.437178,1138.423951,0.000000,0.626658,-0.004304,0.015801,-0.779122
1532402933655711,397.436092,1138.419139,0.000000,0.626685,-0.004315,0.015802,-0.779100
1532402933677893,397.408424,1138.295845,0.000000,0.627376,-0.004582,0.015984,-0.778539
1532402933687525,397.396341,1138.241700,0.000000,0.627688,-0.004690,0.016094,-0.778284
1532402933690870,397.392011,1138.222189,0.000000,0.627807,-0.004729,0.016134,-0.778187
1532402933696230,397.384945,1138.190839,0.000000,0.627995,-0.004793,0.016198,-0.778034
1532402933697423,397.383531,1138.183966,0.000000,0.628040,-0.004807,0.016212,-0.777997
1532402933701604,397.378122,1138.159578,0.000000,0.628188,-0.004863,0.016266,-0.777876
1532402933707097,397.371032,1138.127542,0.000000,0.628384,-0.004938,0.016337,-0.777716
1532402933714479,397.361575,1138.084523,0.000000,0.628646,-0.005040,0.016433,-0.777501
1532402933729754,397.342100,1137.995975,0.000000,0.629194,-0.005253,0.016654,-0.777052
1532402933746013,397.321731,1137.903000,0.000000,0.629792,-0.005477,0.016891,-0.776561
1532402933754844,397.310743,1137.852574,0.000000,0.630098,-0.005517,0.016978,-0.776310
1532402933761196,397.302837,1137.816299,0.000000,0.630319,-0.005571,0.017055,-0.776129
1532402933762460,397.301263,1137.809081,0.000000,0.630363,-0.005582,0.017070,-0.776093
1532402933770339,397.291532,1137.764105,0.000000,0.630643,-0.005642,0.017151,-0.775863
1532402933776659,397.283760,1137.728036,0.000000,0.630871,-0.005673,0.017192,-0.775676
1532402933777142,397.283166,1137.725280,0.000000,0.630889,-0.005676,0.017195,-0.775662
1532402933777893,397.282242,1137.720994,0.000000,0.630916,-0.005680,0.017200,-0.775640
1532402933787525,397.270591,1137.666415,0.000000,0.631278,-0.005733,0.017246,-0.775344
1532402933788980,397.268917,1137.658349,0.000000,0.631339,-0.005744,0.017255,-0.775294
1532402933796318,397.259595,1137.615836,0.000000,0.631580,-0.005782,0.017287,-0.775096
1532402933797423,397.259208,1137.611539,0.000000,0.631694,-0.005821,0.017319,-0.775002
1532402933836647,397.214632,1137.393932,0.000000,0.633360,-0.006166,0.017672,-0.773631
1532402933846122,397.203979,1137.341314,0.000000,0.633770,-0.006256,0.017785,-0.773292
1532402933851740,397.197408,1137.309452,0.000000,0.633971,-0.006301,0.017887,-0.773124
1532402933851831,397.197302,1137.308936,0.000000,0.633975,-0.006302,0.017889,-0.773121
1532402933854844,397.193787,1137.291870,0.000000,0.634084,-0.006330,0.017936,-0.773030
1532402933858887,397.189070,1137.268970,0.000000,0.634231,-0.006367,0.018003,-0.772908
1532402933862509,397.184845,1137.248454,0.000000,0.634362,-0.006393,0.018074,-0.772798
1532402933870339,397.175859,1137.204306,0.000000,0.634619,-0.006446,0.018225,-0.772583
1532402933876094,397.169306,1137.171953,0.000000,0.634796,-0.006465,0.018321,-0.772436
1532402933877893,397.167253,1137.161839,0.000000,0.634851,-0.006471,0.018352,-0.772390
1532402933887525,397.156279,1137.107711,0.000000,0.635148,-0.006482,0.018517,-0.772142
1532402933895870,397.146643,1137.060764,0.000000,0.635402,-0.006486,0.018662,-0.771929
1532402933897423,397.145162,1137.052199,0.000000,0.635461,-0.006467,0.018683,-0.771880
1532402933904844,397.136803,1137.010579,0.000000,0.635696,-0.006444,0.018813,-0.771684
1532402933906205,397.135282,1137.002947,0.000000,0.635739,-0.006438,0.018838,-0.771647
1532402933912460,397.128338,1136.967878,0.000000,0.635942,-0.006412,0.018952,-0.771477
1532402933920339,397.119565,1136.923702,0.000000,0.636198,-0.006378,0.019096,-0.771263
1532402933921675,397.118074,1136.916211,0.000000,0.636241,-0.006372,0.019121,-0.771227
1532402933926729,397.112484,1136.887823,0.000000,0.636427,-0.006342,0.019211,-0.771072
1532402933927893,397.111222,1136.881261,0.000000,0.636480,-0.006332,0.019231,-0.771028
1532402933934378,397.104191,1136.844704,0.000000,0.636775,-0.006255,0.019330,-0.770782
1532402933937525,397.100779,1136.826964,0.000000,0.636919,-0.006216,0.019377,-0.770662
1532402933946170,397.090594,1136.778856,0.000000,0.637037,-0.006101,0.019509,-0.770562
1532402933947423,397.090105,1136.771197,0.000000,0.637368,-0.006093,0.019564,-0.770287
1532402933950357,397.086998,1136.754695,0.000000,0.637500,-0.006057,0.019621,-0.770176
1532402933981306,397.053989,1136.580573,0.000000,0.638803,-0.005675,0.020287,-0.769082
1532402933995941,397.038441,1136.498334,0.000000,0.639377,-0.005524,0.020624,-0.768597
1532402933997596,397.036525,1136.488061,0.000000,0.639387,-0.005524,0.020682,-0.768587
1532402934001728,397.032083,1136.464518,0.000000,0.639531,-0.005492,0.020787,-0.768464
1532402934004807,397.028773,1136.446976,0.000000,0.639638,-0.005478,0.020866,-0.768373
1532402934004844,397.028733,1136.446765,0.000000,0.639640,-0.005478,0.020867,-0.768372
1532402934012460,397.020651,1136.403475,0.000000,0.639901,-0.005442,0.021064,-0.768150
1532402934020339,397.012291,1136.358692,0.000000,0.640171,-0.005405,0.021267,-0.767919
1532402934020647,397.011965,1136.356941,0.000000,0.640181,-0.005403,0.021275,-0.767910
1532402934027893,397.004261,1136.315527,0.000000,0.640430,-0.005370,0.021485,-0.767697
1532402934037525,396.993989,1136.259975,0.000000,0.640763,-0.005367,0.021771,-0.767412
1532402934046254,396.984686,1136.209624,0.000000,0.641063,-0.005369,0.022031,-0.767153
1532402934048294,396.982571,1136.197908,0.000000,0.641131,-0.005363,0.022073,-0.767096
1532402934056821,396.973619,1136.148889,0.000000,0.641413,-0.005348,0.022280,-0.766853
1532402934071617,396.958086,1136.063910,0.000000,0.641933,-0.005351,0.022563,-0.766410
1532402934076742,396.952803,1136.034524,0.000000,0.642127,-0.005359,0.022647,-0.766245
1532402934079949,396.949493,1136.016129,0.000000,0.642249,-0.005364,0.022700,-0.766141
1532402934094946,396.934425,1135.933760,0.000000,0.642732,-0.005423,0.022912,-0.765730
1532402934096020,396.932848,1135.923876,0.000000,0.642860,-0.005400,0.022970,-0.765620
1532402934104844,396.924597,1135.880645,0.000000,0.643020,-0.005490,0.023001,-0.765484
1532402934112460,396.917178,1135.839791,0.000000,0.643261,-0.005540,0.023059,-0.765280
1532402934120339,396.909475,1135.797522,0.000000,0.643512,-0.005593,0.023120,-0.765066
1532402934126082,396.903824,1135.766687,0.000000,0.643695,-0.005638,0.023154,-0.764911
1532402934127893,396.902007,1135.756837,0.000000,0.643751,-0.005657,0.023162,-0.764863
1532402934137525,396.892348,1135.704444,0.000000,0.644052,-0.005799,0.023191,-0.764608
1532402934142675,396.887187,1135.676427,0.000000,0.644212,-0.005899,0.023195,-0.764473
1532402934146351,396.883504,1135.656427,0.000000,0.644326,-0.005933,0.023216,-0.764375
1532402934147423,396.882445,1135.650601,0.000000,0.644356,-0.005999,0.023194,-0.764351
1532402934149906,396.879975,1135.637099,0.000000,0.644428,-0.006051,0.023191,-0.764289
1532402934150966,396.878920,1135.631335,0.000000,0.644459,-0.006073,0.023187,-0.764263
1532402934154844,396.875056,1135.610247,0.000000,0.644572,-0.006153,0.023174,-0.764168
1532402934162460,396.867449,1135.568831,0.000000,0.644794,-0.006311,0.023148,-0.763980
1532402934170072,396.859935,1135.527441,0.000000,0.645028,-0.006474,0.023119,-0.763781
1532402934170339,396.859674,1135.525989,0.000000,0.645037,-0.006480,0.023118,-0.763774
1532402934177893,396.852256,1135.484912,0.000000,0.645279,-0.006656,0.023089,-0.763569
1532402934187525,396.842754,1135.432390,0.000000,0.645596,-0.006878,0.023039,-0.763300
1532402934196106,396.834201,1135.385850,0.000000,0.645861,-0.007075,0.022991,-0.763076
1532402934197423,396.833018,1135.377835,0.000000,0.645962,-0.007086,0.022951,-0.762992
1532402934201889,396.828618,1135.353220,0.000000,0.646127,-0.007177,0.022907,-0.762853
1532402934217866,396.813066,1135.265232,0.000000,0.646740,-0.007475,0.022735,-0.762335
1532402934224949,396.806175,1135.226233,0.000000,0.647015,-0.007610,0.022654,-0.762103
1532402934225939,396.805227,1135.220668,0.000000,0.647061,-0.007630,0.022641,-0.762064
1532402934240481,396.791408,1135.138186,0.000000,0.647779,-0.007869,0.022424,-0.761457
1532402934246430,396.785753,1135.104431,0.000000,0.648073,-0.007976,0.022334,-0.761209
1532402934254844,396.777895,1135.056871,0.000000,0.648487,-0.008000,0.022186,-0.760860
1532402934262460,396.770772,1135.013799,0.000000,0.648862,-0.008050,0.022049,-0.760544
1532402934270339,396.763490,1134.969291,0.000000,0.649260,-0.008090,0.021894,-0.760209
1532402934276182,396.758129,1134.936313,0.000000,0.649559,-0.008097,0.021766,-0.759956
1532402934277893,396.756559,1134.926656,0.000000,0.649647,-0.008100,0.021728,-0.759882
1532402934287159,396.748010,1134.874234,0.000000,0.650119,-0.008113,0.021516,-0.759484
1532402934287525,396.747667,1134.872147,0.000000,0.650137,-0.008114,0.021508,-0.759469
1532402934294957,396.740719,1134.829779,0.000000,0.650508,-0.008126,0.021333,-0.759157
1532402934296211,396.739712,1134.823266,0.000000,0.650586,-0.008128,0.021305,-0.759090
1532402934301214,396.734870,1134.794109,0.000000,0.650819,-0.008137,0.021186,-0.758893
1532402934315150,396.722071,1134.714906,0.000000,0.651516,-0.008170,0.020848,-0.758304
1532402934346202,396.694293,1134.539110,0.000000,0.653136,-0.008221,0.020008,-0.756932
1532402934346521,396.693118,1134.536781,0.000000,0.653087,-0.008202,0.020005,-0.756974
1532402934354844,396.686660,1134.490230,0.000000,0.653595,-0.008259,0.019751,-0.756541
1532402934362460,396.679931,1134.447140,0.000000,0.654000,-0.008311,0.019528,-0.756197
1532402934362689,396.679729,1134.445844,0.000000,0.654012,-0.008313,0.019521,-0.756187
1532402934369946,396.673467,1134.404933,0.000000,0.654403,-0.008380,0.019314,-0.755853
1532402934370339,396.673132,1134.402723,0.000000,0.654424,-0.008385,0.019303,-0.755835
1532402934376147,396.668189,1134.370053,0.000000,0.654740,-0.008457,0.019138,-0.755565
1532402934377893,396.666703,1134.360232,0.000000,0.654835,-0.008478,0.019088,-0.755483
1532402934385880,396.659926,1134.315390,0.000000,0.655269,-0.008579,0.018863,-0.755112
1532402934387525,396.658601,1134.306417,0.000000,0.655357,-0.008600,0.018817,-0.755035
1532402934396284,396.651041,1134.256786,0.000000,0.655833,-0.008727,0.018588,-0.754626
1532402934397423,396.650632,1134.252422,0.000000,0.655892,-0.008744,0.018558,-0.754576
1532402934404844,396.644662,1134.211938,0.000000,0.656292,-0.008851,0.018365,-0.754231
1532402934412460,396.638675,1134.170466,0.000000,0.656701,-0.008959,0.018166,-0.753879
1532402934420339,396.632465,1134.127564,0.000000,0.657123,-0.009070,0.017959,-0.753515
1532402934421234,396.631757,1134.122690,0.000000,0.657171,-0.009083,0.017936,-0.753474
1532402934427893,396.626448,1134.086041,0.000000,0.657518,-0.009187,0.017767,-0.753174
1532402934437525,396.618652,1134.031890,0.000000,0.657992,-0.009360,0.017546,-0.752762
1532402934437717,396.618497,1134.030811,0.000000,0.658001,-0.009364,0.017541,-0.752754
1532402934444958,396.612621,1133.990080,0.000000,0.658357,-0.009538,0.017404,-0.752444
1532402934446600,396.611287,1133.980841,0.000000,0.658439,-0.009524,0.017338,-0.752374
1532402934447423,396.610644,1133.976265,0.000000,0.658471,-0.009601,0.017359,-0.752345
1532402934456585,396.603318,1133.924983,0.000000,0.658884,-0.009861,0.017188,-0.751983
1532402934460230,396.600399,1133.904581,0.000000,0.659049,-0.009965,0.017118,-0.751839
1532402934491311,396.576142,1133.731015,0.000000,0.660506,-0.010807,0.016539,-0.750561
1532402934496368,396.572098,1133.702843,0.000000,0.660725,-0.010944,0.016452,-0.750368
1532402934504844,396.565736,1133.655384,0.000000,0.661177,-0.011143,0.016273,-0.749971
1532402934507591,396.563675,1133.640075,0.000000,0.661312,-0.011205,0.016220,-0.749852
1532402934512460,396.560047,1133.612969,0.000000,0.661551,-0.011315,0.016124,-0.749642
1532402934514516,396.558509,1133.601522,0.000000,0.661652,-0.011362,0.016084,-0.749553
1532402934520339,396.554132,1133.569099,0.000000,0.661937,-0.011493,0.015970,-0.749301
1532402934527893,396.548625,1133.527469,0.000000,0.662321,-0.011657,0.015817,-0.748963
1532402934531093,396.546505,1133.510293,0.000000,0.662497,-0.011715,0.015748,-0.748807
1532402934535183,396.543786,1133.488329,0.000000,0.662722,-0.011785,0.015658,-0.748609
1532402934537525,396.542224,1133.475748,0.000000,0.662851,-0.011826,0.015607,-0.748495
1532402934546700,396.536073,1133.426430,0.000000,0.663356,-0.011951,0.015414,-0.748049
1532402934547423,396.535615,1133.422584,0.000000,0.663389,-0.011961,0.015400,-0.748021
1532402934566721,396.522927,1133.319214,0.000000,0.664382,-0.012188,0.015163,-0.747140
1532402934588217,396.509189,1133.204143,0.000000,0.665541,-0.012416,0.015137,-0.746105
1532402934589843,396.508149,1133.195497,0.000000,0.665627,-0.012432,0.015148,-0.746028
1532402934596445,396.503922,1133.159942,0.000000,0.665988,-0.012493,0.015214,-0.745702
1532402934604844,396.498552,1133.115734,0.000000,0.666419,-0.012566,0.015305,-0.745314
1532402934605687,396.498013,1133.111252,0.000000,0.666464,-0.012573,0.015315,-0.745274
1532402934606906,396.497267,1133.104789,0.000000,0.666529,-0.012584,0.015329,-0.745215
1532402934612460,396.493845,1133.075341,0.000000,0.666829,-0.012630,0.015394,-0.744945
1532402934620339,396.488927,1133.033553,0.000000,0.667254,-0.012696,0.015486,-0.744561
1532402934627893,396.484297,1132.993302,0.000000,0.667676,-0.012762,0.015584,-0.744179
1532402934636991,396.479010,1132.944373,0.000000,0.668220,-0.012812,0.015706,-0.743688
1532402934637525,396.478698,1132.941500,0.000000,0.668251,-0.012815,0.015713,-0.743659
1532402934646778,396.473241,1132.891672,0.000000,0.668804,-0.012848,0.015852,-0.743159
1532402934652815,396.469783,1132.859356,0.000000,0.669134,-0.012864,0.015930,-0.742860
1532402934654844,396.468614,1132.848484,0.000000,0.669246,-0.012869,0.015954,-0.742758
1532402934659735,396.465795,1132.822276,0.000000,0.669517,-0.012878,0.016008,-0.742513
1532402934662484,396.464210,1132.807546,0.000000,0.669669,-0.012879,0.016027,-0.742375
1532402934670339,396.459665,1132.765782,0.000000,0.670111,-0.012878,0.016084,-0.741975
1532402934677893,396.455273,1132.725832,0.000000,0.670540,-0.012866,0.016140,-0.741586
1532402934680718,396.453626,1132.710891,0.000000,0.670700,-0.012862,0.016160,-0.741441
1532402934681921,396.452924,1132.704529,0.000000,0.670769,-0.012861,0.016171,-0.741379
1532402934687525,396.449693,1132.674891,0.000000,0.671090,-0.012857,0.016221,-0.741087
1532402934696555,396.444355,1132.627131,0.000000,0.671599,-0.012885,0.016291,-0.740624
1532402934697423,396.444148,1132.622541,0.000000,0.671665,-0.012888,0.016298,-0.740563
1532402934711816,396.436178,1132.546559,0.000000,0.672498,-0.012944,0.016370,-0.739804
1532402934727570,396.427530,1132.463843,0.000000,0.673402,-0.013003,0.016427,-0.738979
1532402934734781,396.423894,1132.425449,0.000000,0.673872,-0.013045,0.016421,-0.738550
1532402934746854,396.417686,1132.361075,0.000000,0.674659,-0.013121,0.016406,-0.737831
1532402934751004,396.415624,1132.339064,0.000000,0.674903,-0.013123,0.016329,-0.737609
1532402934756974,396.412626,1132.307360,0.000000,0.675262,-0.013107,0.016230,-0.737283
1532402934762460,396.409869,1132.278225,0.000000,0.675593,-0.013082,0.016124,-0.736983
1532402934770339,396.405964,1132.237049,0.000000,0.676057,-0.013042,0.015950,-0.736562
1532402934777893,396.402227,1132.197945,0.000000,0.676495,-0.013019,0.015743,-0.736164
1532402934781872,396.400246,1132.177345,0.000000,0.676725,-0.013007,0.015632,-0.735955
1532402934787525,396.397471,1132.148117,0.000000,0.677056,-0.012995,0.015466,-0.735654
1532402934796625,396.392827,1132.100954,0.000000,0.677579,-0.012981,0.015176,-0.735179
1532402934797423,396.392758,1132.097064,0.000000,0.677648,-0.012980,0.015150,-0.735116
1532402934802767,396.390208,1132.069500,0.000000,0.677967,-0.012975,0.014978,-0.734825
1532402934809282,396.387189,1132.035901,0.000000,0.678360,-0.012972,0.014769,-0.734467
1532402934825024,396.379965,1131.954714,0.000000,0.679313,-0.012968,0.014265,-0.733596
1532402934831405,396.377388,1131.921658,0.000000,0.679748,-0.012980,0.014078,-0.733196
1532402934846949,396.371108,1131.841052,0.000000,0.680813,-0.013040,0.013677,-0.732214
1532402934854844,396.368061,1131.800190,0.000000,0.681343,-0.012915,0.013823,-0.731720
1532402934856904,396.367259,1131.789524,0.000000,0.681480,-0.012938,0.013790,-0.731592
1532402934862460,396.365097,1131.760755,0.000000,0.681853,-0.012927,0.013801,-0.731244
1532402934870339,396.362153,1131.719968,0.000000,0.682395,-0.012911,0.013865,-0.730738
1532402934877893,396.359388,1131.680867,0.000000,0.682919,-0.013074,0.013849,-0.730246
1532402934879801,396.358687,1131.670991,0.000000,0.683051,-0.013116,0.013845,-0.730122
1532402934887525,396.355870,1131.630992,0.000000,0.683591,-0.013099,0.014016,-0.729613
1532402934895241,396.353119,1131.590990,0.000000,0.684133,-0.013221,0.014047,-0.729102
1532402934896709,396.352447,1131.583469,0.000000,0.684229,-0.013051,0.014249,-0.729012
1532402934897423,396.352342,1131.579677,0.000000,0.684286,-0.013263,0.014048,-0.728958
1532402934904844,396.349701,1131.541202,0.000000,0.684807,-0.013355,0.014089,-0.728466
1532402934906991,396.348972,1131.530085,0.000000,0.684958,-0.013370,0.014110,-0.728323
1532402934912460,396.347175,1131.501797,0.000000,0.685342,-0.013406,0.014163,-0.727961
1532402934920339,396.344513,1131.461025,0.000000,0.685894,-0.013460,0.014240,-0.727438
1532402934931551,396.340920,1131.403773,0.000000,0.686687,-0.013408,0.014467,-0.726685
1532402934937525,396.339100,1131.373644,0.000000,0.687110,-0.013490,0.014471,-0.726284
1532402934947032,396.336070,1131.325612,0.000000,0.687785,-0.013541,0.014474,-0.725644
1532402934947161,396.336075,1131.324926,0.000000,0.687785,-0.013541,0.014474,-0.725643
1532402934947423,396.335998,1131.323595,0.000000,0.687802,-0.013542,0.014474,-0.725627
1532402934954563,396.333888,1131.287318,0.000000,0.688265,-0.013513,0.014449,-0.725190
1532402934970824,396.328987,1131.204681,0.000000,0.689318,-0.013360,0.014406,-0.724192
1532402934982537,396.325736,1131.146573,0.000000,0.690118,-0.013188,0.014380,-0.723434
1532402934997358,396.321668,1131.073238,0.000000,0.691136,-0.012904,0.014277,-0.722468
1532402935004844,396.319477,1131.032445,0.000000,0.691573,-0.012740,0.014212,-0.722055
1532402935007028,396.318907,1131.021229,0.000000,0.691714,-0.012693,0.014193,-0.721921
1532402935012460,396.317504,1130.993335,0.000000,0.692064,-0.012574,0.014145,-0.721588
1532402935024694,396.314332,1130.930511,0.000000,0.692853,-0.012305,0.014039,-0.720838
1532402935037525,396.311265,1130.865612,0.000000,0.693631,-0.011997,0.013993,-0.720094
1532402935045781,396.309319,1130.823903,0.000000,0.694130,-0.011812,0.014001,-0.719617
1532402935047132,396.308986,1130.817069,0.000000,0.694211,-0.011783,0.014003,-0.719539
1532402935047423,396.308970,1130.815628,0.000000,0.694231,-0.011776,0.014004,-0.719519
1532402935057078,396.306906,1130.766970,0.000000,0.694827,-0.011601,0.014044,-0.718947
1532402935076913,396.302680,1130.666904,0.000000,0.695966,-0.011450,0.014115,-0.717845
1532402935092751,396.299592,1130.586559,0.000000,0.696913,-0.011441,0.014184,-0.716924
1532402935097435,396.298099,1130.563249,0.000000,0.697082,-0.011460,0.014224,-0.716758
1532402935100213,396.298322,1130.548525,0.000000,0.697400,-0.011476,0.014244,-0.716448
1532402935104844,396.297535,1130.524921,0.000000,0.697703,-0.011489,0.014276,-0.716153
1532402935112460,396.296388,1130.486152,0.000000,0.698201,-0.011510,0.014329,-0.715666
1532402935115764,396.295888,1130.469333,0.000000,0.698416,-0.011520,0.014351,-0.715455
1532402935120339,396.295194,1130.446043,0.000000,0.698715,-0.011533,0.014383,-0.715162
1532402935127893,396.294087,1130.407778,0.000000,0.699211,-0.011536,0.014424,-0.714677
1532402935137109,396.292852,1130.361614,0.000000,0.699821,-0.011493,0.014437,-0.714080
1532402935147194,396.291490,1130.311078,0.000000,0.700488,-0.011447,0.014410,-0.713427
1532402935147423,396.291498,1130.309939,0.000000,0.700499,-0.011446,0.014409,-0.713416
1532402935151497,396.291009,1130.289535,0.000000,0.700761,-0.011426,0.014395,-0.713160
1532402935154844,396.290607,1130.272772,0.000000,0.700976,-0.011409,0.014382,-0.712949
1532402935162463,396.289693,1130.234614,0.000000,0.701466,-0.011371,0.014358,-0.712468
1532402935167125,396.289218,1130.211040,0.000000,0.701779,-0.011348,0.014345,-0.712160
1532402935170085,396.289010,1130.195818,0.000000,0.701994,-0.011341,0.014345,-0.711948
1532402935170339,396.288992,1130.194512,0.000000,0.702012,-0.011341,0.014345,-0.711930
1532402935177893,396.288464,1130.155665,0.000000,0.702560,-0.011340,0.014366,-0.711389
1532402935187525,396.287848,1130.106139,0.000000,0.703261,-0.011350,0.014408,-0.710695
1532402935190190,396.287735,1130.092443,0.000000,0.703459,-0.011352,0.014415,-0.710499
1532402935197423,396.287430,1130.055268,0.000000,0.703997,-0.011357,0.014428,-0.709965
1532402935197541,396.287096,1130.054624,0.000000,0.703981,-0.011356,0.014428,-0.709981
1532402935212100,396.286945,1129.979934,0.000000,0.705083,-0.011376,0.014435,-0.708886
1532402935222017,396.286720,1129.929116,0.000000,0.705814,-0.011391,0.014437,-0.708159
1532402935243125,396.285809,1129.819503,0.000000,0.707252,-0.011502,0.014433,-0.706721
1532402935245104,396.285712,1129.809196,0.000000,0.707384,-0.011514,0.014434,-0.706588
1532402935247318,396.285602,1129.797664,0.000000,0.707533,-0.011528,0.014436,-0.706439
1532402935254844,396.285380,1129.758679,0.000000,0.708013,-0.011590,0.014453,-0.705957
1532402935262460,396.285121,1129.719184,0.000000,0.708502,-0.011660,0.014460,-0.705464
1532402935265912,396.285010,1129.701287,0.000000,0.708725,-0.011693,0.014458,-0.705240
1532402935270339,396.284980,1129.678402,0.000000,0.709015,-0.011735,0.014452,-0.704948
1532402935277893,396.284901,1129.639348,0.000000,0.709509,-0.011804,0.014434,-0.704449
1532402935282155,396.284843,1129.617311,0.000000,0.709788,-0.011841,0.014422,-0.704168
1532402935287525,396.284862,1129.590262,0.000000,0.710147,-0.011882,0.014401,-0.703806
1532402935297017,396.285153,1129.544211,0.000000,0.710799,-0.011929,0.014360,-0.703147
1532402935297423,396.285166,1129.542242,0.000000,0.710827,-0.011931,0.014359,-0.703119
1532402935297610,396.284541,1129.537378,0.000000,0.710800,-0.011931,0.014358,-0.703147
1532402935312830,396.285788,1129.467522,0.000000,0.711879,-0.012001,0.014309,-0.702054
1532402935317596,396.286017,1129.444416,0.000000,0.712202,-0.012023,0.014295,-0.701726
1532402935335879,396.287171,1129.354661,0.000000,0.713459,-0.012099,0.014280,-0.700447
1532402935347377,396.287973,1129.297699,0.000000,0.714255,-0.012199,0.014339,-0.699632
1532402935354844,396.288638,1129.260872,0.000000,0.714738,-0.012281,0.014394,-0.699136
1532402935362449,396.289280,1129.223322,0.000000,0.715238,-0.012394,0.014470,-0.698622
1532402935362460,396.289280,1129.223268,0.000000,0.715238,-0.012394,0.014470,-0.698621
1532402935366492,396.289644,1129.203466,0.000000,0.715501,-0.012467,0.014520,-0.698349
1532402935370339,396.290025,1129.184724,0.000000,0.715749,-0.012542,0.014574,-0.698093
1532402935377893,396.290776,1129.147921,0.000000,0.716236,-0.012700,0.014692,-0.697588
1532402935387110,396.291721,1129.103045,0.000000,0.716827,-0.012887,0.014844,-0.696974
1532402935387525,396.291769,1129.101031,0.000000,0.716853,-0.012895,0.014851,-0.696947
1532402935390047,396.292061,1129.088793,0.000000,0.717011,-0.012952,0.014897,-0.696782
1532402935397423,396.292915,1129.053001,0.000000,0.717474,-0.013126,0.015039,-0.696299
1532402935397696,396.292761,1129.051436,0.000000,0.717510,-0.013133,0.015043,-0.696262
1532402935407094,396.294104,1129.006097,0.000000,0.718078,-0.013353,0.015222,-0.695668
1532402935411359,396.294752,1128.985460,0.000000,0.718341,-0.013453,0.015303,-0.695393
1532402935412467,396.294911,1128.980096,0.000000,0.718409,-0.013479,0.015324,-0.695321
1532402935420339,396.295938,1128.941954,0.000000,0.718894,-0.013664,0.015473,-0.694813
1532402935427893,396.297054,1128.904865,0.000000,0.719380,-0.013853,0.015601,-0.694303
1532402935437160,396.298857,1128.858364,0.000000,0.720022,-0.014067,0.015716,-0.693630
1532402935437525,396.298923,1128.856530,0.000000,0.720048,-0.014076,0.015721,-0.693604
1532402935442220,396.299749,1128.832923,0.000000,0.720373,-0.014161,0.015743,-0.693264
1532402935447423,396.300735,1128.806825,0.000000,0.720720,-0.014249,0.015758,-0.692901
1532402935447460,396.300605,1128.806541,0.000000,0.720736,-0.014250,0.015758,-0.692884
1532402935463028,396.303696,1128.728798,0.000000,0.721695,-0.014393,0.015694,-0.691883
1532402935464751,396.303959,1128.720162,0.000000,0.721803,-0.014397,0.015672,-0.691771
1532402935485971,396.308740,1128.614140,0.000000,0.723279,-0.014373,0.015258,-0.690237
1532402935497785,396.310945,1128.555315,0.000000,0.723581,-0.014280,0.014924,-0.689931
1532402935504844,396.312615,1128.520434,0.000000,0.724379,-0.014231,0.014699,-0.689099
1532402935512197,396.314414,1128.484026,0.000000,0.724827,-0.014172,0.014474,-0.688633
1532402935512460,396.314477,1128.482723,0.000000,0.724843,-0.014170,0.014466,-0.688616
1532402935517152,396.315572,1128.459475,0.000000,0.725130,-0.014132,0.014322,-0.688318
1532402935520339,396.316288,1128.443676,0.000000,0.725325,-0.014107,0.014224,-0.688115
1532402935527893,396.317970,1128.406228,0.000000,0.725792,-0.014049,0.013996,-0.687629
1532402935534882,396.319800,1128.371676,0.000000,0.726247,-0.014036,0.013827,-0.687151
1532402935537525,396.320479,1128.358602,0.000000,0.726419,-0.014031,0.013764,-0.686971
1532402935547423,396.322995,1128.310036,0.000000,0.727056,-0.014051,0.013559,-0.686301
1532402935548098,396.323128,1128.306257,0.000000,0.727107,-0.014053,0.013545,-0.686247
1532402935555996,396.325218,1128.268972,0.000000,0.727589,-0.014102,0.013414,-0.685737
1532402935586901,396.333760,1128.120507,0.000000,0.729566,-0.014209,0.013550,-0.683628
1532402935587208,396.333851,1128.118963,0.000000,0.729585,-0.014213,0.013550,-0.683608
1532402935597862,396.336828,1128.068441,0.000000,0.730277,-0.014349,0.013578,-0.682866
1532402935604904,396.339023,1128.029929,0.000000,0.730695,-0.014431,0.013606,-0.682416
1532402935604962,396.339040,1128.029637,0.000000,0.730699,-0.014432,0.013606,-0.682412
1532402935607182,396.339678,1128.018465,0.000000,0.730838,-0.014458,0.013615,-0.682262
1532402935612460,396.341187,1127.991902,0.000000,0.731168,-0.014521,0.013635,-0.681906
1532402935620339,396.343415,1127.952242,0.000000,0.731661,-0.014614,0.013666,-0.681375
1532402935627893,396.345721,1127.914651,0.000000,0.732149,-0.014695,0.013690,-0.680848
1532402935631039,396.346859,1127.899402,0.000000,0.732367,-0.014714,0.013684,-0.680614
1532402935637525,396.349191,1127.867954,0.000000,0.732816,-0.014749,0.013669,-0.680129
1532402935647423,396.352753,1127.819986,0.000000,0.733499,-0.014515,0.013832,-0.679395
1532402935648185,396.352987,1127.816239,0.000000,0.733560,-0.014496,0.013846,-0.679329
1532402935654844,396.355496,1127.784126,0.000000,0.733990,-0.014460,0.013760,-0.678867
1532402935657018,396.356300,1127.773621,0.000000,0.734134,-0.014450,0.013731,-0.678712
1532402935662251,396.358237,1127.748334,0.000000,0.734480,-0.014395,0.013636,-0.678341
1532402935662460,396.358314,1127.747324,0.000000,0.734494,-0.014392,0.013632,-0.678326
1532402935670339,396.361330,1127.709317,0.000000,0.735021,-0.014281,0.013484,-0.677760
1532402935677893,396.364282,1127.672916,0.000000,0.735530,-0.014135,0.013359,-0.677212
1532402935678129,396.364374,1127.671779,0.000000,0.735546,-0.014130,0.013355,-0.677195
1532402935680040,396.365122,1127.662570,0.000000,0.735675,-0.014095,0.013321,-0.677057
1532402935687525,396.368029,1127.626350,0.000000,0.736171,-0.013957,0.013190,-0.676523
1532402935697423,396.371814,1127.578017,0.000000,0.736805,-0.013779,0.012972,-0.675840
1532402935697945,396.372133,1127.576288,0.000000,0.736880,-0.013771,0.012959,-0.675759
1532402935700204,396.372878,1127.564438,0.000000,0.736983,-0.013731,0.012904,-0.675649
1532402935731540,396.385709,1127.412714,0.000000,0.738991,-0.013180,0.012089,-0.673478
1532402935737259,396.388322,1127.385590,0.000000,0.739381,-0.013076,0.011915,-0.673055
1532402935748263,396.393284,1127.333358,0.000000,0.740130,-0.012942,0.011622,-0.672239
1532402935749718,396.394015,1127.326562,0.000000,0.740210,-0.012889,0.011631,-0.672151
1532402935752964,396.395525,1127.311228,0.000000,0.740419,-0.012771,0.011651,-0.671923
1532402935754844,396.396400,1127.302346,0.000000,0.740540,-0.012703,0.011663,-0.671791
1532402935762460,396.399946,1127.266367,0.000000,0.741028,-0.012552,0.011600,-0.671257
1532402935770339,396.403721,1127.229159,0.000000,0.741527,-0.012515,0.011439,-0.670709
1532402935776071,396.406499,1127.202094,0.000000,0.741889,-0.012517,0.011313,-0.670311
1532402935777893,396.407383,1127.193490,0.000000,0.742004,-0.012518,0.011273,-0.670184
1532402935787525,396.412066,1127.147868,0.000000,0.742609,-0.012310,0.011327,-0.669516
1532402935797423,396.416908,1127.100589,0.000000,0.743210,-0.012376,0.011158,-0.668851
1532402935798055,396.417173,1127.098281,0.000000,0.743277,-0.012382,0.011146,-0.668777
1532402935806986,396.421628,1127.054933,0.000000,0.743790,-0.012474,0.010978,-0.668207
1532402935812303,396.424342,1127.029604,0.000000,0.744114,-0.012529,0.010877,-0.667847
1532402935825818,396.431139,1126.965391,0.000000,0.744939,-0.012446,0.010872,-0.666928
1532402935828206,396.432311,1126.954704,0.000000,0.745087,-0.012210,0.011121,-0.666763
1532402935848356,396.442159,1126.864481,0.000000,0.746298,-0.012159,0.011065,-0.665409
1532402935850494,396.443259,1126.854945,0.000000,0.746408,-0.012187,0.011030,-0.665285
1532402935876888,396.457180,1126.732940,0.000000,0.747975,-0.012341,0.010863,-0.663524
1532402935904844,396.473601,1126.598447,0.000000,0.749781,-0.012536,0.010788,-0.661480
1532402935912460,396.478165,1126.561857,0.000000,0.750231,-0.012600,0.010784,-0.660967
1532402935920295,396.482823,1126.524209,0.000000,0.750691,-0.012666,0.010779,-0.660445
1532402935920339,396.482849,1126.523997,0.000000,0.750693,-0.012667,0.010779,-0.660442
1532402935927893,396.487367,1126.487829,0.000000,0.751148,-0.012488,0.011069,-0.659923
1532402935937525,396.493568,1126.442767,0.000000,0.751790,-0.012570,0.011088,-0.659190
1532402935947423,396.499851,1126.396439,0.000000,0.752437,-0.012682,0.010956,-0.658451
1532402935948435,396.500441,1126.391645,0.000000,0.752515,-0.012693,0.010941,-0.658362
1532402935951804,396.502663,1126.375987,0.000000,0.752709,-0.012671,0.010959,-0.658140
1532402935962339,396.509430,1126.326806,0.000000,0.753364,-0.012606,0.010997,-0.657390
1532402935969578,396.514176,1126.293048,0.000000,0.753824,-0.012549,0.011017,-0.656864
1532402935972821,396.516322,1126.277934,0.000000,0.754031,-0.012533,0.010989,-0.656627
1532402935995961,396.531626,1126.169512,0.000000,0.755493,-0.012381,0.010790,-0.654951
1532402935998789,396.533523,1126.156904,0.000000,0.755691,-0.012345,0.010782,-0.654723
1532402936004844,396.537487,1126.127646,0.000000,0.756046,-0.012311,0.010719,-0.654315
1532402936012460,396.542648,1126.091868,0.000000,0.756525,-0.012306,0.010601,-0.653763
1532402936020339,396.547983,1126.054855,0.000000,0.757021,-0.012300,0.010478,-0.653191
1532402936027893,396.553081,1126.020078,0.000000,0.757492,-0.012152,0.010537,-0.652646
1532402936037407,396.559483,1125.977528,0.000000,0.758072,-0.012178,0.010416,-0.651974
1532402936037525,396.559563,1125.977000,0.000000,0.758079,-0.012178,0.010414,-0.651966
1532402936044721,396.564403,1125.944812,0.000000,0.758518,-0.012133,0.010447,-0.651455
1532402936047423,396.566244,1125.932766,0.000000,0.758681,-0.012109,0.010473,-0.651266
1532402936048309,396.566850,1125.928820,0.000000,0.758734,-0.012101,0.010481,-0.651204
1532402936048526,396.566962,1125.927790,0.000000,0.758750,-0.012099,0.010483,-0.651185
1532402936071214,396.582766,1125.826901,0.000000,0.760128,-0.012342,0.010557,-0.649570
1532402936097406,396.602077,1125.710768,0.000000,0.761850,-0.012645,0.010974,-0.647537
1532402936098859,396.602712,1125.704159,0.000000,0.761904,-0.012672,0.010991,-0.647472
1532402936104844,396.607661,1125.677828,0.000000,0.762349,-0.012792,0.011056,-0.646945
1532402936112460,396.613491,1125.644205,0.000000,0.762855,-0.012947,0.011141,-0.646344
1532402936115600,396.615896,1125.630346,0.000000,0.763064,-0.013011,0.011176,-0.646095
1532402936116841,396.616847,1125.624868,0.000000,0.763146,-0.013036,0.011190,-0.645997
1532402936118293,396.617958,1125.618460,0.000000,0.763243,-0.013066,0.011206,-0.645883
1532402936120339,396.619524,1125.609429,0.000000,0.763378,-0.013107,0.011229,-0.645721
1532402936127893,396.625347,1125.575802,0.000000,0.763876,-0.013261,0.011311,-0.645127
1532402936137525,396.632844,1125.532400,0.000000,0.764504,-0.013455,0.011384,-0.644377
1532402936140283,396.634988,1125.519971,0.000000,0.764684,-0.013505,0.011397,-0.644163
1532402936147423,396.640567,1125.487818,0.000000,0.765145,-0.013614,0.011411,-0.643613
1532402936149247,396.641950,1125.479566,0.000000,0.765269,-0.013642,0.011415,-0.643465
1532402936154844,396.646421,1125.454451,0.000000,0.765616,-0.013641,0.011485,-0.643051
1532402936162460,396.652432,1125.420208,0.000000,0.766099,-0.013661,0.011515,-0.642474
1532402936170339,396.658759,1125.384829,0.000000,0.766597,-0.013685,0.011471,-0.641880
1532402936172526,396.660528,1125.375015,0.000000,0.766735,-0.013662,0.011473,-0.641716
1532402936177893,396.664865,1125.350929,0.000000,0.767074,-0.013607,0.011478,-0.641311
1532402936187420,396.672559,1125.308197,0.000000,0.767672,-0.013569,0.011392,-0.640598
1532402936187525,396.672644,1125.307727,0.000000,0.767678,-0.013569,0.011390,-0.640590
1532402936190519,396.675072,1125.294319,0.000000,0.767864,-0.013563,0.011349,-0.640369
1532402936193365,396.677379,1125.281575,0.000000,0.768040,-0.013553,0.011310,-0.640159
1532402936197423,396.680670,1125.263403,0.000000,0.768291,-0.013539,0.011255,-0.639859
1532402936198962,396.681690,1125.256369,0.000000,0.768490,-0.013535,0.011232,-0.639620
1532402936215764,396.695708,1125.181370,0.000000,0.769414,-0.013357,0.011105,-0.638514
1532402936241786,396.717981,1125.062457,0.000000,0.771034,-0.013131,0.010823,-0.636566
1532402936249253,396.724479,1125.027887,0.000000,0.771506,-0.012999,0.010812,-0.635997
1532402936254844,396.729474,1125.002156,0.000000,0.771832,-0.012986,0.010745,-0.635603
1532402936260643,396.734600,1124.975403,0.000000,0.772181,-0.012974,0.010679,-0.635180
1532402936262460,396.736206,1124.967021,0.000000,0.772290,-0.012973,0.010660,-0.635048
1532402936266858,396.740123,1124.946760,0.000000,0.772555,-0.012972,0.010614,-0.634726
1532402936270339,396.743266,1124.930765,0.000000,0.772766,-0.012956,0.010597,-0.634470
1532402936277893,396.750077,1124.896052,0.000000,0.773225,-0.012871,0.010629,-0.633912
1532402936297423,396.767740,1124.806767,0.000000,0.774414,-0.012851,0.010568,-0.632460
1532402936299028,396.769084,1124.798918,0.000000,0.774501,-0.012856,0.010565,-0.632353
1532402936318021,396.786647,1124.713123,0.000000,0.775661,-0.012937,0.010533,-0.630930
1532402936335645,396.802589,1124.633824,0.000000,0.776697,-0.012900,0.010633,-0.629653
1532402936338402,396.805062,1124.621503,0.000000,0.776856,-0.012907,0.010626,-0.629457
1532402936342195,396.808455,1124.604546,0.000000,0.777074,-0.012919,0.010630,-0.629186
1532402936349345,396.814819,1124.572565,0.000000,0.777486,-0.012943,0.010643,-0.628677
1532402936354844,396.819813,1124.548243,0.000000,0.777755,-0.012967,0.010659,-0.628343
1532402936360464,396.824857,1124.523257,0.000000,0.778052,-0.012990,0.010673,-0.627975
1532402936362460,396.826646,1124.514382,0.000000,0.778157,-0.012997,0.010676,-0.627845
1532402936370349,396.833849,1124.479384,0.000000,0.778584,-0.013021,0.010686,-0.627314
1532402936377893,396.840771,1124.445946,0.000000,0.778998,-0.013036,0.010681,-0.626799
1532402936386822,396.848980,1124.406691,0.000000,0.779505,-0.013054,0.010669,-0.626169
1532402936387525,396.849646,1124.403699,0.000000,0.779550,-0.013055,0.010668,-0.626113
1532402936397423,396.859022,1124.361573,0.000000,0.780180,-0.013068,0.010640,-0.625328
1532402936399137,396.860023,1124.351706,0.000000,0.780163,-0.013068,0.010638,-0.625349
1532402936404844,396.866050,1124.329985,0.000000,0.780652,-0.013079,0.010619,-0.624739
1532402936410666,396.871612,1124.305326,0.000000,0.781018,-0.013088,0.010603,-0.624282
1532402936412415,396.873287,1124.297927,0.000000,0.781127,-0.013091,0.010598,-0.624144
1532402936412460,396.873330,1124.297737,0.000000,0.781130,-0.013091,0.010598,-0.624141
1532402936416886,396.877568,1124.279014,0.000000,0.781407,-0.013098,0.010585,-0.623794
1532402936420339,396.880873,1124.264408,0.000000,0.781624,-0.013104,0.010575,-0.623523
1532402936427893,396.888195,1124.231960,0.000000,0.782085,-0.013104,0.010562,-0.622944
1532402936436379,396.896643,1124.194312,0.000000,0.782577,-0.013079,0.010553,-0.622327
1532402936437525,396.897784,1124.189227,0.000000,0.782644,-0.013076,0.010552,-0.622243
1532402936447423,396.907663,1124.145348,0.000000,0.783210,-0.013018,0.010552,-0.621531
1532402936449438,396.909642,1124.136369,0.000000,0.783334,-0.013006,0.010552,-0.621376
1532402936462367,396.922723,1124.079350,0.000000,0.784015,-0.012929,0.010565,-0.620517
1532402936480666,396.941308,1123.998737,0.000000,0.785089,-0.012758,0.010574,-0.619161
1532402936488442,396.949369,1123.964289,0.000000,0.785563,-0.012671,0.010567,-0.618561
1532402936492103,396.953311,1123.947894,0.000000,0.785796,-0.012629,0.010563,-0.618267
1532402936499190,396.960065,1123.917149,0.000000,0.786192,-0.012562,0.010580,-0.617764
1532402936504844,396.967035,1123.890836,0.000000,0.786604,-0.012486,0.010548,-0.617241
1532402936506374,396.968704,1123.884006,0.000000,0.786701,-0.012469,0.010546,-0.617118
1532402936512460,396.975381,1123.856908,0.000000,0.787086,-0.012401,0.010537,-0.616629
1532402936520339,396.983953,1123.821800,0.000000,0.787583,-0.012313,0.010525,-0.615996
1532402936527893,396.992248,1123.788363,0.000000,0.788067,-0.012226,0.010505,-0.615379
1532402936537525,397.002933,1123.746100,0.000000,0.788697,-0.012116,0.010477,-0.614574
1532402936537587,397.003001,1123.745827,0.000000,0.788701,-0.012115,0.010477,-0.614569
1532402936547423,397.013845,1123.702700,0.000000,0.789331,-0.012035,0.010446,-0.613761
1532402936548968,397.015361,1123.695772,0.000000,0.789443,-0.012024,0.010440,-0.613617
1532402936555715,397.023115,1123.666583,0.000000,0.789830,-0.011994,0.010450,-0.613120
1532402936558463,397.026120,1123.654589,0.000000,0.789995,-0.011981,0.010453,-0.612907
1532402936572536,397.041881,1123.593288,0.000000,0.790882,-0.012001,0.010479,-0.611762
1532402936580483,397.050887,1123.558694,0.000000,0.791402,-0.012038,0.010513,-0.611087
1532402936599295,397.071399,1123.476454,0.000000,0.792629,-0.012208,0.010627,-0.609489
1532402936604844,397.077651,1123.456124,0.000000,0.792812,-0.012272,0.010671,-0.609249
1532402936607596,397.080724,1123.444660,0.000000,0.792970,-0.012306,0.010693,-0.609042
1532402936620339,397.094952,1123.391574,0.000000,0.793703,-0.012464,0.010792,-0.608082
1532402936627893,397.103433,1123.360126,0.000000,0.794139,-0.012571,0.010845,-0.607510
1532402936630052,397.105885,1123.351150,0.000000,0.794264,-0.012606,0.010859,-0.607344
1532402936632841,397.109051,1123.339554,0.000000,0.794426,-0.012652,0.010877,-0.607131
1532402936637525,397.114361,1123.320075,0.000000,0.794699,-0.012728,0.010907,-0.606773
1532402936646831,397.124911,1123.281247,0.000000,0.795231,-0.012891,0.010949,-0.606071
1532402936647423,397.125587,1123.278747,0.000000,0.795263,-0.012901,0.010952,-0.606028
1532402936649090,397.127440,1123.271965,0.000000,0.795369,-0.012931,0.010959,-0.605888
1532402936654844,397.134060,1123.247418,0.000000,0.795664,-0.013031,0.010962,-0.605499
1532402936655692,397.135028,1123.243838,0.000000,0.795710,-0.013046,0.010962,-0.605438
1532402936662460,397.142753,1123.215265,0.000000,0.796075,-0.013162,0.010956,-0.604956
1532402936670339,397.151850,1123.182069,0.000000,0.796501,-0.013289,0.010935,-0.604392
1532402936677893,397.160596,1123.150267,0.000000,0.796910,-0.013389,0.010897,-0.603852
1532402936687525,397.171671,1123.110267,0.000000,0.797432,-0.013518,0.010838,-0.603160
1532402936688428,397.172699,1123.106637,0.000000,0.797482,-0.013530,0.010832,-0.603094
1532402936697423,397.182944,1123.070476,0.000000,0.797973,-0.013629,0.010736,-0.602443
1532402936699359,397.185309,1123.059847,0.000000,0.798069,-0.013650,0.010716,-0.602315
1532402936700436,397.186376,1123.058364,0.000000,0.798138,-0.013661,0.010704,-0.602225
1532402936708530,397.195670,1123.025794,0.000000,0.798577,-0.013748,0.010610,-0.601643
1532402936722558,397.211892,1122.969245,0.000000,0.799330,-0.013898,0.010448,-0.600641
1532402936730562,397.220955,1122.937581,0.000000,0.799749,-0.013838,0.010547,-0.600083
1532402936749150,397.241434,1122.866272,0.000000,0.800669,-0.014061,0.010291,-0.598854
1532402936752297,397.245089,1122.853819,0.000000,0.800819,-0.014062,0.010313,-0.598653
1532402936754844,397.247953,1122.843915,0.000000,0.800943,-0.014065,0.010325,-0.598487
1532402936762460,397.256504,1122.814296,0.000000,0.801314,-0.014087,0.010365,-0.597989
1532402936770339,397.265489,1122.783633,0.000000,0.801710,-0.014130,0.010404,-0.597455
1532402936770784,397.266000,1122.781900,0.000000,0.801733,-0.014135,0.010405,-0.597424
1532402936777893,397.274143,1122.754209,0.000000,0.802097,-0.014205,0.010420,-0.596934
1532402936782560,397.279462,1122.736021,0.000000,0.802336,-0.014244,0.010441,-0.596611
1532402936787525,397.285288,1122.716639,0.000000,0.802613,-0.014275,0.010483,-0.596237
1532402936797423,397.297344,1122.677931,0.000000,0.803221,-0.014386,0.010523,-0.595414
1532402936798008,397.298056,1122.675643,0.000000,0.803257,-0.014393,0.010525,-0.595365
1532402936798888,397.297904,1122.672326,0.000000,0.803171,-0.014344,0.010581,-0.595481
1532402936801381,397.302159,1122.662449,0.000000,0.803464,-0.014437,0.010533,-0.595085
1532402936827627,397.334326,1122.561059,0.000000,0.805091,-0.014768,0.010641,-0.592872
1532402936845775,397.357154,1122.490060,0.000000,0.806259,-0.014902,0.010850,-0.591276
1532402936849228,397.361462,1122.476597,0.000000,0.806488,-0.014936,0.010875,-0.590962
1532402936854844,397.368490,1122.454014,0.000000,0.806775,-0.014983,0.010917,-0.590569
1532402936855255,397.369004,1122.452381,0.000000,0.806798,-0.014986,0.010920,-0.590536
1532402936862460,397.378005,1122.423742,0.000000,0.807207,-0.015039,0.010975,-0.589974
1532402936870339,397.387984,1122.392385,0.000000,0.807664,-0.015094,0.011021,-0.589347
1532402936872831,397.391158,1122.382460,0.000000,0.807810,-0.015121,0.011015,-0.589146
1532402936876408,397.395711,1122.368212,0.000000,0.808018,-0.015160,0.011006,-0.588859
1532402936877893,397.397600,1122.362297,0.000000,0.808105,-0.015177,0.011002,-0.588740
1532402936887525,397.409965,1122.323703,0.000000,0.808673,-0.015211,0.011077,-0.587957
1532402936897135,397.422700,1122.284517,0.000000,0.809254,-0.015266,0.011089,-0.587156
1532402936897423,397.423082,1122.283343,0.000000,0.809271,-0.015268,0.011089,-0.587132
1532402936898997,397.425168,1122.276925,0.000000,0.809366,-0.015279,0.011089,-0.587001
1532402936904844,397.432919,1122.253083,0.000000,0.809719,-0.015316,0.011086,-0.586513
1532402936912460,397.443192,1122.222062,0.000000,0.810174,-0.015364,0.011083,-0.585883
1532402936920339,397.453752,1122.189945,0.000000,0.810644,-0.015414,0.011080,-0.585231
1532402936920842,397.454424,1122.187893,0.000000,0.810674,-0.015417,0.011080,-0.585189
1532402936927893,397.463948,1122.159153,0.000000,0.811101,-0.015380,0.011190,-0.584597
1532402936928546,397.464852,1122.156494,0.000000,0.811141,-0.015383,0.011191,-0.584541
1532402936937525,397.477182,1122.119899,0.000000,0.811693,-0.015429,0.011202,-0.583772
1532402936946450,397.489288,1122.083614,0.000000,0.812234,-0.015470,0.011226,-0.583019
1532402936946962,397.489986,1122.081571,0.000000,0.812262,-0.015473,0.011228,-0.582979
1532402936947423,397.490614,1122.079732,0.000000,0.812288,-0.015475,0.011229,-0.582943
1532402936948756,397.492350,1122.074021,0.000000,0.812383,-0.015481,0.011233,-0.582810
1532402936967468,397.517992,1121.999739,0.000000,0.813422,-0.015530,0.011331,-0.581356
1532402936989846,397.549176,1121.910209,0.000000,0.814718,-0.015567,0.011449,-0.579536
1532402936999064,397.562292,1121.873160,0.000000,0.815256,-0.015568,0.011490,-0.578777
1532402937003592,397.568736,1121.854961,0.000000,0.815521,-0.015570,0.011510,-0.578404
1532402937004844,397.570518,1121.849929,0.000000,0.815594,-0.015571,0.011515,-0.578301
1532402937012460,397.581480,1121.819332,0.000000,0.816036,-0.015577,0.011547,-0.577676
1532402937020339,397.592815,1121.787674,0.000000,0.816492,-0.015583,0.011581,-0.577030
1532402937021484,397.594461,1121.783073,0.000000,0.816558,-0.015584,0.011586,-0.576936
1532402937022729,397.596251,1121.778070,0.000000,0.816630,-0.015585,0.011591,-0.576834
1532402937027893,397.603731,1121.757323,0.000000,0.816932,-0.015590,0.011611,-0.576407
1532402937037525,397.617806,1121.718629,0.000000,0.817499,-0.015601,0.011650,-0.575601
1532402937042099,397.624482,1121.700251,0.000000,0.817768,-0.015606,0.011665,-0.575219
1532402937047423,397.632248,1121.678954,0.000000,0.818080,-0.015611,0.011682,-0.574774
1532402937048834,397.634301,1121.673187,0.000000,0.818163,-0.015612,0.011686,-0.574655
1532402937065416,397.658507,1121.607309,0.000000,0.819129,-0.015658,0.011736,-0.573275
1532402937072815,397.669470,1121.577851,0.000000,0.819569,-0.015691,0.011757,-0.572645
1532402937096513,397.704605,1121.483494,0.000000,0.820999,-0.015852,0.011819,-0.570587
1532402937097511,397.706089,1121.479522,0.000000,0.821060,-0.015861,0.011822,-0.570499
1532402937098620,397.707570,1121.475062,0.000000,0.821099,-0.015843,0.011817,-0.570444
1532402937104844,397.716994,1121.450332,0.000000,0.821509,-0.015924,0.011849,-0.569849
1532402937112060,397.727848,1121.421656,0.000000,0.821951,-0.015986,0.011879,-0.569211
1532402937112460,397.728450,1121.420066,0.000000,0.821975,-0.015989,0.011881,-0.569175
1532402937120339,397.740291,1121.388751,0.000000,0.822456,-0.016056,0.011913,-0.568478
1532402937127893,397.751704,1121.358716,0.000000,0.822916,-0.016124,0.011946,-0.567808
1532402937135229,397.762896,1121.329537,0.000000,0.823364,-0.016199,0.011974,-0.567157
1532402937137525,397.766393,1121.320403,0.000000,0.823503,-0.016223,0.011982,-0.566953
1532402937147423,397.781465,1121.281032,0.000000,0.824101,-0.016326,0.012041,-0.566079
1532402937148638,397.783327,1121.276207,0.000000,0.824172,-0.016339,0.012048,-0.565975
1532402937148931,397.783721,1121.275008,0.000000,0.824197,-0.016342,0.012050,-0.565939
1532402937154844,397.792837,1121.251563,0.000000,0.824537,-0.016407,0.012086,-0.565442
1532402937162460,397.804505,1121.221319,0.000000,0.824983,-0.016496,0.012130,-0.564787
1532402937166516,397.810753,1121.205212,0.000000,0.825222,-0.016546,0.012154,-0.564436
1532402937170339,397.816712,1121.190031,0.000000,0.825450,-0.016598,0.012174,-0.564100
1532402937172732,397.820438,1121.180526,0.000000,0.825593,-0.016633,0.012186,-0.563890
1532402937177893,397.828465,1121.160025,0.000000,0.825900,-0.016710,0.012212,-0.563437
1532402937187192,397.843131,1121.122672,0.000000,0.826466,-0.016856,0.012255,-0.562601
1532402937187525,397.843679,1121.121295,0.000000,0.826488,-0.016861,0.012256,-0.562569
1532402937197423,397.859964,1121.080363,0.000000,0.827126,-0.017038,0.012294,-0.561624
1532402937198682,397.860662,1121.077388,0.000000,0.827136,-0.017040,0.012308,-0.561609
1532402937210459,397.881513,1121.026459,0.000000,0.827960,-0.017277,0.012353,-0.560384
1532402937218956,397.895665,1120.991326,0.000000,0.828499,-0.017434,0.012394,-0.559582
1532402937241576,397.933652,1120.898086,0.000000,0.829946,-0.017827,0.012486,-0.557418
1532402937247963,397.944277,1120.872273,0.000000,0.830347,-0.017933,0.012504,-0.556818
1532402937248452,397.945161,1120.869745,0.000000,0.830387,-0.017941,0.012505,-0.556757
1532402937254844,397.955642,1120.845013,0.000000,0.830769,-0.018041,0.012515,-0.556184
1532402937257803,397.960529,1120.833291,0.000000,0.830950,-0.018088,0.012519,-0.555912
1532402937262460,397.968222,1120.814842,0.000000,0.831235,-0.018154,0.012521,-0.555484
1532402937270339,397.981364,1120.783634,0.000000,0.831722,-0.018260,0.012519,-0.554751
1532402937277893,397.994007,1120.753713,0.000000,0.832191,-0.018348,0.012507,-0.554045
1532402937285456,398.006690,1120.723707,0.000000,0.832659,-0.018434,0.012496,-0.553338
1532402937287525,398.010311,1120.715243,0.000000,0.832786,-0.018457,0.012493,-0.553147
1532402937292809,398.019558,1120.693629,0.000000,0.833110,-0.018504,0.012474,-0.552658
1532402937297423,398.027634,1120.674756,0.000000,0.833392,-0.018543,0.012455,-0.552230
1532402937298777,398.028942,1120.670986,0.000000,0.833483,-0.018582,0.012478,-0.552092
1532402937311570,398.052199,1120.617426,0.000000,0.834308,-0.018653,0.012411,-0.550843
1532402937327820,398.080221,1120.552244,0.000000,0.835370,-0.018770,0.012357,-0.549228
1532402937332442,398.088252,1120.533711,0.000000,0.835608,-0.018794,0.012333,-0.548866
1532402937350817,398.120187,1120.460037,0.000000,0.836557,-0.018702,0.012432,-0.547420
1532402937354844,398.126842,1120.444635,0.000000,0.836822,-0.018743,0.012347,-0.547015
1532402937355969,398.128759,1120.440208,0.000000,0.836887,-0.018746,0.012336,-0.546916
1532402937362460,398.139816,1120.414663,0.000000,0.837258,-0.018762,0.012273,-0.546348
1532402937368716,398.150576,1120.390047,0.000000,0.837620,-0.018773,0.012215,-0.545794
1532402937370339,398.153382,1120.383660,0.000000,0.837715,-0.018758,0.012221,-0.545649
1532402937377893,398.166430,1120.353929,0.000000,0.838156,-0.018687,0.012250,-0.544972
1532402937386588,398.181497,1120.319770,0.000000,0.838666,-0.018665,0.012183,-0.544190
1532402937387525,398.183151,1120.316119,0.000000,0.838722,-0.018666,0.012171,-0.544104
1532402937397423,398.200626,1120.277550,0.000000,0.839313,-0.018680,0.012036,-0.543195
1532402937398340,398.201627,1120.273403,0.000000,0.839345,-0.018671,0.012037,-0.543145
1532402937402048,398.208793,1120.259529,0.000000,0.839589,-0.018680,0.011985,-0.542769
1532402937402881,398.210264,1120.256283,0.000000,0.839638,-0.018677,0.011980,-0.542692
1532402937404844,398.213731,1120.248634,0.000000,0.839756,-0.018671,0.011969,-0.542512
1532402937412460,398.227329,1120.218949,0.000000,0.840206,-0.018648,0.011925,-0.541815
1532402937420339,398.241384,1120.188234,0.000000,0.840672,-0.018624,0.011880,-0.541094
1532402937427893,398.254930,1120.158781,0.000000,0.841122,-0.018522,0.011964,-0.540396
1532402937430877,398.260335,1120.147146,0.000000,0.841300,-0.018536,0.011918,-0.540119
1532402937437525,398.272364,1120.121219,0.000000,0.841697,-0.018568,0.011815,-0.539501
1532402937447423,398.290116,1120.082711,0.000000,0.842278,-0.018517,0.011799,-0.538596
1532402937448070,398.291400,1120.080080,0.000000,0.842328,-0.018513,0.011798,-0.538518
1532402937461706,398.315145,1120.027629,0.000000,0.843061,-0.018473,0.011715,-0.537373
1532402937477565,398.343505,1119.966515,0.000000,0.843942,-0.018439,0.011540,-0.535993
1532402937477838,398.343988,1119.965459,0.000000,0.843958,-0.018437,0.011539,-0.535969
1532402937498578,398.379454,1119.884808,0.000000,0.845115,-0.018280,0.011391,-0.534150
1532402937500799,398.385504,1119.877452,0.000000,0.845334,-0.018279,0.011350,-0.533805
1532402937504844,398.392789,1119.861980,0.000000,0.845584,-0.018272,0.011283,-0.533410
1532402937512460,398.406890,1119.832998,0.000000,0.846011,-0.018256,0.011158,-0.532736
1532402937520339,398.421282,1119.802936,0.000000,0.846448,-0.018241,0.011030,-0.532045
1532402937527893,398.435131,1119.774047,0.000000,0.846882,-0.018093,0.011108,-0.531356
1532402937531631,398.442219,1119.759753,0.000000,0.847111,-0.018052,0.011095,-0.530993
1532402937537525,398.453306,1119.737182,0.000000,0.847471,-0.018015,0.011033,-0.530422
1532402937547423,398.471662,1119.699313,0.000000,0.848063,-0.017956,0.010924,-0.529478
1532402937548164,398.473046,1119.696342,0.000000,0.848119,-0.017952,0.010916,-0.529390
1532402937552286,398.480574,1119.680936,0.000000,0.848333,-0.017926,0.010874,-0.529049
1532402937556180,398.487708,1119.666219,0.000000,0.848548,-0.017901,0.010834,-0.528704
1532402937575213,398.522924,1119.594119,0.000000,0.849623,-0.017808,0.010661,-0.526982
1532402937588848,398.548478,1119.542339,0.000000,0.850400,-0.017749,0.010553,-0.525731
1532402937597917,398.565296,1119.507961,0.000000,0.850924,-0.017718,0.010518,-0.524885
1532402937604844,398.578726,1119.481493,0.000000,0.851298,-0.017717,0.010470,-0.524279
1532402937606843,398.582505,1119.473889,0.000000,0.851410,-0.017718,0.010456,-0.524097
1532402937612460,398.593284,1119.452618,0.000000,0.851719,-0.017719,0.010416,-0.523596
1532402937620339,398.608282,1119.422741,0.000000,0.852150,-0.017720,0.010359,-0.522895
1532402937627760,398.622390,1119.394513,0.000000,0.852566,-0.017647,0.010440,-0.522217
1532402937627893,398.622649,1119.394007,0.000000,0.852574,-0.017643,0.010447,-0.522204
1532402937627895,398.622653,1119.393999,0.000000,0.852574,-0.017643,0.010447,-0.522204
1532402937637525,398.641385,1119.357308,0.000000,0.853137,-0.017639,0.010481,-0.521283
1532402937645461,398.656788,1119.327066,0.000000,0.853600,-0.017656,0.010511,-0.520523
1532402937648268,398.662228,1119.316361,0.000000,0.853764,-0.017663,0.010523,-0.520255
1532402937654844,398.674997,1119.291645,0.000000,0.854140,-0.017683,0.010567,-0.519635
1532402937662460,398.689775,1119.262893,0.000000,0.854578,-0.017705,0.010625,-0.518912
1532402937663840,398.692453,1119.257684,0.000000,0.854657,-0.017709,0.010637,-0.518781
1532402937670339,398.705214,1119.233106,0.000000,0.855039,-0.017728,0.010696,-0.518151
1532402937676693,398.717729,1119.209067,0.000000,0.855413,-0.017744,0.010765,-0.517530
1532402937677893,398.720092,1119.204527,0.000000,0.855484,-0.017748,0.010778,-0.517413
1532402937687525,398.739249,1119.167862,0.000000,0.856056,-0.017827,0.010807,-0.516462
1532402937697423,398.759592,1119.129374,0.000000,0.856667,-0.017919,0.010835,-0.515444
1532402937697532,398.759816,1119.128950,0.000000,0.856674,-0.017920,0.010835,-0.515433
1532402937698000,398.759704,1119.128464,0.000000,0.856663,-0.017924,0.010838,-0.515451
1532402937702954,398.770962,1119.107867,0.000000,0.857008,-0.017971,0.010850,-0.514875
1532402937720718,398.807863,1119.038943,0.000000,0.858104,-0.018136,0.010899,-0.513039
1532402937747774,398.864459,1118.933615,0.000000,0.859783,-0.018414,0.011010,-0.510209
1532402937754844,398.879407,1118.906283,0.000000,0.860169,-0.018492,0.011051,-0.509553
1532402937762460,398.895400,1118.876754,0.000000,0.860601,-0.018575,0.011087,-0.508821
1532402937770339,398.912091,1118.846218,0.000000,0.861054,-0.018660,0.011118,-0.508049
1532402937772597,398.916896,1118.837469,0.000000,0.861185,-0.018685,0.011127,-0.507826
1532402937777893,398.928164,1118.816949,0.000000,0.861492,-0.018743,0.011149,-0.507302
1532402937777960,398.928306,1118.816689,0.000000,0.861496,-0.018744,0.011150,-0.507295
1532402937787525,398.948608,1118.779866,0.000000,0.862047,-0.018858,0.011177,-0.506355
1532402937795818,398.966103,1118.748466,0.000000,0.862516,-0.018964,0.011201,-0.505550
1532402937797423,398.969489,1118.742389,0.000000,0.862607,-0.018985,0.011205,-0.505394
1532402937798097,398.971146,1118.738660,0.000000,0.862660,-0.018994,0.011207,-0.505303
1532402937820637,399.018766,1118.654596,0.000000,0.863900,-0.019293,0.011260,-0.503168
1532402937828376,399.035353,1118.625023,0.000000,0.864332,-0.019405,0.011280,-0.502421
1532402937847409,399.076828,1118.551034,0.000000,0.865413,-0.019716,0.011447,-0.500541
1532402937847861,399.077810,1118.549276,0.000000,0.865438,-0.019726,0.011449,-0.500496
1532402937858012,399.100339,1118.509759,0.000000,0.866015,-0.019958,0.011481,-0.499488
1532402937862460,399.110097,1118.492407,0.000000,0.866268,-0.020048,0.011542,-0.499044
1532402937865233,399.116146,1118.481577,0.000000,0.866425,-0.020103,0.011581,-0.498768
1532402937878862,399.146109,1118.428866,0.000000,0.867136,-0.020445,0.011661,-0.497515
1532402937896761,399.186394,1118.359817,0.000000,0.868010,-0.020826,0.011884,-0.495968
1532402937897423,399.187361,1118.356956,0.000000,0.868033,-0.020839,0.011892,-0.495927
1532402937898199,399.188586,1118.354069,0.000000,0.868142,-0.020857,0.011898,-0.495734
1532402937904972,399.204184,1118.327659,0.000000,0.868381,-0.021020,0.011926,-0.495307
1532402937912460,399.222040,1118.299272,0.000000,0.868744,-0.021203,0.011953,-0.494662
1532402937920339,399.239864,1118.268856,0.000000,0.869112,-0.021395,0.011981,-0.494006
1532402937920513,399.240258,1118.268184,0.000000,0.869121,-0.021399,0.011981,-0.493992
1532402937928222,399.257655,1118.238404,0.000000,0.869482,-0.021505,0.012169,-0.493346
1532402937933018,399.268793,1118.219512,0.000000,0.869782,-0.021621,0.012196,-0.492811
1532402937937525,399.279552,1118.201371,0.000000,0.870143,-0.021750,0.012184,-0.492169
1532402937940242,399.286006,1118.190425,0.000000,0.870360,-0.021815,0.012195,-0.491781
1532402937947423,399.302880,1118.161645,0.000000,0.870878,-0.021974,0.012242,-0.490856
1532402937947958,399.272980,1118.206183,0.000000,0.870241,-0.021969,0.012276,-0.491983
1532402937955917,399.322571,1118.128120,0.000000,0.871327,-0.022145,0.012305,-0.490048
1532402937972295,399.360857,1118.063691,0.000000,0.872216,-0.022438,0.012391,-0.488449
1532402937992881,399.409526,1117.983534,0.000000,0.873360,-0.022737,0.012487,-0.486384
1532402937997711,399.420962,1117.964173,0.000000,0.873637,-0.022791,0.012509,-0.485883
1532402938004844,399.437791,1117.937407,0.000000,0.874015,-0.022879,0.012503,-0.485198
1532402938008032,399.445400,1117.925182,0.000000,0.874190,-0.022920,0.012498,-0.484881
1532402938011124,399.452773,1117.913327,0.000000,0.874360,-0.022959,0.012494,-0.484574
1532402938012460,399.455955,1117.908202,0.000000,0.874433,-0.022976,0.012492,-0.484441
1532402938020339,399.474667,1117.877957,0.000000,0.874864,-0.023075,0.012481,-0.483657
1532402938027893,399.492659,1117.848921,0.000000,0.875284,-0.023083,0.012611,-0.482894
1532402938046785,399.538034,1117.776304,0.000000,0.876340,-0.023138,0.012682,-0.480970
1532402938048025,399.540695,1117.771224,0.000000,0.876884,-0.023150,0.012664,-0.479977
1532402938048257,399.541571,1117.770677,0.000000,0.876419,-0.023138,0.012689,-0.480826
1532402938062604,399.576055,1117.715842,0.000000,0.877191,-0.023150,0.012670,-0.479416
1532402938083073,399.625538,1117.637898,0.000000,0.878292,-0.023140,0.012730,-0.477394
1532402938086612,399.634182,1117.624412,0.000000,0.878486,-0.023136,0.012750,-0.477037
1532402938097806,399.661117,1117.581794,0.000000,0.879083,-0.023123,0.012812,-0.475936
1532402938103941,399.677031,1117.558315,0.000000,0.879455,-0.023077,0.012885,-0.475247
1532402938104844,399.679264,1117.554871,0.000000,0.879506,-0.023074,0.012893,-0.475153
1532402938112460,399.698243,1117.525972,0.000000,0.879925,-0.023045,0.012961,-0.474376
1532402938116855,399.709176,1117.509295,0.000000,0.880166,-0.023028,0.013001,-0.473928
1532402938120339,399.717822,1117.496065,0.000000,0.880357,-0.023015,0.013032,-0.473573
1532402938127893,399.736495,1117.467528,0.000000,0.880771,-0.022982,0.013103,-0.472803
1532402938147423,399.784223,1117.394909,0.000000,0.881830,-0.022844,0.013308,-0.470827
1532402938148131,399.785911,1117.392198,0.000000,0.881877,-0.022839,0.013315,-0.470738
1532402938154844,399.802316,1117.367491,0.000000,0.882205,-0.022778,0.013388,-0.470123
1532402938156237,399.805712,1117.362344,0.000000,0.882276,-0.022765,0.013404,-0.469991
1532402938160126,399.815191,1117.347974,0.000000,0.882472,-0.022729,0.013446,-0.469622
1532402938162460,399.820879,1117.339350,0.000000,0.882590,-0.022708,0.013471,-0.469401
1532402938170339,399.840197,1117.310335,0.000000,0.882994,-0.022637,0.013558,-0.468643
1532402938173992,399.849174,1117.296905,0.000000,0.883182,-0.022601,0.013599,-0.468288
1532402938177893,399.858748,1117.282557,0.000000,0.883383,-0.022564,0.013643,-0.467909
1532402938187525,399.882424,1117.247219,0.000000,0.883884,-0.022477,0.013743,-0.466963
1532402938191859,399.893151,1117.231426,0.000000,0.884115,-0.022443,0.013784,-0.466526
1532402938197423,399.906919,1117.211151,0.000000,0.884412,-0.022404,0.013834,-0.465964
1532402938197897,399.907658,1117.208894,0.000000,0.884411,-0.022400,0.013840,-0.465966
1532402938207444,399.931718,1117.174662,0.000000,0.884942,-0.022338,0.013924,-0.464957
1532402938231247,399.990423,1117.089355,0.000000,0.886150,-0.022206,0.014127,-0.462651
1532402938232270,399.992916,1117.085792,0.000000,0.886201,-0.022202,0.014135,-0.462553
1532402938248202,400.031688,1117.030296,0.000000,0.886999,-0.022155,0.014224,-0.461020
1532402938249224,400.034198,1117.026813,0.000000,0.887040,-0.022153,0.014229,-0.460942
1532402938254844,400.047892,1117.007336,0.000000,0.887307,-0.022144,0.014231,-0.460428
1532402938261924,400.065138,1116.982796,0.000000,0.887642,-0.022136,0.014228,-0.459781
1532402938262460,400.066443,1116.980938,0.000000,0.887668,-0.022136,0.014228,-0.459732
1532402938285323,400.122576,1116.901806,0.000000,0.888764,-0.022143,0.014117,-0.457613
1532402938287525,400.128016,1116.894211,0.000000,0.888870,-0.022145,0.014102,-0.457407
1532402938297423,400.152500,1116.860099,0.000000,0.889348,-0.022165,0.014006,-0.456478
1532402938297964,400.153580,1116.858028,0.000000,0.889368,-0.022151,0.014032,-0.456439
1532402938301314,400.162123,1116.846689,0.000000,0.889536,-0.022174,0.013966,-0.456113
1532402938307592,400.177910,1116.824855,0.000000,0.889814,-0.022185,0.013903,-0.455571
1532402938325381,400.223823,1116.761906,0.000000,0.890475,-0.022215,0.013726,-0.454283
1532402938336881,400.254006,1116.720835,0.000000,0.891255,-0.022245,0.013553,-0.452754
1532402938347751,400.282193,1116.681913,0.000000,0.891991,-0.022263,0.013370,-0.451307
1532402938354844,400.300772,1116.656811,0.000000,0.892302,-0.022257,0.013242,-0.450696
1532402938356625,400.305420,1116.650488,0.000000,0.892390,-0.022256,0.013208,-0.450522
1532402938362460,400.320650,1116.629774,0.000000,0.892679,-0.022251,0.013091,-0.449953
1532402938370339,400.341332,1116.601880,0.000000,0.893077,-0.022244,0.012926,-0.449168
1532402938376326,400.357088,1116.580713,0.000000,0.893382,-0.022234,0.012798,-0.448565
1532402938377893,400.361209,1116.575172,0.000000,0.893462,-0.022232,0.012764,-0.448407
1532402938384213,400.377819,1116.552815,0.000000,0.893784,-0.022220,0.012628,-0.447770
1532402938387525,400.386281,1116.541365,0.000000,0.893945,-0.022213,0.012556,-0.447450
1532402938394051,400.402877,1116.518888,0.000000,0.894261,-0.022193,0.012407,-0.446824
1532402938397423,400.411452,1116.507273,0.000000,0.894423,-0.022181,0.012329,-0.446501
1532402938398050,400.414118,1116.503833,0.000000,0.894487,-0.022192,0.012327,-0.446374
1532402938404844,400.430324,1116.481713,0.000000,0.894782,-0.022151,0.012159,-0.445789
1532402938411921,400.448423,1116.457425,0.000000,0.895121,-0.022119,0.011997,-0.445112
1532402938412460,400.449801,1116.455575,0.000000,0.895147,-0.022117,0.011985,-0.445061
1532402938420339,400.469937,1116.428526,0.000000,0.895524,-0.022081,0.011805,-0.444307
1532402938427403,400.487956,1116.404432,0.000000,0.895865,-0.022046,0.011650,-0.443626
1532402938427893,400.489204,1116.402780,0.000000,0.895889,-0.022044,0.011639,-0.443578
1532402938437525,400.513708,1116.370295,0.000000,0.896357,-0.022018,0.011435,-0.442637
1532402938446618,400.536838,1116.339651,0.000000,0.896797,-0.022002,0.011250,-0.441752
1532402938447438,400.538930,1116.336897,0.000000,0.896835,-0.022001,0.011233,-0.441674
1532402938447831,400.539905,1116.335539,0.000000,0.896857,-0.022001,0.011225,-0.441630
1532402938462703,400.577856,1116.285617,0.000000,0.897553,-0.022028,0.010976,-0.440219
1532402938469084,400.594231,1116.264216,0.000000,0.897856,-0.022049,0.010877,-0.439603
1532402938481991,400.627424,1116.220946,0.000000,0.898471,-0.022106,0.010735,-0.438346
1532402938497587,400.667450,1116.168616,0.000000,0.899215,-0.022008,0.010933,-0.436816
1532402938497621,400.668590,1116.168341,0.000000,0.899251,-0.022134,0.010731,-0.436740
1532402938504844,400.687720,1116.144015,0.000000,0.899615,-0.022180,0.010695,-0.435990
1532402938512460,400.708010,1116.118477,0.000000,0.899989,-0.022216,0.010693,-0.435214
1532402938520339,400.728966,1116.092043,0.000000,0.900375,-0.022255,0.010692,-0.434413
1532402938520413,400.729163,1116.091795,0.000000,0.900379,-0.022255,0.010692,-0.434406
1532402938527893,400.748940,1116.066924,0.000000,0.900747,-0.022227,0.010829,-0.433640
1532402938537525,400.773989,1116.035816,0.000000,0.901220,-0.022318,0.010751,-0.432654
1532402938547442,400.799646,1116.003759,0.000000,0.901697,-0.022407,0.010698,-0.431655
1532402938547924,400.800824,1116.002176,0.000000,0.901729,-0.022412,0.010696,-0.431588
1532402938557279,400.825208,1115.972007,0.000000,0.902146,-0.022425,0.010822,-0.430712
1532402938568346,400.854051,1115.936300,0.000000,0.902651,-0.022502,0.010825,-0.429648
1532402938591509,400.915196,1115.861256,0.000000,0.903715,-0.022669,0.010812,-0.427398
1532402938597683,400.930998,1115.841705,0.000000,0.903999,-0.022712,0.010801,-0.426795
1532402938604844,400.951018,1115.817460,0.000000,0.904322,-0.022758,0.010828,-0.426105
1532402938612460,400.971593,1115.792516,0.000000,0.904665,-0.022809,0.010833,-0.425375
1532402938613249,400.973725,1115.789932,0.000000,0.904701,-0.022814,0.010833,-0.425299
1532402938614117,400.976069,1115.787089,0.000000,0.904740,-0.022820,0.010834,-0.425216
1532402938620339,400.992877,1115.766710,0.000000,0.905019,-0.022861,0.010838,-0.424618
1532402938627003,401.010833,1115.744917,0.000000,0.905317,-0.022893,0.010841,-0.423981
1532402938627893,401.013211,1115.742022,0.000000,0.905356,-0.022896,0.010842,-0.423896
1532402938637551,401.039007,1115.710604,0.000000,0.905782,-0.022949,0.010862,-0.422982
1532402938642486,401.052174,1115.694549,0.000000,0.905999,-0.022990,0.010879,-0.422514
1532402938647423,401.065366,1115.678518,0.000000,0.906212,-0.023034,0.010898,-0.422055
1532402938647444,401.065393,1115.678419,0.000000,0.906218,-0.023010,0.010885,-0.422045
1532402938654844,401.085231,1115.654463,0.000000,0.906525,-0.023123,0.010925,-0.421377
1532402938662460,401.105619,1115.629777,0.000000,0.906845,-0.023226,0.010956,-0.420681
1532402938666440,401.116426,1115.616769,0.000000,0.907011,-0.023284,0.010974,-0.420319
1532402938687853,401.176221,1115.545575,0.000000,0.907893,-0.023625,0.011094,-0.418388
1532402938688316,401.177522,1115.544040,0.000000,0.907913,-0.023632,0.011096,-0.418346
1532402938689134,401.179820,1115.541328,0.000000,0.907947,-0.023646,0.011100,-0.418271
1532402938697423,401.203111,1115.513851,0.000000,0.908289,-0.023793,0.011126,-0.417517
1532402938697762,401.203761,1115.512555,0.000000,0.908299,-0.023781,0.011146,-0.417496
1532402938702037,401.216077,1115.498557,0.000000,0.908480,-0.023873,0.011138,-0.417097
1532402938717760,401.260533,1115.446649,0.000000,0.908945,-0.024114,0.011175,-0.416067
1532402938736577,401.312520,1115.386283,0.000000,0.909759,-0.024410,0.011202,-0.414267
1532402938747528,401.342288,1115.351852,0.000000,0.910373,-0.024586,0.011209,-0.412906
1532402938754844,401.362226,1115.329082,0.000000,0.910616,-0.024686,0.011209,-0.412362
1532402938762460,401.382936,1115.305310,0.000000,0.910908,-0.024788,0.011200,-0.411712
1532402938763286,401.385181,1115.302731,0.000000,0.910940,-0.024799,0.011198,-0.411641
1532402938764153,401.387537,1115.300023,0.000000,0.910973,-0.024811,0.011197,-0.411567
1532402938770341,401.405087,1115.280048,0.000000,0.911234,-0.024879,0.011212,-0.410984
1532402938777016,401.424152,1115.258368,0.000000,0.911522,-0.024908,0.011316,-0.410341
1532402938777893,401.426656,1115.255519,0.000000,0.911559,-0.024911,0.011329,-0.410257
1532402938787525,401.454201,1115.224242,0.000000,0.911975,-0.024999,0.011351,-0.409327
1532402938788376,401.456650,1115.221484,0.000000,0.912012,-0.025008,0.011348,-0.409243
1532402938797286,401.481973,1115.192487,0.000000,0.912389,-0.025107,0.011316,-0.408398
1532402938797423,401.482686,1115.192168,0.000000,0.912408,-0.025107,0.011314,-0.408354
1532402938810843,401.521362,1115.148794,0.000000,0.912992,-0.025263,0.011264,-0.407039
1532402938834190,401.587700,1115.074959,0.000000,0.913987,-0.025423,0.011382,-0.404786
1532402938838303,401.599120,1115.062308,0.000000,0.914158,-0.025470,0.011362,-0.404397
1532402938847044,401.623365,1115.035451,0.000000,0.914519,-0.025565,0.011300,-0.403575
1532402938847623,401.624964,1115.033638,0.000000,0.914546,-0.025577,0.011315,-0.403514
1532402938854844,401.644993,1115.011622,0.000000,0.914830,-0.025640,0.011244,-0.402867
1532402938862460,401.666096,1114.988344,0.000000,0.915134,-0.025672,0.011266,-0.402173
1532402938862594,401.666467,1114.987935,0.000000,0.915140,-0.025671,0.011267,-0.402161
1532402938870344,401.687566,1114.965083,0.000000,0.915456,-0.025671,0.011338,-0.401439
1532402938877893,401.707969,1114.943128,0.000000,0.915765,-0.025710,0.011266,-0.400733
1532402938881173,401.716829,1114.933585,0.000000,0.915899,-0.025722,0.011246,-0.400427
1532402938888443,401.736468,1114.912541,0.000000,0.916199,-0.025670,0.011367,-0.399740
1532402938897377,401.760557,1114.886416,0.000000,0.916565,-0.025605,0.011516,-0.398900
1532402938897423,401.760737,1114.886710,0.000000,0.916567,-0.025701,0.011275,-0.398895
1532402938904844,401.780794,1114.865365,0.000000,0.916871,-0.025732,0.011192,-0.398197
1532402938909210,401.792684,1114.852804,0.000000,0.917047,-0.025751,0.011143,-0.397792
1532402938912460,401.801536,1114.843451,0.000000,0.917177,-0.025765,0.011107,-0.397491
1532402938913335,401.803919,1114.840933,0.000000,0.917212,-0.025769,0.011097,-0.397410
1532402938920339,401.822990,1114.820773,0.000000,0.917493,-0.025799,0.011018,-0.396760
1532402938922087,401.827748,1114.815740,0.000000,0.917563,-0.025807,0.010999,-0.396598
1532402938927893,401.843579,1114.798907,0.000000,0.917797,-0.025730,0.011142,-0.396058
1532402938937525,401.869895,1114.770699,0.000000,0.918176,-0.025769,0.011012,-0.395181
1532402938947423,401.896929,1114.741731,0.000000,0.918562,-0.025741,0.011046,-0.394283
1532402938947701,401.897665,1114.740900,0.000000,0.918577,-0.025740,0.011048,-0.394249
1532402938956001,401.920409,1114.716677,0.000000,0.918883,-0.025773,0.010945,-0.393535
1532402938983947,401.997485,1114.634986,0.000000,0.919935,-0.025782,0.010910,-0.391069
1532402938992094,402.019901,1114.611512,0.000000,0.920239,-0.025793,0.010830,-0.390357
1532402938993355,402.023367,1114.607890,0.000000,0.920286,-0.025787,0.010828,-0.390246
1532402938997493,402.034943,1114.595356,0.000000,0.920443,-0.025855,0.010690,-0.389874
1532402939004844,402.054933,1114.574885,0.000000,0.920713,-0.025751,0.010791,-0.389241
1532402939008963,402.066360,1114.563048,0.000000,0.920865,-0.025746,0.010761,-0.388881
1532402939012460,402.076058,1114.552997,0.000000,0.920995,-0.025742,0.010737,-0.388575
1532402939020339,402.097898,1114.530343,0.000000,0.921286,-0.025732,0.010680,-0.387885
1532402939030859,402.127897,1114.499385,0.000000,0.921687,-0.025644,0.010749,-0.386937
1532402939047276,402.175835,1114.450090,0.000000,0.922323,-0.025501,0.010843,-0.385426
1532402939047423,402.176285,1114.449685,0.000000,0.922323,-0.025560,0.010684,-0.385427
1532402939054226,402.196184,1114.429348,0.000000,0.922575,-0.025506,0.010716,-0.384825
1532402939067628,402.235626,1114.389085,0.000000,0.923068,-0.025458,0.010694,-0.383645
1532402939068410,402.237997,1114.386676,0.000000,0.923096,-0.025457,0.010689,-0.383577
1532402939083113,402.282555,1114.341374,0.000000,0.923625,-0.025464,0.010644,-0.382302
1532402939097572,402.322997,1114.299804,0.000000,0.924164,-0.025478,0.010613,-0.380997
1532402939100790,402.336087,1114.286880,0.000000,0.924260,-0.025468,0.010649,-0.380765
1532402939104844,402.348358,1114.274378,0.000000,0.924405,-0.025471,0.010655,-0.380413
1532402939112460,402.371608,1114.251126,0.000000,0.924675,-0.025477,0.010666,-0.379755
1532402939120339,402.395548,1114.227016,0.000000,0.924954,-0.025484,0.010678,-0.379074
1532402939127893,402.418072,1114.204552,0.000000,0.925226,-0.025478,0.010689,-0.378409
1532402939129294,402.422156,1114.200561,0.000000,0.925278,-0.025476,0.010693,-0.378283
1532402939137525,402.446063,1114.177092,0.000000,0.925581,-0.025483,0.010735,-0.377539
1532402939142149,402.459428,1114.163894,0.000000,0.925751,-0.025491,0.010769,-0.377120
1532402939143398,402.463030,1114.160327,0.000000,0.925797,-0.025493,0.010779,-0.377007
1532402939147334,402.474359,1114.149081,0.000000,0.925941,-0.025500,0.010811,-0.376651
1532402939147423,402.474646,1114.148879,0.000000,0.925937,-0.025500,0.010812,-0.376661
1532402939153543,402.492329,1114.131521,0.000000,0.926143,-0.025510,0.010872,-0.376152
1532402939154844,402.496087,1114.127831,0.000000,0.926187,-0.025512,0.010885,-0.376044
1532402939162460,402.518089,1114.106228,0.000000,0.926442,-0.025537,0.010965,-0.375410
1532402939170339,402.540782,1114.084101,0.000000,0.926706,-0.025576,0.011051,-0.374753
1532402939176426,402.558263,1114.067094,0.000000,0.926910,-0.025603,0.011116,-0.374245
1532402939177893,402.562472,1114.062993,0.000000,0.926959,-0.025609,0.011131,-0.374123
1532402939187525,402.590131,1114.036102,0.000000,0.927283,-0.025646,0.011228,-0.373313
1532402939197088,402.617422,1114.009261,0.000000,0.927600,-0.025680,0.011324,-0.372520
1532402939197423,402.618666,1114.008586,0.000000,0.927621,-0.025675,0.011319,-0.372467
1532402939199313,402.624114,1114.003333,0.000000,0.927686,-0.025680,0.011336,-0.372305
1532402939212189,402.661254,1113.967677,0.000000,0.928120,-0.025722,0.011449,-0.371215
1532402939218648,402.679868,1113.949839,0.000000,0.928335,-0.025743,0.011505,-0.370673
1532402939223548,402.693973,1113.936297,0.000000,0.928499,-0.025758,0.011546,-0.370261
1532402939246493,402.765329,1113.867834,0.000000,0.929328,-0.025824,0.011666,-0.368167
1532402939247401,402.768156,1113.865079,0.000000,0.929363,-0.025832,0.011700,-0.368076
1532402939254844,402.791354,1113.842975,0.000000,0.929617,-0.025858,0.011685,-0.367434
1532402939262460,402.815090,1113.820306,0.000000,0.929879,-0.025900,0.011699,-0.366765
1532402939270339,402.839656,1113.796986,0.000000,0.930151,-0.025953,0.011708,-0.366072
1532402939274079,402.851319,1113.785945,0.000000,0.930280,-0.025979,0.011705,-0.365743
1532402939277893,402.863214,1113.774685,0.000000,0.930411,-0.026006,0.011702,-0.365408
1532402939287211,402.892025,1113.747501,0.000000,0.930728,-0.026080,0.011705,-0.364592
1532402939287525,402.892975,1113.746612,0.000000,0.930739,-0.026082,0.011706,-0.364565
1532402939293452,402.910902,1113.729842,0.000000,0.930937,-0.026135,0.011697,-0.364056
1532402939297168,402.923328,1113.717785,0.000000,0.931071,-0.026159,0.011710,-0.363710
1532402939297423,402.922914,1113.718606,0.000000,0.931069,-0.026171,0.011689,-0.363714
1532402939298103,402.924971,1113.716682,0.000000,0.931092,-0.026178,0.011688,-0.363656
1532402939321534,402.995981,1113.650836,0.000000,0.931855,-0.026365,0.011645,-0.361683
1532402939347497,403.074719,1113.578068,0.000000,0.932690,-0.026547,0.011548,-0.359516
1532402939350047,403.082458,1113.571053,0.000000,0.932762,-0.026562,0.011512,-0.359330
1532402939354844,403.097008,1113.557732,0.000000,0.932905,-0.026602,0.011471,-0.358955
1532402939357219,403.104211,1113.551137,0.000000,0.932976,-0.026622,0.011451,-0.358769
1532402939362460,403.120103,1113.536579,0.000000,0.933133,-0.026666,0.011406,-0.358359
1532402939368564,403.138558,1113.519689,0.000000,0.933319,-0.026718,0.011353,-0.357873
1532402939370339,403.143913,1113.514791,0.000000,0.933374,-0.026738,0.011340,-0.357729
1532402939372729,403.151121,1113.508195,0.000000,0.933447,-0.026765,0.011323,-0.357536
1532402939377893,403.166691,1113.493940,0.000000,0.933605,-0.026824,0.011285,-0.357119
1532402939387525,403.195727,1113.467383,0.000000,0.933901,-0.026923,0.011221,-0.356340
1532402939391349,403.207271,1113.456893,0.000000,0.934018,-0.026956,0.011195,-0.356031
1532402939397261,403.225019,1113.440432,0.000000,0.934199,-0.027020,0.011157,-0.355554
1532402939397423,403.225608,1113.440230,0.000000,0.934205,-0.027005,0.011154,-0.355539
1532402939404844,403.248010,1113.419872,0.000000,0.934432,-0.027065,0.011102,-0.354937
1532402939412460,403.271026,1113.399112,0.000000,0.934662,-0.027125,0.011048,-0.354328
1532402939419616,403.292634,1113.379603,0.000000,0.934878,-0.027182,0.010997,-0.353757
1532402939420339,403.294816,1113.377632,0.000000,0.934900,-0.027187,0.010992,-0.353699
1532402939427893,403.317469,1113.357257,0.000000,0.935134,-0.027224,0.010933,-0.353078
1532402939432226,403.330305,1113.345821,0.000000,0.935276,-0.027236,0.010902,-0.352702
1532402939437525,403.345991,1113.331835,0.000000,0.935449,-0.027252,0.010866,-0.352243
1532402939443491,403.363633,1113.316089,0.000000,0.935644,-0.027249,0.010831,-0.351725
1532402939443735,403.364355,1113.315445,0.000000,0.935652,-0.027249,0.010829,-0.351704
1532402939447423,403.375252,1113.305743,0.000000,0.935770,-0.027245,0.010808,-0.351390
1532402939447576,403.375703,1113.305307,0.000000,0.935778,-0.027245,0.010807,-0.351371
1532402939466182,403.430703,1113.256554,0.000000,0.936363,-0.027154,0.010715,-0.349817
1532402939493896,403.513138,1113.184376,0.000000,0.937228,-0.026982,0.010649,-0.347508
1532402939497356,403.523324,1113.175124,0.000000,0.937330,-0.026956,0.010631,-0.347235
1532402939502330,403.538250,1113.162523,0.000000,0.937493,-0.026936,0.010646,-0.346796
1532402939504844,403.545738,1113.156012,0.000000,0.937572,-0.026925,0.010646,-0.346584
1532402939512460,403.568469,1113.136384,0.000000,0.937809,-0.026893,0.010646,-0.345944
1532402939518293,403.585873,1113.121346,0.000000,0.937991,-0.026868,0.010645,-0.345454
1532402939518549,403.586636,1113.120686,0.000000,0.937999,-0.026867,0.010645,-0.345432
1532402939520339,403.591976,1113.116071,0.000000,0.938054,-0.026859,0.010645,-0.345282
1532402939537525,403.642249,1113.072520,0.000000,0.938578,-0.026767,0.010677,-0.343861
1532402939541380,403.653438,1113.062816,0.000000,0.938695,-0.026749,0.010696,-0.343544
1532402939547423,403.670976,1113.047638,0.000000,0.938874,-0.026721,0.010729,-0.343053
1532402939547677,403.671708,1113.046966,0.000000,0.938884,-0.026720,0.010730,-0.343026
1532402939569442,403.734960,1112.992521,0.000000,0.939511,-0.026612,0.010866,-0.341309
1532402939577277,403.757809,1112.972950,0.000000,0.939730,-0.026585,0.010918,-0.340709
1532402939588687,403.791084,1112.944495,0.000000,0.940046,-0.026540,0.010996,-0.339835
1532402939593552,403.805301,1112.932416,0.000000,0.940181,-0.026527,0.011023,-0.339462
1532402939597444,403.816494,1112.922494,0.000000,0.940289,-0.026517,0.011044,-0.339163
1532402939604844,403.838299,1112.904385,0.000000,0.940493,-0.026498,0.011097,-0.338597
1532402939611079,403.856545,1112.889017,0.000000,0.940658,-0.026482,0.011144,-0.338136
1532402939612460,403.860581,1112.885611,0.000000,0.940695,-0.026478,0.011154,-0.338035
1532402939620339,403.883565,1112.866160,0.000000,0.940903,-0.026457,0.011213,-0.337454
1532402939637525,403.934566,1112.823593,0.000000,0.941408,-0.026398,0.011303,-0.336046
1532402939639469,403.940373,1112.818774,0.000000,0.941467,-0.026393,0.011312,-0.335881
1532402939647423,403.964114,1112.799095,0.000000,0.941705,-0.026365,0.011344,-0.335212
1532402939647766,403.965135,1112.798210,0.000000,0.941719,-0.026364,0.011345,-0.335174
1532402939652357,403.978836,1112.786939,0.000000,0.941848,-0.026346,0.011360,-0.334812
1532402939654844,403.986257,1112.780812,0.000000,0.941920,-0.026336,0.011369,-0.334610
1532402939658558,403.997339,1112.771663,0.000000,0.942027,-0.026321,0.011380,-0.334308
1532402939662460,404.008982,1112.762050,0.000000,0.942140,-0.026303,0.011385,-0.333992
1532402939668568,404.027221,1112.747059,0.000000,0.942317,-0.026276,0.011393,-0.333494
1532402939670339,404.032512,1112.742726,0.000000,0.942368,-0.026272,0.011392,-0.333350
1532402939677893,404.055080,1112.724245,0.000000,0.942587,-0.026254,0.011389,-0.332733
1532402939681004,404.064375,1112.716635,0.000000,0.942677,-0.026246,0.011388,-0.332479
1532402939687525,404.083993,1112.700634,0.000000,0.942861,-0.026230,0.011386,-0.331956
1532402939697423,404.114143,1112.676209,0.000000,0.943131,-0.026232,0.011365,-0.331189
1532402939697511,404.113696,1112.676257,0.000000,0.943151,-0.026233,0.011364,-0.331131
1532402939713951,404.164499,1112.635613,0.000000,0.943577,-0.026273,0.011319,-0.329915
1532402939722382,404.190151,1112.614962,0.000000,0.943803,-0.026295,0.011296,-0.329267
1532402939733699,404.222955,1112.588897,0.000000,0.944124,-0.026332,0.011241,-0.328346
1532402939747831,404.263140,1112.557080,0.000000,0.944528,-0.026470,0.011160,-0.327173
1532402939748617,404.265377,1112.555356,0.000000,0.944545,-0.026480,0.011155,-0.327122
1532402939754844,404.283072,1112.541414,0.000000,0.944713,-0.026571,0.011115,-0.326630
1532402939756504,404.287789,1112.537698,0.000000,0.944758,-0.026595,0.011104,-0.326499
1532402939762460,404.304715,1112.524364,0.000000,0.944918,-0.026693,0.011068,-0.326029
1532402939770339,404.327216,1112.506735,0.000000,0.945131,-0.026834,0.011019,-0.325402
1532402939777893,404.348829,1112.489841,0.000000,0.945334,-0.026985,0.010968,-0.324801
1532402939787525,404.376791,1112.467968,0.000000,0.945590,-0.027182,0.010902,-0.324039
1532402939789516,404.382841,1112.463224,0.000000,0.945642,-0.027227,0.010886,-0.323885
1532402939797423,404.406868,1112.444387,0.000000,0.945846,-0.027414,0.010817,-0.323274
1532402939797447,404.406941,1112.444330,0.000000,0.945847,-0.027415,0.010817,-0.323272
1532402939797588,404.405175,1112.445807,0.000000,0.945861,-0.027418,0.010814,-0.323232
1532402939803600,404.425638,1112.429673,0.000000,0.946005,-0.027566,0.010767,-0.322797
1532402939818751,404.471656,1112.393846,0.000000,0.946391,-0.027939,0.010644,-0.321637
1532402939825857,404.493194,1112.377045,0.000000,0.946571,-0.028094,0.010580,-0.321094
1532402939847918,404.559741,1112.325163,0.000000,0.947125,-0.028584,0.010366,-0.319420
1532402939854844,404.580586,1112.309041,0.000000,0.947285,-0.028748,0.010305,-0.318932
1532402939859601,404.594907,1112.297939,0.000000,0.947398,-0.028857,0.010262,-0.318590
1532402939862460,404.603514,1112.291267,0.000000,0.947465,-0.028919,0.010237,-0.318384
1532402939870339,404.627201,1112.272930,0.000000,0.947651,-0.029085,0.010169,-0.317819
1532402939872408,404.633403,1112.268140,0.000000,0.947699,-0.029126,0.010153,-0.317673
1532402939878570,404.651863,1112.253869,0.000000,0.947842,-0.029249,0.010106,-0.317235
1532402939878697,404.652244,1112.253575,0.000000,0.947845,-0.029252,0.010105,-0.317226
1532402939897683,404.709040,1112.209546,0.000000,0.948284,-0.029633,0.009979,-0.315878
1532402939898696,404.712995,1112.206601,0.000000,0.948319,-0.029654,0.009973,-0.315773
1532402939901830,404.722581,1112.199195,0.000000,0.948393,-0.029718,0.009958,-0.315543
1532402939904844,404.731800,1112.192072,0.000000,0.948465,-0.029780,0.009944,-0.315322
1532402939912460,404.755091,1112.174270,0.000000,0.948641,-0.029937,0.009909,-0.314779
1532402939920339,404.779080,1112.155810,0.000000,0.948822,-0.030099,0.009872,-0.314219
1532402939927893,404.801962,1112.138296,0.000000,0.949003,-0.030091,0.010189,-0.313661
1532402939934190,404.820947,1112.123986,0.000000,0.949155,-0.030197,0.010195,-0.313191
1532402939937525,404.830977,1112.116403,0.000000,0.949235,-0.030259,0.010186,-0.312942
1532402939947410,404.860590,1112.093966,0.000000,0.949467,-0.030448,0.010171,-0.312221
1532402939947423,404.860629,1112.093937,0.000000,0.949467,-0.030448,0.010171,-0.312220
1532402939948467,404.863746,1112.091584,0.000000,0.949490,-0.030468,0.010170,-0.312150
1532402939948581,404.864105,1112.091245,0.000000,0.949501,-0.030470,0.010169,-0.312117
1532402939971844,404.933626,1112.038811,0.000000,0.949992,-0.030935,0.010193,-0.310571
1532402939972878,404.936726,1112.036468,0.000000,0.950014,-0.030954,0.010197,-0.310502
1532402939997762,405.011347,1111.980080,0.000000,0.950542,-0.031349,0.010289,-0.308839
1532402940004844,405.032411,1111.964406,0.000000,0.950678,-0.031442,0.010326,-0.308408
1532402940009558,405.046470,1111.953932,0.000000,0.950774,-0.031504,0.010350,-0.308107
1532402940012460,405.055118,1111.947481,0.000000,0.950832,-0.031543,0.010365,-0.307922
1532402940017454,405.069992,1111.936372,0.000000,0.950933,-0.031608,0.010390,-0.307603
1532402940018446,405.072945,1111.934165,0.000000,0.950953,-0.031621,0.010395,-0.307539
1532402940020339,405.078578,1111.929951,0.000000,0.950991,-0.031646,0.010405,-0.307419
1532402940027893,405.101038,1111.913206,0.000000,0.951145,-0.031717,0.010433,-0.306932
1532402940037525,405.129651,1111.892004,0.000000,0.951346,-0.031773,0.010474,-0.306304
1532402940041901,405.142645,1111.882374,0.000000,0.951437,-0.031780,0.010490,-0.306018
1532402940047423,405.158932,1111.870452,0.000000,0.951557,-0.031785,0.010508,-0.305645
1532402940048082,405.160994,1111.868773,0.000000,0.951566,-0.031786,0.010511,-0.305615
1532402940048109,405.160941,1111.869002,0.000000,0.951572,-0.031786,0.010510,-0.305597
1532402940079606,405.252952,1111.802316,0.000000,0.952234,-0.031700,0.010528,-0.303537
1532402940092547,405.290565,1111.775019,0.000000,0.952482,-0.031621,0.010503,-0.302767
1532402940093860,405.294376,1111.772259,0.000000,0.952507,-0.031613,0.010500,-0.302690
1532402940097852,405.306106,1111.763598,0.000000,0.952589,-0.031587,0.010491,-0.302435
1532402940104844,405.326251,1111.749176,0.000000,0.952715,-0.031546,0.010478,-0.302042
1532402940112460,405.348233,1111.733378,0.000000,0.952883,-0.031502,0.010462,-0.301517
1532402940116937,405.361155,1111.724092,0.000000,0.952981,-0.031476,0.010452,-0.301209
1532402940120339,405.370974,1111.717034,0.000000,0.953056,-0.031457,0.010445,-0.300974
1532402940123164,405.379128,1111.711174,0.000000,0.953118,-0.031439,0.010438,-0.300779
1532402940127893,405.392754,1111.701400,0.000000,0.953207,-0.031405,0.010426,-0.300501
1532402940137525,405.420464,1111.681565,0.000000,0.953358,-0.031317,0.010400,-0.300031
1532402940147424,405.448888,1111.661241,0.000000,0.953520,-0.031228,0.010356,-0.299527
1532402940147613,405.449484,1111.660790,0.000000,0.953516,-0.031226,0.010356,-0.299540
1532402940153977,405.467592,1111.647919,0.000000,0.953642,-0.031159,0.010321,-0.299147
1532402940154844,405.470066,1111.646156,0.000000,0.953658,-0.031150,0.010316,-0.299097
1532402940162460,405.491803,1111.630672,0.000000,0.953800,-0.031079,0.010278,-0.298655
1532402940162484,405.491872,1111.630623,0.000000,0.953800,-0.031079,0.010278,-0.298654
1532402940168689,405.509563,1111.618073,0.000000,0.953915,-0.031028,0.010249,-0.298293
1532402940170339,405.514264,1111.614747,0.000000,0.953945,-0.031015,0.010240,-0.298197
1532402940177893,405.535787,1111.599518,0.000000,0.954085,-0.030957,0.010198,-0.297758
1532402940187528,405.563387,1111.580080,0.000000,0.954265,-0.030871,0.010138,-0.297190
1532402940191919,405.576141,1111.571206,0.000000,0.954350,-0.030832,0.010108,-0.296922
1532402940197423,405.592127,1111.560083,0.000000,0.954457,-0.030783,0.010069,-0.296585
1532402940197958,405.593790,1111.558795,0.000000,0.954475,-0.030779,0.010065,-0.296526
1532402940198168,405.594291,1111.558578,0.000000,0.954471,-0.030777,0.010064,-0.296540
1532402940229648,405.685431,1111.495392,0.000000,0.955063,-0.030590,0.009846,-0.294656
1532402940237490,405.708057,1111.479635,0.000000,0.955207,-0.030564,0.009769,-0.294195
1532402940238543,405.711094,1111.477519,0.000000,0.955226,-0.030560,0.009759,-0.294133
1532402940247714,405.737550,1111.459097,0.000000,0.955394,-0.030530,0.009670,-0.293594
1532402940254844,405.758020,1111.444939,0.000000,0.955517,-0.030519,0.009606,-0.293194
1532402940261934,405.778404,1111.430814,0.000000,0.955642,-0.030524,0.009538,-0.292791
1532402940262460,405.779916,1111.429766,0.000000,0.955651,-0.030525,0.009533,-0.292761
1532402940270339,405.802490,1111.414174,0.000000,0.955786,-0.030545,0.009460,-0.292318
1532402940273047,405.810234,1111.408832,0.000000,0.955832,-0.030555,0.009437,-0.292167
1532402940277893,405.824091,1111.399270,0.000000,0.955915,-0.030571,0.009397,-0.291897
1532402940287525,405.851502,1111.380464,0.000000,0.956080,-0.030607,0.009322,-0.291353
1532402940297423,405.879386,1111.361601,0.000000,0.956257,-0.030546,0.009550,-0.290771
1532402940298030,405.881644,1111.359515,0.000000,0.956260,-0.030541,0.009568,-0.290761
1532402940299690,405.885773,1111.357281,0.000000,0.956298,-0.030528,0.009615,-0.290638
1532402940308953,405.911819,1111.339696,0.000000,0.956460,-0.030541,0.009606,-0.290104
1532402940312145,405.920768,1111.333672,0.000000,0.956515,-0.030552,0.009585,-0.289922
1532402940331444,405.974142,1111.297703,0.000000,0.956850,-0.030593,0.009462,-0.288812
1532402940347812,406.018038,1111.268043,0.000000,0.957141,-0.030592,0.009393,-0.287848
1532402940351003,406.026557,1111.262327,0.000000,0.957195,-0.030580,0.009381,-0.287670
1532402940354844,406.036830,1111.255413,0.000000,0.957262,-0.030561,0.009366,-0.287450
1532402940362460,406.057200,1111.241705,0.000000,0.957395,-0.030518,0.009341,-0.287014
1532402940370339,406.078258,1111.227587,0.000000,0.957531,-0.030464,0.009321,-0.286566
1532402940373830,406.087584,1111.221346,0.000000,0.957591,-0.030428,0.009307,-0.286368
1532402940377893,406.098438,1111.214081,0.000000,0.957661,-0.030387,0.009290,-0.286138
1532402940382543,406.110861,1111.205768,0.000000,0.957742,-0.030339,0.009271,-0.285875
1532402940383558,406.113572,1111.203953,0.000000,0.957759,-0.030329,0.009267,-0.285817
1532402940387525,406.125004,1111.196401,0.000000,0.957828,-0.030288,0.009252,-0.285592
1532402940397423,406.154510,1111.177023,0.000000,0.958000,-0.030174,0.009219,-0.285028
1532402940397565,406.154933,1111.176745,0.000000,0.958002,-0.030172,0.009219,-0.285020
1532402940404844,406.176630,1111.162497,0.000000,0.958128,-0.030089,0.009198,-0.284605
1532402940406699,406.182127,1111.158901,0.000000,0.958160,-0.030069,0.009193,-0.284502
1532402940412460,406.199188,1111.147747,0.000000,0.958256,-0.030005,0.009179,-0.284185
1532402940420339,406.222522,1111.132494,0.000000,0.958387,-0.029919,0.009159,-0.283751
1532402940427893,406.244158,1111.118343,0.000000,0.958509,-0.029829,0.009141,-0.283351
1532402940428857,406.246765,1111.116636,0.000000,0.958523,-0.029817,0.009139,-0.283304
1532402940437525,406.270213,1111.101286,0.000000,0.958653,-0.029715,0.009114,-0.282876
1532402940447423,406.296960,1111.083796,0.000000,0.958799,-0.029603,0.009089,-0.282391
1532402940447907,406.298295,1111.082906,0.000000,0.958808,-0.029594,0.009084,-0.282364
1532402940449720,406.303150,1111.079758,0.000000,0.958833,-0.029578,0.009084,-0.282281
1532402940454013,406.314719,1111.072212,0.000000,0.958895,-0.029536,0.009075,-0.282074
1532402940457159,406.323197,1111.066682,0.000000,0.958940,-0.029506,0.009069,-0.281923
1532402940481380,406.388467,1111.024268,0.000000,0.959290,-0.029328,0.009013,-0.280753
1532402940497640,406.432264,1110.995826,0.000000,0.959523,-0.029222,0.008966,-0.279966
1532402940503834,406.450580,1110.984376,0.000000,0.959641,-0.029226,0.008951,-0.279564
1532402940504844,406.453389,1110.982576,0.000000,0.959656,-0.029223,0.008947,-0.279509
1532402940512460,406.474543,1110.969083,0.000000,0.959775,-0.029205,0.008921,-0.279105
1532402940519759,406.494814,1110.956156,0.000000,0.959888,-0.029187,0.008897,-0.278718
1532402940520339,406.496425,1110.955129,0.000000,0.959897,-0.029185,0.008895,-0.278688
1532402940527893,406.517403,1110.941749,0.000000,0.960014,-0.029158,0.008873,-0.278287
1532402940529006,406.520474,1110.939799,0.000000,0.960032,-0.029154,0.008869,-0.278227
1532402940532220,406.529313,1110.934196,0.000000,0.960083,-0.029146,0.008855,-0.278053
1532402940537525,406.543897,1110.924948,0.000000,0.960167,-0.029134,0.008833,-0.277765
1532402940547423,406.571109,1110.907701,0.000000,0.960321,-0.029115,0.008797,-0.277235
1532402940547432,406.571112,1110.907681,0.000000,0.960323,-0.029115,0.008796,-0.277227
1532402940551293,406.581764,1110.900961,0.000000,0.960379,-0.029109,0.008782,-0.277035
1532402940578888,406.657606,1110.853128,0.000000,0.960790,-0.029084,0.008646,-0.275614
1532402940594766,406.700217,1110.826302,0.000000,0.961017,-0.029082,0.008549,-0.274824
1532402940597728,406.709286,1110.820609,0.000000,0.961068,-0.029076,0.008539,-0.274644
1532402940604844,406.726865,1110.809518,0.000000,0.961157,-0.029087,0.008481,-0.274334
1532402940605021,406.727333,1110.809223,0.000000,0.961159,-0.029087,0.008480,-0.274326
1532402940605383,406.728289,1110.808623,0.000000,0.961164,-0.029087,0.008478,-0.274308
1532402940612460,406.746992,1110.796898,0.000000,0.961262,-0.029092,0.008432,-0.273967
1532402940620339,406.767812,1110.783843,0.000000,0.961371,-0.029098,0.008380,-0.273587
1532402940626924,406.785103,1110.773006,0.000000,0.961459,-0.029097,0.008335,-0.273278
1532402940627893,406.787603,1110.771442,0.000000,0.961471,-0.029096,0.008328,-0.273236
1532402940637525,406.812454,1110.755898,0.000000,0.961589,-0.029114,0.008257,-0.272819
1532402940647423,406.837987,1110.739945,0.000000,0.961713,-0.029025,0.008597,-0.272381
1532402940647502,406.838196,1110.739799,0.000000,0.961712,-0.029137,0.008184,-0.272388
1532402940653924,406.854745,1110.729500,0.000000,0.961792,-0.029024,0.008635,-0.272102
1532402940654844,406.857116,1110.728021,0.000000,0.961803,-0.029027,0.008629,-0.272063
1532402940662460,406.876742,1110.715779,0.000000,0.961894,-0.029059,0.008584,-0.271740
1532402940669790,406.895671,1110.704026,0.000000,0.961982,-0.029098,0.008540,-0.271426
1532402940670339,406.897090,1110.703146,0.000000,0.961988,-0.029102,0.008536,-0.271402
1532402940677220,406.914870,1110.692118,0.000000,0.962071,-0.029152,0.008494,-0.271106
1532402940677893,406.916609,1110.691039,0.000000,0.962079,-0.029156,0.008490,-0.271077
1532402940687525,406.941956,1110.675304,0.000000,0.962196,-0.029227,0.008430,-0.270653
1532402940696958,406.967838,1110.659244,0.000000,0.962316,-0.029304,0.008379,-0.270219
1532402940697260,406.966610,1110.659969,0.000000,0.962310,-0.029299,0.008370,-0.270243
1532402940697423,406.969114,1110.658452,0.000000,0.962322,-0.029308,0.008377,-0.270198
1532402940728915,407.055165,1110.605289,0.000000,0.962720,-0.029432,0.008657,-0.268755
1532402940744820,407.097282,1110.579542,0.000000,0.962932,-0.029600,0.008583,-0.267977
1532402940747597,407.104626,1110.575047,0.000000,0.962969,-0.029634,0.008566,-0.267841
1532402940747730,407.104995,1110.574839,0.000000,0.962969,-0.029629,0.008571,-0.267842
1532402940748688,407.107534,1110.573291,0.000000,0.962981,-0.029639,0.008567,-0.267797
1532402940754844,407.123852,1110.563344,0.000000,0.963058,-0.029713,0.008550,-0.267511
1532402940762460,407.144041,1110.551040,0.000000,0.963154,-0.029806,0.008533,-0.267158
1532402940770339,407.164731,1110.538373,0.000000,0.963250,-0.029903,0.008520,-0.266801
1532402940771634,407.168114,1110.536297,0.000000,0.963266,-0.029920,0.008518,-0.266743
1532402940777893,407.184464,1110.526259,0.000000,0.963341,-0.030002,0.008505,-0.266463
1532402940787525,407.209613,1110.510832,0.000000,0.963456,-0.030117,0.008487,-0.266031
1532402940797343,407.235265,1110.495056,0.000000,0.963574,-0.030230,0.008470,-0.265592
1532402940797423,407.235421,1110.495053,0.000000,0.963575,-0.030240,0.008489,-0.265587
1532402940803951,407.252442,1110.484647,0.000000,0.963653,-0.030322,0.008494,-0.265294
1532402940813923,407.278405,1110.468825,0.000000,0.963770,-0.030448,0.008502,-0.264853
1532402940819838,407.293800,1110.459446,0.000000,0.963840,-0.030524,0.008507,-0.264592
1532402940822307,407.300226,1110.455531,0.000000,0.963869,-0.030553,0.008509,-0.264484
1532402940841376,407.351028,1110.424729,0.000000,0.964092,-0.030703,0.008520,-0.263650
1532402940847141,407.366444,1110.415392,0.000000,0.964159,-0.030757,0.008522,-0.263398
1532402940854844,407.386969,1110.403002,0.000000,0.964249,-0.030764,0.008543,-0.263068
1532402940862460,407.407274,1110.390732,0.000000,0.964338,-0.030767,0.008554,-0.262740
1532402940870339,407.428263,1110.378104,0.000000,0.964433,-0.030749,0.008564,-0.262395
1532402940877893,407.448374,1110.366018,0.000000,0.964525,-0.030701,0.008579,-0.262060
1532402940878982,407.451272,1110.364275,0.000000,0.964538,-0.030694,0.008581,-0.262011
1532402940887525,407.474404,1110.350454,0.000000,0.964646,-0.030633,0.008597,-0.261621
1532402940889879,407.480978,1110.346572,0.000000,0.964678,-0.030613,0.008602,-0.261507
1532402940894131,407.492851,1110.339561,0.000000,0.964735,-0.030570,0.008611,-0.261302
1532402940897284,407.501656,1110.334362,0.000000,0.964777,-0.030539,0.008617,-0.261149
1532402940897423,407.502044,1110.334133,0.000000,0.964779,-0.030537,0.008617,-0.261143
1532402940897432,407.500358,1110.334730,0.000000,0.964764,-0.030559,0.008617,-0.261194
1532402940904844,407.522768,1110.321899,0.000000,0.964878,-0.030462,0.008634,-0.260784
1532402940912460,407.543971,1110.309440,0.000000,0.964979,-0.030384,0.008654,-0.260417
1532402940916559,407.555374,1110.302734,0.000000,0.965034,-0.030342,0.008664,-0.260219
1532402940920339,407.565887,1110.296547,0.000000,0.965084,-0.030303,0.008674,-0.260037
1532402940927893,407.586263,1110.284591,0.000000,0.965183,-0.030219,0.008685,-0.259681
1532402940937839,407.611621,1110.269821,0.000000,0.965307,-0.030105,0.008694,-0.259230
1532402940947213,407.635499,1110.255904,0.000000,0.965424,-0.029998,0.008703,-0.258806
1532402940947423,407.636040,1110.255599,0.000000,0.965425,-0.030002,0.008700,-0.258802
1532402940954133,407.653141,1110.245652,0.000000,0.965505,-0.029938,0.008712,-0.258512
1532402940964165,407.678708,1110.230780,0.000000,0.965624,-0.029850,0.008726,-0.258077
1532402940964862,407.680484,1110.229746,0.000000,0.965632,-0.029844,0.008727,-0.258047
1532402940967334,407.686775,1110.226106,0.000000,0.965661,-0.029823,0.008729,-0.257938
1532402940987109,407.737285,1110.196857,0.000000,0.965900,-0.029680,0.008752,-0.257059
1532402940997560,407.763626,1110.181611,0.000000,0.966023,-0.029609,0.008760,-0.256605
1532402941004844,407.784458,1110.169369,0.000000,0.966129,-0.029595,0.008754,-0.256207
1532402941012460,407.804653,1110.157650,0.000000,0.966223,-0.029566,0.008753,-0.255856
1532402941020339,407.825542,1110.145531,0.000000,0.966320,-0.029536,0.008751,-0.255493
1532402941027893,407.845354,1110.134090,0.000000,0.966411,-0.029507,0.008748,-0.255152
1532402941029011,407.848220,1110.132451,0.000000,0.966424,-0.029502,0.008747,-0.255104
1532402941034031,407.861092,1110.125092,0.000000,0.966482,-0.029484,0.008742,-0.254886
1532402941037525,407.870049,1110.119970,0.000000,0.966522,-0.029472,0.008739,-0.254734
1532402941039226,407.874409,1110.117477,0.000000,0.966542,-0.029466,0.008736,-0.254661
1532402941042330,407.882365,1110.112928,0.000000,0.966578,-0.029452,0.008727,-0.254526
1532402941047319,407.895150,1110.105617,0.000000,0.966635,-0.029438,0.008728,-0.254310
1532402941047423,407.895403,1110.105481,0.000000,0.966635,-0.029430,0.008713,-0.254311
1532402941062230,407.933256,1110.083892,0.000000,0.966797,-0.029375,0.008656,-0.253702
1532402941097098,408.022447,1110.033247,0.000000,0.967168,-0.029181,0.008415,-0.252315
1532402941104063,408.040978,1110.023455,0.000000,0.967252,-0.029140,0.008354,-0.252002
1532402941104844,408.043004,1110.022335,0.000000,0.967261,-0.029135,0.008347,-0.251969
1532402941109224,408.054350,1110.016079,0.000000,0.967307,-0.029109,0.008305,-0.251794
1532402941109939,408.056203,1110.015058,0.000000,0.967315,-0.029105,0.008299,-0.251765
1532402941112377,408.062518,1110.011576,0.000000,0.967341,-0.029090,0.008276,-0.251668
1532402941112460,408.062733,1110.011458,0.000000,0.967342,-0.029089,0.008275,-0.251665
1532402941120339,408.083144,1110.000205,0.000000,0.967426,-0.029042,0.008201,-0.251349
1532402941127893,408.102790,1109.989291,0.000000,0.967502,-0.028987,0.008123,-0.251063
1532402941131982,408.113480,1109.983295,0.000000,0.967541,-0.028951,0.008077,-0.250920
1532402941137525,408.127970,1109.975167,0.000000,0.967593,-0.028901,0.008014,-0.250727
1532402941147372,408.153707,1109.960732,0.000000,0.967686,-0.028813,0.007902,-0.250383
1532402941147423,408.153822,1109.960674,0.000000,0.967685,-0.028806,0.007887,-0.250386
1532402941154844,408.173154,1109.949850,0.000000,0.967751,-0.028734,0.007785,-0.250142
1532402941162460,408.192991,1109.938739,0.000000,0.967819,-0.028659,0.007676,-0.249891
1532402941170339,408.213502,1109.927296,0.000000,0.967891,-0.028583,0.007561,-0.249626
1532402941177893,408.233157,1109.916340,0.000000,0.967960,-0.028523,0.007448,-0.249369
1532402941179056,408.236182,1109.914652,0.000000,0.967970,-0.028514,0.007431,-0.249329
1532402941179986,408.238601,1109.913303,0.000000,0.967979,-0.028507,0.007417,-0.249298
1532402941184241,408.249668,1109.907128,0.000000,0.968018,-0.028472,0.007356,-0.249153
1532402941187353,408.257335,1109.902912,0.000000,0.968047,-0.028447,0.007312,-0.249042
1532402941187525,408.257756,1109.902681,0.000000,0.968049,-0.028445,0.007309,-0.249036
1532402941197166,408.283270,1109.888358,0.000000,0.968135,-0.028366,0.007173,-0.248713
1532402941197423,408.281984,1109.889382,0.000000,0.968146,-0.028290,0.007539,-0.248670
1532402941207158,408.305829,1109.876304,0.000000,0.968239,-0.028209,0.007547,-0.248314
1532402941247482,408.404703,1109.822346,0.000000,0.968639,-0.028048,0.007026,-0.246783
1532402941254138,408.421573,1109.813029,0.000000,0.968715,-0.027929,0.007465,-0.246488
1532402941254317,408.422022,1109.812782,0.000000,0.968717,-0.027929,0.007464,-0.246480
1532402941254844,408.423344,1109.812055,0.000000,0.968722,-0.027928,0.007459,-0.246459
1532402941255058,408.423880,1109.811760,0.000000,0.968724,-0.027928,0.007457,-0.246450
1532402941257367,408.429672,1109.808576,0.000000,0.968749,-0.027925,0.007436,-0.246355
1532402941262460,408.442447,1109.801551,0.000000,0.968803,-0.027919,0.007393,-0.246145
1532402941270339,408.462188,1109.790733,0.000000,0.968888,-0.027911,0.007327,-0.245811
1532402941276763,408.478270,1109.781928,0.000000,0.968959,-0.027902,0.007276,-0.245534
1532402941277893,408.481098,1109.780379,0.000000,0.968971,-0.027901,0.007267,-0.245485
1532402941287525,408.504640,1109.767496,0.000000,0.969074,-0.027882,0.007196,-0.245083
1532402941297218,408.529446,1109.753867,0.000000,0.969184,-0.027861,0.007125,-0.244653
1532402941297423,408.527634,1109.754943,0.000000,0.969173,-0.027859,0.007134,-0.244697
1532402941329196,408.602338,1109.714315,0.000000,0.969502,-0.027652,0.007397,-0.243406
1532402941329388,408.602827,1109.714051,0.000000,0.969504,-0.027652,0.007396,-0.243397
1532402941329663,408.603528,1109.713674,0.000000,0.969508,-0.027651,0.007394,-0.243384
1532402941332481,408.610711,1109.709807,0.000000,0.969541,-0.027642,0.007378,-0.243251
1532402941347545,408.649081,1109.689138,0.000000,0.969721,-0.027595,0.007293,-0.242540
1532402941352054,408.660551,1109.682991,0.000000,0.969773,-0.027549,0.007261,-0.242339
1532402941354844,408.667650,1109.679178,0.000000,0.969806,-0.027530,0.007244,-0.242212
1532402941362460,408.687029,1109.668773,0.000000,0.969894,-0.027478,0.007197,-0.241865
1532402941370339,408.707065,1109.658051,0.000000,0.969984,-0.027421,0.007148,-0.241510
1532402941377893,408.726268,1109.647791,0.000000,0.970071,-0.027357,0.007090,-0.241171
1532402941387525,408.750990,1109.634583,0.000000,0.970180,-0.027276,0.007023,-0.240743
1532402941397329,408.775677,1109.621395,0.000000,0.970293,-0.027201,0.006957,-0.240299
1532402941397423,408.777252,1109.620555,0.000000,0.970289,-0.027200,0.006957,-0.240315
1532402941399313,408.782267,1109.617877,0.000000,0.970310,-0.027185,0.006945,-0.240233
1532402941400109,408.784379,1109.616749,0.000000,0.970318,-0.027179,0.006940,-0.240199
1532402941404844,408.796942,1109.610040,0.000000,0.970370,-0.027151,0.006909,-0.239994
1532402941405964,408.799903,1109.608463,0.000000,0.970382,-0.027144,0.006902,-0.239948
1532402941407642,408.804333,1109.606107,0.000000,0.970399,-0.027134,0.006892,-0.239879
1532402941412460,408.817055,1109.599340,0.000000,0.970449,-0.027106,0.006862,-0.239682
1532402941420339,408.837858,1109.588274,0.000000,0.970530,-0.027059,0.006812,-0.239359
1532402941422049,408.842373,1109.585872,0.000000,0.970548,-0.027049,0.006802,-0.239289
1532402941427893,408.856794,1109.578186,0.000000,0.970604,-0.027011,0.006769,-0.239067
1532402941437525,408.878619,1109.566524,0.000000,0.970687,-0.026969,0.006718,-0.238734
1532402941447078,408.900262,1109.554962,0.000000,0.970770,-0.026933,0.006667,-0.238404
1532402941447423,408.901066,1109.554539,0.000000,0.970771,-0.026951,0.006679,-0.238396
1532402941474453,408.962570,1109.521794,0.000000,0.970986,-0.026965,0.006806,-0.237515
1532402941475055,408.963939,1109.521066,0.000000,0.970990,-0.026963,0.006826,-0.237495
1532402941479178,408.973320,1109.516081,0.000000,0.971023,-0.026950,0.006968,-0.237360
1532402941482995,408.982004,1109.511464,0.000000,0.971052,-0.026958,0.007011,-0.237237
1532402941496837,409.015434,1109.493904,0.000000,0.971169,-0.027056,0.006983,-0.236747
1532402941497430,409.014833,1109.493997,0.000000,0.971162,-0.027061,0.006983,-0.236778
1532402941504844,409.034974,1109.483663,0.000000,0.971238,-0.027127,0.006967,-0.236458
1532402941512460,409.053582,1109.473945,0.000000,0.971300,-0.027199,0.006952,-0.236197
1532402941520339,409.072832,1109.463891,0.000000,0.971363,-0.027273,0.006937,-0.235928
1532402941527893,409.091316,1109.454215,0.000000,0.971423,-0.027322,0.006921,-0.235674
1532402941537525,409.115052,1109.441679,0.000000,0.971494,-0.027402,0.006907,-0.235375
1532402941544627,409.132544,1109.432439,0.000000,0.971545,-0.027474,0.006908,-0.235154
1532402941547170,409.138805,1109.429131,0.000000,0.971563,-0.027500,0.006909,-0.235075
1532402941547423,409.139428,1109.428812,0.000000,0.971564,-0.027503,0.006909,-0.235073
1532402941550102,409.146024,1109.425338,0.000000,0.971582,-0.027528,0.006908,-0.234997
1532402941552298,409.151431,1109.422490,0.000000,0.971596,-0.027548,0.006905,-0.234934
1532402941559198,409.168419,1109.413542,0.000000,0.971643,-0.027611,0.006897,-0.234736
1532402941568452,409.191199,1109.401565,0.000000,0.971705,-0.027691,0.006895,-0.234469
1532402941597495,409.262653,1109.364080,0.000000,0.971901,-0.027885,0.006821,-0.233631
1532402941604844,409.282241,1109.354110,0.000000,0.971978,-0.027922,0.006793,-0.233307
1532402941612460,409.301501,1109.344144,0.000000,0.972040,-0.027957,0.006766,-0.233048
1532402941619371,409.318974,1109.335104,0.000000,0.972095,-0.027989,0.006742,-0.232814
1532402941620118,409.320863,1109.334127,0.000000,0.972101,-0.027993,0.006739,-0.232789
1532402941620339,409.321421,1109.333838,0.000000,0.972103,-0.027994,0.006738,-0.232782
1532402941627789,409.340230,1109.324127,0.000000,0.972163,-0.028010,0.006709,-0.232528
1532402941627893,409.340492,1109.323993,0.000000,0.972164,-0.028010,0.006708,-0.232525
1532402941634228,409.356453,1109.315777,0.000000,0.972216,-0.028017,0.006673,-0.232308
1532402941637525,409.364758,1109.311501,0.000000,0.972243,-0.028022,0.006654,-0.232196
1532402941641483,409.374726,1109.306370,0.000000,0.972276,-0.027994,0.006761,-0.232057
1532402941647248,409.389242,1109.298896,0.000000,0.972322,-0.028036,0.006598,-0.231864
1532402941647423,409.389235,1109.298891,0.000000,0.972322,-0.027932,0.006991,-0.231864
1532402941654844,409.406640,1109.289903,0.000000,0.972372,-0.027910,0.006985,-0.231658
1532402941662460,409.424500,1109.280676,0.000000,0.972422,-0.027893,0.006921,-0.231449
1532402941670339,409.442955,1109.271167,0.000000,0.972476,-0.027871,0.006851,-0.231228
1532402941677893,409.460634,1109.262063,0.000000,0.972528,-0.027848,0.006780,-0.231014
1532402941687525,409.483315,1109.250430,0.000000,0.972598,-0.027814,0.006685,-0.230725
1532402941689382,409.487753,1109.248178,0.000000,0.972614,-0.027807,0.006665,-0.230663
1532402941695208,409.501674,1109.241114,0.000000,0.972661,-0.027788,0.006594,-0.230466
1532402941697423,409.506967,1109.238429,0.000000,0.972679,-0.027781,0.006567,-0.230392
1532402941697582,409.507410,1109.238154,0.000000,0.972696,-0.027781,0.006564,-0.230320
1532402941697955,409.508238,1109.237784,0.000000,0.972683,-0.027779,0.006561,-0.230374
1532402941709244,409.535177,1109.224128,0.000000,0.972776,-0.027701,0.006596,-0.229990
1532402941716562,409.552594,1109.215312,0.000000,0.972836,-0.027642,0.006653,-0.229742
1532402941747326,409.622739,1109.179912,0.000000,0.973058,-0.027516,0.006367,-0.228824
1532402941754844,409.639540,1109.171457,0.000000,0.973109,-0.027431,0.006512,-0.228615
1532402941762460,409.656575,1109.162878,0.000000,0.973160,-0.027367,0.006542,-0.228403
1532402941764403,409.660921,1109.160690,0.000000,0.973173,-0.027359,0.006512,-0.228351
1532402941770170,409.673891,1109.154184,0.000000,0.973211,-0.027336,0.006421,-0.228194
1532402941770339,409.674272,1109.153994,0.000000,0.973212,-0.027336,0.006419,-0.228189
1532402941772767,409.679735,1109.151254,0.000000,0.973228,-0.027328,0.006381,-0.228123
1532402941777893,409.691269,1109.145469,0.000000,0.973261,-0.027313,0.006301,-0.227984
1532402941784290,409.705662,1109.138248,0.000000,0.973305,-0.027252,0.006381,-0.227804
1532402941787384,409.712641,1109.134782,0.000000,0.973328,-0.027208,0.006479,-0.227706
1532402941787525,409.712960,1109.134624,0.000000,0.973329,-0.027206,0.006484,-0.227702
1532402941797423,409.735308,1109.123569,0.000000,0.973404,-0.027185,0.006363,-0.227389
1532402941797653,409.735720,1109.123158,0.000000,0.973393,-0.027185,0.006360,-0.227435
1532402941834503,409.820146,1109.081692,0.000000,0.973674,-0.026987,0.006516,-0.226248
1532402941840182,409.833593,1109.075064,0.000000,0.973714,-0.026990,0.006427,-0.226076
1532402941847220,409.850248,1109.066857,0.000000,0.973763,-0.026997,0.006321,-0.225868
1532402941847414,409.850711,1109.066626,0.000000,0.973766,-0.026990,0.006311,-0.225858
1532402941854844,409.868274,1109.057983,0.000000,0.973814,-0.027008,0.006204,-0.225653
1532402941857484,409.874517,1109.054911,0.000000,0.973831,-0.027012,0.006163,-0.225579
1532402941858510,409.876943,1109.053717,0.000000,0.973838,-0.027013,0.006151,-0.225550
1532402941862460,409.886282,1109.049120,0.000000,0.973864,-0.026988,0.006226,-0.225435
1532402941870339,409.904944,1109.039958,0.000000,0.973916,-0.026955,0.006312,-0.225214
1532402941877893,409.922844,1109.031179,0.000000,0.973963,-0.026972,0.006207,-0.225009
1532402941887526,409.946018,1109.019799,0.000000,0.974023,-0.026927,0.006365,-0.224754
1532402941897423,409.970905,1109.007532,0.000000,0.974072,-0.026937,0.006275,-0.224539
1532402941897736,409.969855,1109.008128,0.000000,0.974090,-0.026938,0.006270,-0.224462
1532402941904844,409.989566,1108.998336,0.000000,0.974110,-0.026943,0.006187,-0.224379
1532402941909472,410.001154,1108.992645,0.000000,0.974131,-0.026946,0.006131,-0.224286
1532402941912460,410.008635,1108.988970,0.000000,0.974146,-0.026948,0.006095,-0.224226
1532402941914207,410.013008,1108.986820,0.000000,0.974154,-0.026949,0.006074,-0.224190
1532402941917861,410.022154,1108.982324,0.000000,0.974171,-0.026952,0.006031,-0.224117
1532402941920339,410.028355,1108.979274,0.000000,0.974182,-0.026954,0.006001,-0.224067
1532402941927893,410.047210,1108.970027,0.000000,0.974221,-0.026879,0.006227,-0.223903
1532402941932505,410.058676,1108.964432,0.000000,0.974243,-0.026877,0.006180,-0.223806
1532402941933551,410.061276,1108.963163,0.000000,0.974249,-0.026877,0.006169,-0.223784
1532402941937525,410.071154,1108.958343,0.000000,0.974268,-0.026876,0.006129,-0.223700
1532402941947423,410.095725,1108.946352,0.000000,0.974317,-0.026804,0.006319,-0.223490
1532402941947524,410.095997,1108.946218,0.000000,0.974319,-0.026803,0.006321,-0.223481
1532402941979489,410.174977,1108.907734,0.000000,0.974456,-0.026678,0.006189,-0.222901
1532402941990280,410.200456,1108.895343,0.000000,0.974498,-0.026628,0.006164,-0.222727
1532402941992291,410.204985,1108.893142,0.000000,0.974504,-0.026619,0.006162,-0.222698
1532402941997271,410.218846,1108.886391,0.000000,0.974532,-0.026596,0.006144,-0.222580
1532402942004844,410.233256,1108.879397,0.000000,0.974546,-0.026566,0.006160,-0.222521
1532402942007526,410.239300,1108.876465,0.000000,0.974555,-0.026555,0.006162,-0.222483
1532402942012460,410.250418,1108.871072,0.000000,0.974572,-0.026535,0.006166,-0.222414
1532402942013787,410.253407,1108.869622,0.000000,0.974576,-0.026530,0.006167,-0.222396
1532402942020339,410.268168,1108.862457,0.000000,0.974598,-0.026503,0.006172,-0.222304
1532402942027893,410.285297,1108.854188,0.000000,0.974624,-0.026468,0.006173,-0.222192
1532402942037525,410.307401,1108.843634,0.000000,0.974661,-0.026428,0.006182,-0.222033
1532402942047423,410.330113,1108.832795,0.000000,0.974699,-0.026392,0.006209,-0.221870
1532402942047598,410.330518,1108.832601,0.000000,0.974700,-0.026391,0.006210,-0.221865
1532402942054925,410.347321,1108.824587,0.000000,0.974727,-0.026371,0.006234,-0.221751
1532402942060240,410.359513,1108.818772,0.000000,0.974746,-0.026359,0.006252,-0.221666
1532402942067094,410.375229,1108.811280,0.000000,0.974771,-0.026344,0.006279,-0.221558
1532402942077558,410.399201,1108.799867,0.000000,0.974808,-0.026353,0.006320,-0.221393
1532402942083908,410.413748,1108.792941,0.000000,0.974830,-0.026361,0.006345,-0.221293
1532402942098286,410.446687,1108.777258,0.000000,0.974881,-0.026395,0.006404,-0.221066
1532402942104844,410.461546,1108.770148,0.000000,0.974909,-0.026414,0.006432,-0.220937
1532402942112460,410.478899,1108.761887,0.000000,0.974937,-0.026436,0.006464,-0.220810
1532402942120339,410.496850,1108.753341,0.000000,0.974966,-0.026459,0.006498,-0.220680
1532402942123815,410.504769,1108.749570,0.000000,0.974978,-0.026470,0.006511,-0.220622
1532402942127893,410.513734,1108.745244,0.000000,0.974990,-0.026482,0.006524,-0.220568
1532402942135149,410.529500,1108.737604,0.000000,0.975009,-0.026526,0.006550,-0.220480
1532402942137525,410.534662,1108.735102,0.000000,0.975015,-0.026541,0.006558,-0.220452
1532402942137617,410.534862,1108.735005,0.000000,0.975015,-0.026542,0.006559,-0.220451
1532402942147423,410.556181,1108.724678,0.000000,0.975039,-0.026601,0.006571,-0.220334
1532402942147686,410.556740,1108.724403,0.000000,0.975041,-0.026602,0.006571,-0.220329
1532402942152574,410.567393,1108.719249,0.000000,0.975052,-0.026637,0.006573,-0.220276
1532402942154844,410.572334,1108.716856,0.000000,0.975057,-0.026653,0.006574,-0.220250
1532402942158852,410.581058,1108.712632,0.000000,0.975066,-0.026682,0.006575,-0.220205
1532402942162460,410.588911,1108.708828,0.000000,0.975075,-0.026712,0.006572,-0.220164
1532402942170339,410.606058,1108.700533,0.000000,0.975093,-0.026775,0.006564,-0.220077
1532402942177893,410.622497,1108.692584,0.000000,0.975110,-0.026825,0.006545,-0.219994
1532402942187525,410.644167,1108.682091,0.000000,0.975132,-0.026893,0.006505,-0.219890
1532402942197423,410.667943,1108.670552,0.000000,0.975154,-0.026946,0.006467,-0.219790
1532402942197463,410.665082,1108.671986,0.000000,0.975156,-0.026947,0.006466,-0.219779
1532402942199578,410.673120,1108.668040,0.000000,0.975158,-0.026957,0.006459,-0.219768
1532402942210302,410.698828,1108.655574,0.000000,0.975181,-0.027006,0.006420,-0.219664
1532402942212134,410.703211,1108.653450,0.000000,0.975184,-0.027014,0.006414,-0.219647
1532402942222606,410.728258,1108.641312,0.000000,0.975205,-0.027062,0.006376,-0.219552
1532402942234409,410.756270,1108.627837,0.000000,0.975230,-0.027098,0.006311,-0.219435
1532402942247255,410.786656,1108.613269,0.000000,0.975260,-0.027130,0.006244,-0.219303
1532402942254844,410.804521,1108.604716,0.000000,0.975275,-0.027130,0.006207,-0.219236
1532402942262460,410.822469,1108.596120,0.000000,0.975291,-0.027128,0.006171,-0.219166
1532402942270339,410.840985,1108.587262,0.000000,0.975307,-0.027117,0.006136,-0.219096
1532402942274575,410.850929,1108.582506,0.000000,0.975316,-0.027106,0.006117,-0.219060
1532402942277893,410.858718,1108.578782,0.000000,0.975323,-0.027096,0.006102,-0.219031
1532402942282981,410.870662,1108.573070,0.000000,0.975333,-0.027084,0.006072,-0.218987
1532402942287525,410.881225,1108.568119,0.000000,0.975344,-0.027073,0.006045,-0.218941
1532402942297423,410.904104,1108.557522,0.000000,0.975372,-0.026973,0.006265,-0.218823
1532402942297533,410.904823,1108.556733,0.000000,0.975365,-0.026972,0.006268,-0.218854
1532402942297641,410.904608,1108.557289,0.000000,0.975372,-0.026971,0.006270,-0.218820
1532402942314451,410.943386,1108.539369,0.000000,0.975416,-0.026890,0.006205,-0.218639
1532402942345800,411.013364,1108.506836,0.000000,0.975485,-0.026755,0.006051,-0.218349
1532402942347296,411.016651,1108.505302,0.000000,0.975489,-0.026746,0.006043,-0.218335
1532402942354844,411.033211,1108.497567,0.000000,0.975504,-0.026688,0.005999,-0.218276
1532402942355167,411.033919,1108.497236,0.000000,0.975504,-0.026686,0.005997,-0.218273
1532402942359490,411.043406,1108.492805,0.000000,0.975513,-0.026649,0.005968,-0.218239
1532402942362460,411.049924,1108.489761,0.000000,0.975519,-0.026619,0.005941,-0.218215
1532402942370339,411.067228,1108.481685,0.000000,0.975537,-0.026523,0.005923,-0.218151
1532402942372700,411.072414,1108.479265,0.000000,0.975542,-0.026479,0.005962,-0.218131
1532402942377893,411.083822,1108.473941,0.000000,0.975554,-0.026382,0.006048,-0.218086
1532402942387525,411.104909,1108.464057,0.000000,0.975576,-0.026242,0.005946,-0.218007
1532402942390354,411.111050,1108.461147,0.000000,0.975583,-0.026194,0.005905,-0.217982
1532402942397423,411.126393,1108.453877,0.000000,0.975601,-0.026068,0.005796,-0.217920
1532402942397615,411.127144,1108.453719,0.000000,0.975599,-0.026064,0.005794,-0.217931
1532402942404844,411.142501,1108.446245,0.000000,0.975621,-0.025914,0.005748,-0.217853
1532402942414049,411.162483,1108.436789,0.000000,0.975645,-0.025720,0.005698,-0.217767
1532402942420339,411.176136,1108.430327,0.000000,0.975662,-0.025588,0.005663,-0.217707
1532402942427893,411.192361,1108.422589,0.000000,0.975682,-0.025373,0.005809,-0.217639
1532402942430066,411.196969,1108.420371,0.000000,0.975687,-0.025321,0.005764,-0.217624
1532402942433035,411.203264,1108.417342,0.000000,0.975694,-0.025250,0.005700,-0.217604
1532402942437525,411.212784,1108.412760,0.000000,0.975704,-0.025142,0.005603,-0.217574
1532402942442328,411.222968,1108.407859,0.000000,0.975715,-0.025003,0.005593,-0.217540
1532402942447396,411.233714,1108.402687,0.000000,0.975727,-0.024852,0.005599,-0.217503
1532402942447423,411.233795,1108.402653,0.000000,0.975727,-0.024851,0.005599,-0.217503
1532402942464509,411.270153,1108.385174,0.000000,0.975765,-0.024402,0.005353,-0.217389
1532402942488830,411.322941,1108.359868,0.000000,0.975818,-0.023751,0.005313,-0.217225
1532402942497704,411.340701,1108.351252,0.000000,0.975833,-0.023620,0.005134,-0.217175
1532402942500399,411.350612,1108.346777,0.000000,0.975841,-0.023580,0.005079,-0.217145
1532402942502506,411.355651,1108.344393,0.000000,0.975846,-0.023549,0.005052,-0.217130
1532402942505271,411.362265,1108.341265,0.000000,0.975851,-0.023509,0.005029,-0.217110
1532402942512460,411.379435,1108.333142,0.000000,0.975861,-0.023405,0.004968,-0.217077
1532402942517210,411.390779,1108.327776,0.000000,0.975868,-0.023336,0.004927,-0.217055
1532402942520339,411.398253,1108.324241,0.000000,0.975872,-0.023291,0.004901,-0.217041
1532402942527893,411.415587,1108.315994,0.000000,0.975884,-0.023137,0.005096,-0.216998
1532402942537830,411.437175,1108.305635,0.000000,0.975898,-0.023067,0.005040,-0.216948
1532402942539516,411.440838,1108.303878,0.000000,0.975900,-0.023060,0.005026,-0.216940
1532402942547503,411.458190,1108.295553,0.000000,0.975910,-0.023035,0.005096,-0.216896
1532402942550249,411.464134,1108.292699,0.000000,0.975911,-0.023032,0.005124,-0.216891
1532402942559096,411.483318,1108.283493,0.000000,0.975917,-0.023047,0.005237,-0.216859
1532402942575137,411.518096,1108.266807,0.000000,0.975924,-0.023176,0.005284,-0.216813
1532402942578169,411.524670,1108.263654,0.000000,0.975925,-0.023207,0.005298,-0.216805
1532402942587761,411.545440,1108.253717,0.000000,0.975926,-0.023316,0.005356,-0.216785
1532402942597788,411.567151,1108.243393,0.000000,0.975924,-0.023442,0.005460,-0.216777
1532402942604844,411.582321,1108.236184,0.000000,0.975925,-0.023532,0.005548,-0.216763
1532402942612460,411.598653,1108.228400,0.000000,0.975923,-0.023630,0.005656,-0.216756
1532402942614553,411.603128,1108.226264,0.000000,0.975923,-0.023657,0.005685,-0.216754
1532402942620339,411.615497,1108.220359,0.000000,0.975922,-0.023732,0.005767,-0.216749
1532402942627893,411.631569,1108.212676,0.000000,0.975922,-0.023817,0.005875,-0.216735
1532402942634121,411.644743,1108.206370,0.000000,0.975924,-0.023890,0.005977,-0.216717
1532402942637525,411.651943,1108.202923,0.000000,0.975925,-0.023932,0.006034,-0.216707
1532402942647423,411.672858,1108.192907,0.000000,0.975927,-0.024044,0.006223,-0.216678
1532402942647573,411.673196,1108.192748,0.000000,0.975927,-0.024054,0.006201,-0.216678
1532402942647975,411.674021,1108.192350,0.000000,0.975927,-0.024050,0.006233,-0.216676
1532402942650480,411.679295,1108.189821,0.000000,0.975928,-0.024074,0.006283,-0.216668
1532402942654844,411.688483,1108.185416,0.000000,0.975930,-0.024112,0.006369,-0.216655
1532402942661940,411.703422,1108.178251,0.000000,0.975932,-0.024167,0.006510,-0.216632
1532402942662460,411.704517,1108.177726,0.000000,0.975933,-0.024171,0.006520,-0.216631
1532402942670339,411.721148,1108.169768,0.000000,0.975938,-0.024222,0.006675,-0.216596
1532402942677893,411.737107,1108.162137,0.000000,0.975944,-0.024255,0.006824,-0.216560
1532402942687525,411.757236,1108.152544,0.000000,0.975954,-0.024293,0.007011,-0.216507
1532402942689662,411.761559,1108.150509,0.000000,0.975957,-0.024300,0.007051,-0.216490
1532402942697423,411.777258,1108.143117,0.000000,0.975969,-0.024311,0.007184,-0.216431
1532402942697870,411.779300,1108.141944,0.000000,0.975961,-0.024333,0.007211,-0.216464
1532402942709715,411.802180,1108.131387,0.000000,0.975989,-0.024318,0.007396,-0.216331
1532402942720488,411.824093,1108.121083,0.000000,0.976009,-0.024321,0.007582,-0.216236
1532402942723285,411.829782,1108.118408,0.000000,0.976014,-0.024321,0.007631,-0.216211
1532402942732516,411.849642,1108.108915,0.000000,0.976025,-0.024325,0.007781,-0.216155
1532402942747644,411.882482,1108.093175,0.000000,0.976041,-0.024359,0.008007,-0.216068
1532402942754844,411.898121,1108.085701,0.000000,0.976049,-0.024411,0.008099,-0.216026
1532402942762460,411.914659,1108.077788,0.000000,0.976057,-0.024455,0.008199,-0.215981
1532402942764624,411.919358,1108.075540,0.000000,0.976059,-0.024469,0.008229,-0.215968
1532402942770339,411.931752,1108.069612,0.000000,0.976064,-0.024510,0.008305,-0.215937
1532402942777893,411.948132,1108.061776,0.000000,0.976071,-0.024582,0.008395,-0.215897
1532402942779111,411.950773,1108.060513,0.000000,0.976072,-0.024594,0.008410,-0.215891
1532402942787525,411.968803,1108.051958,0.000000,0.976080,-0.024674,0.008509,-0.215839
1532402942795138,411.984655,1108.044592,0.000000,0.976090,-0.024752,0.008589,-0.215780
1532402942797402,411.990431,1108.041536,0.000000,0.976087,-0.024769,0.008627,-0.215793
1532402942797423,411.989412,1108.042381,0.000000,0.976094,-0.024776,0.008613,-0.215762
1532402942798234,411.991101,1108.041597,0.000000,0.976095,-0.024784,0.008621,-0.215755
1532402942807681,412.010787,1108.032452,0.000000,0.976107,-0.024881,0.008717,-0.215685
1532402942839626,412.077765,1108.001315,0.000000,0.976132,-0.025202,0.009014,-0.215523
1532402942847727,412.094840,1107.993369,0.000000,0.976136,-0.025271,0.009077,-0.215496
1532402942849204,412.097965,1107.991915,0.000000,0.976134,-0.025284,0.009089,-0.215498
1532402942854844,412.109868,1107.986376,0.000000,0.976135,-0.025322,0.009123,-0.215489
1532402942862460,412.125941,1107.978899,0.000000,0.976136,-0.025371,0.009166,-0.215476
1532402942868129,412.137917,1107.973326,0.000000,0.976135,-0.025404,0.009197,-0.215476
1532402942870339,412.142588,1107.971152,0.000000,0.976135,-0.025412,0.009208,-0.215477
1532402942870512,412.142954,1107.970982,0.000000,0.976135,-0.025412,0.009209,-0.215478
1532402942877639,412.158018,1107.963972,0.000000,0.976133,-0.025425,0.009243,-0.215483
1532402942877893,412.158555,1107.963722,0.000000,0.976133,-0.025425,0.009244,-0.215483
1532402942887525,412.179006,1107.954185,0.000000,0.976129,-0.025444,0.009288,-0.215497
1532402942897423,412.200241,1107.944231,0.000000,0.976122,-0.025437,0.009315,-0.215529
1532402942897556,412.200114,1107.944389,0.000000,0.976128,-0.025465,0.009331,-0.215498
1532402942904844,412.216162,1107.936769,0.000000,0.976116,-0.025427,0.009330,-0.215553
1532402942912460,412.232499,1107.929110,0.000000,0.976109,-0.025417,0.009344,-0.215588
1532402942914783,412.237482,1107.926773,0.000000,0.976106,-0.025414,0.009348,-0.215599
1532402942920339,412.249401,1107.921185,0.000000,0.976101,-0.025406,0.009358,-0.215625
1532402942924052,412.257365,1107.917451,0.000000,0.976097,-0.025399,0.009365,-0.215642
1532402942927893,412.265755,1107.913528,0.000000,0.976095,-0.025386,0.009372,-0.215654
1532402942937525,412.287101,1107.903569,0.000000,0.976092,-0.025341,0.009379,-0.215673
1532402942940554,412.293814,1107.900438,0.000000,0.976091,-0.025323,0.009377,-0.215679
1532402942943100,412.299456,1107.897806,0.000000,0.976090,-0.025306,0.009372,-0.215684
1532402942947423,412.309018,1107.893345,0.000000,0.976089,-0.025276,0.009363,-0.215694
1532402942947827,412.309932,1107.892919,0.000000,0.976089,-0.025292,0.009385,-0.215692
1532402942952781,412.320858,1107.887822,0.000000,0.976087,-0.025232,0.009354,-0.215709
1532402942989698,412.402714,1107.849590,0.000000,0.976078,-0.024874,0.009249,-0.215796
1532402942994187,412.413005,1107.844743,0.000000,0.976078,-0.024824,0.009237,-0.215802
1532402942997577,412.420800,1107.841071,0.000000,0.976072,-0.024786,0.009228,-0.215834
1532402943004844,412.437434,1107.833236,0.000000,0.976078,-0.024702,0.009209,-0.215817
1532402943012460,412.454819,1107.825050,0.000000,0.976081,-0.024614,0.009192,-0.215813
1532402943013230,412.456577,1107.824222,0.000000,0.976081,-0.024605,0.009190,-0.215813
1532402943015364,412.461447,1107.821929,0.000000,0.976082,-0.024580,0.009185,-0.215812
1532402943020339,412.472802,1107.816581,0.000000,0.976084,-0.024522,0.009173,-0.215809
1532402943021986,412.476561,1107.814811,0.000000,0.976085,-0.024503,0.009170,-0.215809
1532402943027898,412.489722,1107.808641,0.000000,0.976088,-0.024425,0.009148,-0.215806
1532402943037525,412.510542,1107.798931,0.000000,0.976092,-0.024290,0.009121,-0.215803
1532402943047423,412.531937,1107.788953,0.000000,0.976098,-0.024143,0.009096,-0.215796
1532402943047919,412.533019,1107.788445,0.000000,0.976097,-0.024136,0.009095,-0.215799
1532402943064699,412.569214,1107.771571,0.000000,0.976112,-0.023885,0.009075,-0.215762
1532402943069483,412.579527,1107.766767,0.000000,0.976117,-0.023814,0.009072,-0.215745
1532402943088418,412.620023,1107.747855,0.000000,0.976138,-0.023537,0.009070,-0.215681
1532402943090602,412.624553,1107.745720,0.000000,0.976140,-0.023509,0.009073,-0.215675
1532402943097101,412.638032,1107.739366,0.000000,0.976145,-0.023427,0.009085,-0.215660
1532402943097670,412.640275,1107.738453,0.000000,0.976149,-0.023420,0.009086,-0.215641
1532402943104844,412.654090,1107.731794,0.000000,0.976151,-0.023334,0.009103,-0.215641
1532402943112460,412.669909,1107.724345,0.000000,0.976159,-0.023245,0.009124,-0.215617
1532402943120339,412.686272,1107.716637,0.000000,0.976166,-0.023153,0.009146,-0.215592
1532402943127893,412.702029,1107.709216,0.000000,0.976174,-0.023066,0.009165,-0.215563
1532402943138973,412.725315,1107.698258,0.000000,0.976189,-0.022962,0.009207,-0.215505
1532402943139711,412.726866,1107.697528,0.000000,0.976190,-0.022957,0.009211,-0.215501
1532402943147423,412.743073,1107.689902,0.000000,0.976200,-0.022902,0.009253,-0.215460
1532402943147983,412.744250,1107.689347,0.000000,0.976201,-0.022898,0.009256,-0.215457
1532402943154844,412.758666,1107.682566,0.000000,0.976209,-0.022864,0.009296,-0.215422
1532402943158396,412.766130,1107.679056,0.000000,0.976213,-0.022848,0.009317,-0.215403
1532402943160585,412.770729,1107.676892,0.000000,0.976216,-0.022842,0.009331,-0.215391
1532402943162460,412.774669,1107.675039,0.000000,0.976218,-0.022838,0.009343,-0.215381
1532402943166941,412.784089,1107.670610,0.000000,0.976223,-0.022828,0.009371,-0.215361
1532402943170339,412.791235,1107.667252,0.000000,0.976225,-0.022824,0.009395,-0.215348
1532402943177893,412.807120,1107.659786,0.000000,0.976231,-0.022825,0.009457,-0.215318
1532402943187525,412.827466,1107.650220,0.000000,0.976239,-0.022833,0.009531,-0.215281
1532402943197423,412.848692,1107.640222,0.000000,0.976246,-0.022860,0.009622,-0.215242
1532402943197769,412.848918,1107.640147,0.000000,0.976246,-0.022861,0.009625,-0.215240
1532402943214373,412.885015,1107.623116,0.000000,0.976256,-0.022910,0.009768,-0.215186
1532402943214745,412.885812,1107.622740,0.000000,0.976256,-0.022911,0.009772,-0.215185
1532402943233253,412.925279,1107.604221,0.000000,0.976258,-0.022974,0.009934,-0.215162
1532402943235115,412.929224,1107.602380,0.000000,0.976257,-0.022982,0.009952,-0.215164
1532402943242765,412.945432,1107.594815,0.000000,0.976253,-0.023020,0.010026,-0.215174
1532402943247532,412.955531,1107.590101,0.000000,0.976251,-0.023046,0.010071,-0.215180
1532402943254844,412.971014,1107.582878,0.000000,0.976245,-0.023086,0.010135,-0.215198
1532402943262460,412.987143,1107.575353,0.000000,0.976240,-0.023127,0.010198,-0.215214
1532402943270339,413.003815,1107.567572,0.000000,0.976233,-0.023166,0.010260,-0.215238
1532402943277893,413.019792,1107.560114,0.000000,0.976226,-0.023204,0.010314,-0.215264
1532402943284235,413.033206,1107.553852,0.000000,0.976220,-0.023238,0.010359,-0.215286
1532402943287525,413.039947,1107.550703,0.000000,0.976213,-0.023257,0.010382,-0.215313
1532402943289761,413.044495,1107.548576,0.000000,0.976208,-0.023268,0.010398,-0.215333
1532402943297423,413.060075,1107.541288,0.000000,0.976191,-0.023304,0.010455,-0.215403
1532402943297848,413.060940,1107.540884,0.000000,0.976190,-0.023306,0.010458,-0.215407
1532402943308453,413.082525,1107.530782,0.000000,0.976167,-0.023356,0.010529,-0.215502
1532402943310649,413.087004,1107.528688,0.000000,0.976163,-0.023366,0.010543,-0.215521
1532402943312075,413.089912,1107.527327,0.000000,0.976160,-0.023373,0.010552,-0.215533
1532402943347596,413.162547,1107.493522,0.000000,0.976132,-0.023531,0.010764,-0.215633
1532402943354844,413.177393,1107.486640,0.000000,0.976132,-0.023591,0.010819,-0.215620
1532402943360042,413.188040,1107.481705,0.000000,0.976133,-0.023621,0.010853,-0.215612
1532402943362460,413.192993,1107.479409,0.000000,0.976133,-0.023635,0.010869,-0.215609
1532402943364827,413.197843,1107.477161,0.000000,0.976134,-0.023649,0.010884,-0.215605
1532402943370339,413.209159,1107.471915,0.000000,0.976136,-0.023681,0.010919,-0.215589
1532402943377719,413.224311,1107.464891,0.000000,0.976139,-0.023727,0.010967,-0.215568
1532402943377893,413.224668,1107.464726,0.000000,0.976139,-0.023728,0.010968,-0.215568
1532402943380708,413.230447,1107.462047,0.000000,0.976140,-0.023745,0.010987,-0.215560
1532402943387525,413.244360,1107.455594,0.000000,0.976141,-0.023788,0.011026,-0.215549
1532402943391621,413.252656,1107.451743,0.000000,0.976140,-0.023811,0.011053,-0.215549
1532402943397423,413.264406,1107.446286,0.000000,0.976139,-0.023844,0.011095,-0.215549
1532402943397947,413.265840,1107.445641,0.000000,0.976147,-0.023854,0.011085,-0.215511
1532402943404844,413.279436,1107.439303,0.000000,0.976138,-0.023878,0.011148,-0.215548
1532402943412460,413.294914,1107.432119,0.000000,0.976140,-0.023908,0.011200,-0.215532
1532402943420339,413.310925,1107.424686,0.000000,0.976142,-0.023939,0.011255,-0.215516
1532402943427893,413.326630,1107.417389,0.000000,0.976145,-0.023955,0.011307,-0.215497
1532402943429450,413.329993,1107.415825,0.000000,0.976146,-0.023954,0.011319,-0.215491
1532402943437525,413.347435,1107.407714,0.000000,0.976152,-0.023940,0.011380,-0.215463
1532402943444880,413.363321,1107.400325,0.000000,0.976158,-0.023909,0.011441,-0.215438
1532402943447423,413.368813,1107.397774,0.000000,0.976161,-0.023898,0.011463,-0.215425
1532402943447687,413.369384,1107.397505,0.000000,0.976159,-0.023923,0.011456,-0.215428
1532402943452719,413.380247,1107.392460,0.000000,0.976167,-0.023842,0.011508,-0.215398
1532402943455469,413.386185,1107.389700,0.000000,0.976171,-0.023807,0.011531,-0.215384
1532402943462789,413.401987,1107.382353,0.000000,0.976181,-0.023700,0.011599,-0.215347
1532402943498032,413.475777,1107.347967,0.000000,0.976257,-0.022978,0.012005,-0.215056
1532402943504844,413.489964,1107.341374,0.000000,0.976280,-0.022751,0.012095,-0.214974
1532402943505029,413.490350,1107.341195,0.000000,0.976280,-0.022746,0.012097,-0.214972
1532402943512460,413.505852,1107.333983,0.000000,0.976300,-0.022546,0.012190,-0.214899
1532402943519842,413.521252,1107.326819,0.000000,0.976319,-0.022348,0.012283,-0.214826
1532402943520339,413.522289,1107.326336,0.000000,0.976321,-0.022335,0.012289,-0.214821
1532402943527893,413.538401,1107.318834,0.000000,0.976340,-0.022125,0.012387,-0.214750
1532402943528219,413.539116,1107.318501,0.000000,0.976341,-0.022116,0.012392,-0.214748
1532402943530709,413.544576,1107.315956,0.000000,0.976346,-0.022046,0.012426,-0.214726
1532402943532302,413.548070,1107.314328,0.000000,0.976350,-0.022002,0.012449,-0.214712
1532402943537525,413.559523,1107.308990,0.000000,0.976363,-0.021856,0.012524,-0.214666
1532402943547423,413.581217,1107.298881,0.000000,0.976385,-0.021611,0.012678,-0.214582
1532402943549147,413.585008,1107.297116,0.000000,0.976389,-0.021569,0.012705,-0.214564
1532402943579700,413.651736,1107.266029,0.000000,0.976436,-0.021066,0.013122,-0.214377
1532402943594883,413.684110,1107.250932,0.000000,0.976447,-0.020936,0.013275,-0.214330
1532402943598097,413.691842,1107.247351,0.000000,0.976456,-0.020874,0.013329,-0.214290
1532402943599302,413.693432,1107.246582,0.000000,0.976449,-0.020911,0.013312,-0.214319
1532402943600766,413.696520,1107.245142,0.000000,0.976450,-0.020903,0.013324,-0.214316
1532402943604844,413.705120,1107.241129,0.000000,0.976452,-0.020886,0.013351,-0.214307
1532402943607411,413.710522,1107.238606,0.000000,0.976452,-0.020875,0.013368,-0.214308
1532402943612460,413.721140,1107.233646,0.000000,0.976450,-0.020853,0.013402,-0.214314
1532402943627899,413.753751,1107.218388,0.000000,0.976442,-0.020795,0.013505,-0.214348
1532402943637525,413.774408,1107.208671,0.000000,0.976430,-0.020798,0.013539,-0.214405
1532402943647423,413.795627,1107.198686,0.000000,0.976414,-0.020839,0.013533,-0.214471
1532402943647858,413.796582,1107.198241,0.000000,0.976415,-0.020841,0.013532,-0.214467
1532402943649167,413.799352,1107.196930,0.000000,0.976411,-0.020849,0.013529,-0.214487
1532402943654844,413.811480,1107.191214,0.000000,0.976399,-0.020888,0.013506,-0.214538
1532402943662460,413.827751,1107.183547,0.000000,0.976383,-0.020947,0.013464,-0.214607
1532402943669939,413.843729,1107.176018,0.000000,0.976368,-0.021015,0.013407,-0.214674
1532402943670339,413.844583,1107.175616,0.000000,0.976367,-0.021019,0.013403,-0.214678
1532402943673525,413.851390,1107.172409,0.000000,0.976360,-0.021054,0.013372,-0.214707
1532402943675119,413.854795,1107.170804,0.000000,0.976357,-0.021072,0.013356,-0.214722
1532402943677893,413.860722,1107.168012,0.000000,0.976351,-0.021102,0.013328,-0.214747
1532402943682445,413.870447,1107.163430,0.000000,0.976341,-0.021150,0.013284,-0.214788
1532402943687525,413.881213,1107.158321,0.000000,0.976329,-0.021200,0.013234,-0.214841
1532402943697423,413.901975,1107.148369,0.000000,0.976303,-0.021311,0.013112,-0.214959
1532402943697655,413.902444,1107.148160,0.000000,0.976298,-0.021314,0.013109,-0.214981
1532402943719690,413.949567,1107.125647,0.000000,0.976249,-0.021579,0.012830,-0.215193
1532402943742892,413.999562,1107.101796,0.000000,0.976197,-0.021830,0.012502,-0.215423
1532402943745183,414.004518,1107.099432,0.000000,0.976192,-0.021856,0.012468,-0.215444
1532402943747961,414.010482,1107.096582,0.000000,0.976185,-0.021887,0.012428,-0.215473
1532402943750839,414.017024,1107.093496,0.000000,0.976183,-0.021919,0.012388,-0.215481
1532402943752476,414.020643,1107.091777,0.000000,0.976181,-0.021937,0.012365,-0.215491
1532402943754844,414.025878,1107.089290,0.000000,0.976177,-0.021963,0.012332,-0.215507
1532402943762460,414.042710,1107.081290,0.000000,0.976166,-0.022043,0.012228,-0.215556
1532402943770339,414.060089,1107.073036,0.000000,0.976159,-0.022123,0.012124,-0.215587
1532402943777893,414.076733,1107.065128,0.000000,0.976154,-0.022203,0.012034,-0.215607
1532402943787525,414.098157,1107.054973,0.000000,0.976149,-0.022312,0.011930,-0.215622
1532402943796348,414.118255,1107.045520,0.000000,0.976150,-0.022428,0.011849,-0.215612
1532402943797423,414.120703,1107.044368,0.000000,0.976150,-0.022443,0.011839,-0.215611
1532402943797728,414.120399,1107.044336,0.000000,0.976139,-0.022430,0.011823,-0.215660
1532402943818617,414.168801,1107.021748,0.000000,0.976163,-0.022728,0.011677,-0.215532
1532402943819956,414.171833,1107.020321,0.000000,0.976164,-0.022746,0.011667,-0.215525
1532402943820846,414.173849,1107.019372,0.000000,0.976165,-0.022758,0.011661,-0.215520
1532402943827230,414.188025,1107.012718,0.000000,0.976174,-0.022838,0.011612,-0.215474
1532402943848035,414.232978,1106.991710,0.000000,0.976215,-0.023162,0.011500,-0.215256
1532402943854844,414.247625,1106.984868,0.000000,0.976232,-0.023280,0.011486,-0.215168
1532402943862460,414.264031,1106.977204,0.000000,0.976249,-0.023406,0.011475,-0.215075
1532402943870339,414.280975,1106.969296,0.000000,0.976270,-0.023531,0.011469,-0.214969
1532402943872332,414.285258,1106.967298,0.000000,0.976276,-0.023563,0.011470,-0.214940
1532402943877893,414.297208,1106.961724,0.000000,0.976291,-0.023653,0.011472,-0.214861
1532402943887525,414.318016,1106.951975,0.000000,0.976315,-0.023802,0.011472,-0.214732
1532402943888211,414.319514,1106.951267,0.000000,0.976317,-0.023812,0.011472,-0.214725
1532402943894962,414.334254,1106.944299,0.000000,0.976332,-0.023894,0.011473,-0.214647
1532402943895086,414.334524,1106.944171,0.000000,0.976332,-0.023895,0.011473,-0.214646
1532402943897423,414.339627,1106.941759,0.000000,0.976337,-0.023923,0.011473,-0.214619
1532402943897796,414.339977,1106.941778,0.000000,0.976346,-0.023928,0.011472,-0.214577
1532402943902321,414.350321,1106.936704,0.000000,0.976348,-0.023978,0.011476,-0.214563
1532402943904844,414.355829,1106.934101,0.000000,0.976354,-0.024002,0.011479,-0.214534
1532402943912478,414.372453,1106.926238,0.000000,0.976366,-0.024076,0.011487,-0.214472
1532402943920339,414.389569,1106.918143,0.000000,0.976377,-0.024153,0.011497,-0.214410
1532402943927893,414.405715,1106.910586,0.000000,0.976391,-0.024225,0.011501,-0.214340
1532402943939536,414.429999,1106.899383,0.000000,0.976417,-0.024311,0.011507,-0.214210
1532402943947423,414.446433,1106.891804,0.000000,0.976434,-0.024332,0.011514,-0.214133
1532402943947557,414.446726,1106.891667,0.000000,0.976436,-0.024333,0.011514,-0.214121
1532402943962707,414.478212,1106.877159,0.000000,0.976456,-0.024334,0.011535,-0.214029
1532402943970002,414.493366,1106.870175,0.000000,0.976463,-0.024319,0.011547,-0.214000
1532402943970849,414.495125,1106.869364,0.000000,0.976463,-0.024315,0.011549,-0.213997
1532402943973116,414.499832,1106.867195,0.000000,0.976465,-0.024304,0.011554,-0.213991
1532402943997910,414.552606,1106.843098,0.000000,0.976478,-0.024147,0.011612,-0.213947
1532402944004844,414.567677,1106.836271,0.000000,0.976480,-0.024094,0.011638,-0.213942
1532402944012460,414.584191,1106.828790,0.000000,0.976478,-0.024034,0.011671,-0.213957
1532402944014632,414.588901,1106.826657,0.000000,0.976477,-0.024016,0.011680,-0.213961
1532402944020339,414.601273,1106.821053,0.000000,0.976475,-0.023971,0.011704,-0.213973
1532402944027893,414.617540,1106.813627,0.000000,0.976473,-0.023909,0.011736,-0.213990
1532402944037525,414.638114,1106.804143,0.000000,0.976470,-0.023828,0.011782,-0.214010
1532402944037898,414.638910,1106.803776,0.000000,0.976470,-0.023824,0.011784,-0.214011
1532402944041174,414.645908,1106.800551,0.000000,0.976469,-0.023792,0.011804,-0.214018
1532402944045038,414.654161,1106.796747,0.000000,0.976467,-0.023753,0.011829,-0.214026
1532402944047423,414.659244,1106.794404,0.000000,0.976466,-0.023729,0.011845,-0.214033
1532402944047647,414.659734,1106.794179,0.000000,0.976467,-0.023727,0.011846,-0.214032
1532402944048172,414.660840,1106.793668,0.000000,0.976466,-0.023722,0.011850,-0.214035
1532402944085424,414.739941,1106.757178,0.000000,0.976445,-0.023343,0.012171,-0.214155
1532402944097970,414.766705,1106.744845,0.000000,0.976438,-0.023223,0.012298,-0.214191
1532402944104844,414.778273,1106.739186,0.000000,0.976412,-0.023157,0.012367,-0.214316
1532402944108653,414.785807,1106.735653,0.000000,0.976407,-0.023121,0.012403,-0.214339
1532402944112460,414.793336,1106.732121,0.000000,0.976402,-0.023085,0.012438,-0.214363
1532402944120140,414.808521,1106.724993,0.000000,0.976392,-0.023013,0.012510,-0.214410
1532402944120339,414.808914,1106.724808,0.000000,0.976392,-0.023011,0.012512,-0.214411
1532402944123199,414.814568,1106.722152,0.000000,0.976389,-0.022984,0.012538,-0.214429
1532402944127893,414.823899,1106.717782,0.000000,0.976387,-0.022941,0.012581,-0.214438
1532402944137525,414.843083,1106.708805,0.000000,0.976387,-0.022856,0.012676,-0.214441
1532402944147423,414.862795,1106.699580,0.000000,0.976389,-0.022774,0.012764,-0.214438
1532402944147732,414.863410,1106.699290,0.000000,0.976387,-0.022771,0.012767,-0.214445
1532402944154844,414.877576,1106.692665,0.000000,0.976392,-0.022717,0.012837,-0.214424
1532402944159959,414.887762,1106.687898,0.000000,0.976394,-0.022679,0.012886,-0.214415
1532402944162460,414.892742,1106.685567,0.000000,0.976395,-0.022661,0.012908,-0.214410
1532402944170339,414.908473,1106.678215,0.000000,0.976402,-0.022606,0.012977,-0.214380
1532402944177893,414.923566,1106.671162,0.000000,0.976410,-0.022562,0.013043,-0.214347
1532402944183054,414.933876,1106.666342,0.000000,0.976415,-0.022531,0.013086,-0.214325
1532402944185057,414.937877,1106.664472,0.000000,0.976417,-0.022519,0.013103,-0.214316
1532402944187525,414.942765,1106.662190,0.000000,0.976420,-0.022504,0.013123,-0.214300
1532402944193269,414.954140,1106.656880,0.000000,0.976428,-0.022470,0.013170,-0.214265
1532402944197423,414.962366,1106.653040,0.000000,0.976434,-0.022446,0.013205,-0.214239
1532402944198088,414.963905,1106.652296,0.000000,0.976430,-0.022442,0.013211,-0.214259
1532402944199522,414.966523,1106.651099,0.000000,0.976437,-0.022434,0.013222,-0.214225
1532402944229470,415.026425,1106.623199,0.000000,0.976487,-0.022258,0.013468,-0.214001
1532402944247841,415.064875,1106.605468,0.000000,0.976521,-0.022181,0.013586,-0.213846
1532402944260528,415.091434,1106.593231,0.000000,0.976545,-0.022142,0.013657,-0.213736
1532402944262460,415.095478,1106.591368,0.000000,0.976549,-0.022137,0.013666,-0.213719
1532402944268316,415.107742,1106.585719,0.000000,0.976560,-0.022121,0.013693,-0.213669
1532402944270339,415.111980,1106.583767,0.000000,0.976563,-0.022117,0.013699,-0.213652
1532402944274566,415.120836,1106.579690,0.000000,0.976571,-0.022109,0.013712,-0.213616
1532402944277906,415.127833,1106.576468,0.000000,0.976577,-0.022103,0.013722,-0.213588
1532402944287525,415.147795,1106.567274,0.000000,0.976594,-0.022094,0.013749,-0.213511
1532402944297423,415.167907,1106.558000,0.000000,0.976609,-0.022093,0.013765,-0.213440
1532402944298149,415.170243,1106.556947,0.000000,0.976614,-0.022093,0.013766,-0.213418
1532402944304733,415.182761,1106.551152,0.000000,0.976621,-0.022094,0.013769,-0.213388
1532402944336086,415.245994,1106.521945,0.000000,0.976664,-0.022119,0.013772,-0.213186
1532402944343387,415.260514,1106.515212,0.000000,0.976672,-0.022137,0.013762,-0.213149
1532402944347910,415.269509,1106.511042,0.000000,0.976677,-0.022149,0.013755,-0.213126
1532402944349694,415.273085,1106.509383,0.000000,0.976677,-0.022154,0.013751,-0.213125
1532402944354844,415.283358,1106.504620,0.000000,0.976681,-0.022170,0.013740,-0.213107
1532402944362460,415.298550,1106.497577,0.000000,0.976686,-0.022199,0.013717,-0.213080
1532402944370339,415.314292,1106.490278,0.000000,0.976690,-0.022237,0.013687,-0.213061
1532402944377893,415.329399,1106.483274,0.000000,0.976692,-0.022281,0.013655,-0.213047
1532402944379577,415.332767,1106.481713,0.000000,0.976693,-0.022292,0.013647,-0.213044
1532402944387525,415.348949,1106.474228,0.000000,0.976695,-0.022342,0.013606,-0.213031
1532402944397423,415.369791,1106.464627,0.000000,0.976697,-0.022414,0.013559,-0.213019
1532402944398227,415.370064,1106.464424,0.000000,0.976699,-0.022420,0.013555,-0.213009
1532402944402926,415.381379,1106.459289,0.000000,0.976698,-0.022456,0.013532,-0.213013
1532402944404844,415.385417,1106.457429,0.000000,0.976698,-0.022471,0.013523,-0.213010
1532402944405065,415.385883,1106.457214,0.000000,0.976698,-0.022473,0.013522,-0.213010
1532402944412460,415.401457,1106.450041,0.000000,0.976699,-0.022530,0.013487,-0.213004
1532402944413370,415.403374,1106.449158,0.000000,0.976699,-0.022537,0.013483,-0.213003
1532402944420339,415.418051,1106.442398,0.000000,0.976699,-0.022591,0.013450,-0.212997
1532402944424886,415.427627,1106.437988,0.000000,0.976700,-0.022623,0.013426,-0.212993
1532402944427893,415.433903,1106.435112,0.000000,0.976699,-0.022643,0.013409,-0.212992
1532402944437525,415.454006,1106.425900,0.000000,0.976698,-0.022736,0.013362,-0.212990
1532402944447423,415.474673,1106.416430,0.000000,0.976697,-0.022846,0.013308,-0.212986
1532402944447985,415.475837,1106.415895,0.000000,0.976697,-0.022852,0.013305,-0.212987
1532402944450203,415.480484,1106.413769,0.000000,0.976697,-0.022878,0.013293,-0.212985
1532402944473327,415.528305,1106.391732,0.000000,0.976699,-0.023158,0.013167,-0.212952
1532402944488390,415.558898,1106.377491,0.000000,0.976707,-0.023342,0.013090,-0.212900
1532402944497754,415.577923,1106.368629,0.000000,0.976710,-0.023433,0.013044,-0.212883
1532402944500128,415.582718,1106.366396,0.000000,0.976719,-0.023455,0.013033,-0.212839
1532402944504844,415.592288,1106.361937,0.000000,0.976724,-0.023498,0.013012,-0.212814
1532402944512460,415.607795,1106.354727,0.000000,0.976735,-0.023569,0.012979,-0.212756
1532402944520339,415.623835,1106.347266,0.000000,0.976747,-0.023641,0.012945,-0.212695
1532402944524864,415.633045,1106.342980,0.000000,0.976754,-0.023680,0.012925,-0.212661
1532402944527900,415.638872,1106.340293,0.000000,0.976760,-0.023703,0.012912,-0.212629
1532402944537525,415.657274,1106.331817,0.000000,0.976782,-0.023742,0.012872,-0.212527
1532402944547423,415.676218,1106.323093,0.000000,0.976806,-0.023740,0.012844,-0.212418
1532402944548108,415.677507,1106.322497,0.000000,0.976807,-0.023739,0.012842,-0.212414
1532402944548186,415.677683,1106.322418,0.000000,0.976808,-0.023739,0.012842,-0.212408
1532402944551111,415.683301,1106.319833,0.000000,0.976816,-0.023730,0.012830,-0.212373
1532402944558160,415.696839,1106.313603,0.000000,0.976836,-0.023706,0.012803,-0.212287
1532402944574366,415.728099,1106.299232,0.000000,0.976886,-0.023575,0.012761,-0.212074
1532402944594891,415.768414,1106.280756,0.000000,0.976959,-0.023353,0.012726,-0.211764
1532402944597858,415.773555,1106.278350,0.000000,0.976963,-0.023319,0.012722,-0.211749
1532402944604844,415.788294,1106.271670,0.000000,0.976997,-0.023245,0.012704,-0.211600
1532402944612460,415.803582,1106.264696,0.000000,0.977028,-0.023164,0.012686,-0.211469
1532402944618797,415.816301,1106.258893,0.000000,0.977053,-0.023096,0.012670,-0.211359
1532402944620339,415.819396,1106.257481,0.000000,0.977060,-0.023080,0.012666,-0.211333
1532402944626104,415.831209,1106.252093,0.000000,0.977083,-0.023016,0.012660,-0.211232
1532402944627893,415.835036,1106.250349,0.000000,0.977090,-0.022997,0.012660,-0.211199
1532402944633448,415.846917,1106.244936,0.000000,0.977113,-0.022941,0.012656,-0.211099
1532402944637525,415.855636,1106.240964,0.000000,0.977130,-0.022900,0.012654,-0.211026
1532402944647423,415.876808,1106.231322,0.000000,0.977171,-0.022817,0.012663,-0.210848
1532402944647608,415.877198,1106.231142,0.000000,0.977172,-0.022815,0.012663,-0.210843
1532402944649309,415.880845,1106.229485,0.000000,0.977178,-0.022804,0.012663,-0.210814
1532402944654844,415.892691,1106.224094,0.000000,0.977200,-0.022771,0.012660,-0.210716
1532402944662460,415.908991,1106.216677,0.000000,0.977230,-0.022732,0.012662,-0.210581
1532402944670276,415.925735,1106.209066,0.000000,0.977261,-0.022701,0.012666,-0.210443
1532402944670339,415.925870,1106.209005,0.000000,0.977261,-0.022700,0.012666,-0.210441
1532402944677893,415.942059,1106.201651,0.000000,0.977290,-0.022684,0.012669,-0.210307
1532402944687527,415.962084,1106.192522,0.000000,0.977326,-0.022661,0.012678,-0.210143
1532402944693537,415.973682,1106.187184,0.000000,0.977346,-0.022652,0.012679,-0.210052
1532402944697423,415.981182,1106.183733,0.000000,0.977358,-0.022647,0.012678,-0.209993
1532402944697931,415.985002,1106.182150,0.000000,0.977367,-0.022646,0.012678,-0.209951
1532402944701373,415.988805,1106.180225,0.000000,0.977371,-0.022645,0.012683,-0.209933
1532402944703838,415.993562,1106.178036,0.000000,0.977379,-0.022644,0.012686,-0.209895
1532402944725265,416.035241,1106.158904,0.000000,0.977449,-0.022635,0.012711,-0.209572
1532402944740165,416.067266,1106.144036,0.000000,0.977497,-0.022608,0.012716,-0.209349
1532402944747697,416.083520,1106.136488,0.000000,0.977521,-0.022596,0.012719,-0.209236
1532402944754844,416.098923,1106.129347,0.000000,0.977543,-0.022562,0.012721,-0.209139
1532402944762460,416.115342,1106.121732,0.000000,0.977566,-0.022528,0.012728,-0.209032
1532402944768803,416.129008,1106.115404,0.000000,0.977586,-0.022494,0.012739,-0.208943
1532402944770339,416.132317,1106.113874,0.000000,0.977591,-0.022485,0.012740,-0.208922
1532402944776119,416.144765,1106.108114,0.000000,0.977609,-0.022451,0.012745,-0.208841
1532402944777860,416.148514,1106.106379,0.000000,0.977614,-0.022440,0.012746,-0.208817
1532402944777893,416.148585,1106.106346,0.000000,0.977614,-0.022440,0.012747,-0.208816
1532402944787976,416.170081,1106.096475,0.000000,0.977648,-0.022372,0.012756,-0.208666
1532402944797423,416.189773,1106.087588,0.000000,0.977683,-0.022305,0.012761,-0.208509
1532402944798024,416.191936,1106.086280,0.000000,0.977677,-0.022302,0.012767,-0.208535
1532402944805289,416.206170,1106.080189,0.000000,0.977712,-0.022251,0.012769,-0.208377
1532402944815343,416.227154,1106.070739,0.000000,0.977751,-0.022186,0.012783,-0.208199
1532402944838834,416.275370,1106.048924,0.000000,0.977846,-0.022035,0.012809,-0.207768
1532402944846269,416.290449,1106.042082,0.000000,0.977877,-0.021988,0.012816,-0.207626
1532402944847815,416.293579,1106.040659,0.000000,0.977883,-0.021981,0.012818,-0.207598
1532402944849099,416.296198,1106.039477,0.000000,0.977890,-0.021970,0.012818,-0.207569
1532402944854844,416.307870,1106.034188,0.000000,0.977915,-0.021939,0.012826,-0.207454
1532402944862460,416.323341,1106.027176,0.000000,0.977948,-0.021899,0.012839,-0.207300
1532402944887525,416.373303,1106.004605,0.000000,0.978069,-0.021798,0.012905,-0.206736
1532402944890466,416.378018,1106.002488,0.000000,0.978082,-0.021789,0.012914,-0.206672
1532402944897423,416.389165,1105.997475,0.000000,0.978114,-0.021774,0.012935,-0.206520
1532402944897561,416.394843,1105.994847,0.000000,0.978118,-0.021774,0.012935,-0.206502
1532402944904844,416.401064,1105.992118,0.000000,0.978149,-0.021761,0.012963,-0.206358
1532402944912460,416.413685,1105.986479,0.000000,0.978186,-0.021753,0.012998,-0.206180
1532402944913579,416.415539,1105.985650,0.000000,0.978191,-0.021752,0.013003,-0.206154
1532402944920339,416.426738,1105.980643,0.000000,0.978224,-0.021744,0.013034,-0.205996
1532402944921184,416.428138,1105.980017,0.000000,0.978228,-0.021743,0.013038,-0.205977
1532402944924410,416.433482,1105.977627,0.000000,0.978244,-0.021737,0.013050,-0.205901
1532402944927893,416.440064,1105.974674,0.000000,0.978264,-0.021730,0.013061,-0.205806
1532402944937525,416.458992,1105.966176,0.000000,0.978322,-0.021726,0.013090,-0.205529
1532402944947309,416.478218,1105.957546,0.000000,0.978381,-0.021724,0.013119,-0.205248
1532402944947423,416.478496,1105.957435,0.000000,0.978381,-0.021739,0.013121,-0.205246
1532402944955536,416.494591,1105.950248,0.000000,0.978429,-0.021750,0.013150,-0.205014
1532402944959750,416.502950,1105.946515,0.000000,0.978454,-0.021755,0.013166,-0.204894
1532402944988914,416.562229,1105.920137,0.000000,0.978641,-0.021791,0.013257,-0.203988
1532402944992729,416.570953,1105.916275,0.000000,0.978670,-0.021795,0.013270,-0.203850
1532402944996212,416.578918,1105.912750,0.000000,0.978696,-0.021800,0.013283,-0.203723
1532402944997635,416.578454,1105.912879,0.000000,0.978691,-0.021800,0.013289,-0.203743
1532402945004844,416.598658,1105.904014,0.000000,0.978760,-0.021807,0.013315,-0.203410
1532402945027893,416.650358,1105.881253,0.000000,0.978933,-0.021806,0.013401,-0.202573
1532402945030102,416.654738,1105.879351,0.000000,0.978949,-0.021803,0.013407,-0.202492
1532402945030348,416.655226,1105.879139,0.000000,0.978951,-0.021803,0.013408,-0.202482
1532402945037816,416.670020,1105.872708,0.000000,0.979008,-0.021798,0.013430,-0.202207
1532402945047423,416.689063,1105.864433,0.000000,0.979085,-0.021784,0.013453,-0.201836
1532402945047428,416.689034,1105.864431,0.000000,0.979081,-0.021792,0.013458,-0.201853
1532402945058539,416.711197,1105.854854,0.000000,0.979183,-0.021770,0.013475,-0.201357
1532402945066102,416.726376,1105.848287,0.000000,0.979248,-0.021760,0.013483,-0.201042
1532402945068836,416.732386,1105.845687,0.000000,0.979263,-0.021755,0.013486,-0.200969
1532402945097167,416.794522,1105.818661,0.000000,0.979417,-0.021730,0.013494,-0.200218
1532402945104844,416.812040,1105.811273,0.000000,0.979494,-0.021759,0.013461,-0.199844
1532402945105443,416.813369,1105.810702,0.000000,0.979498,-0.021760,0.013459,-0.199824
1532402945107306,416.817494,1105.808933,0.000000,0.979511,-0.021764,0.013454,-0.199761
1532402945112460,416.828901,1105.804037,0.000000,0.979546,-0.021775,0.013441,-0.199587
1532402945121112,416.848042,1105.795810,0.000000,0.979605,-0.021794,0.013419,-0.199295
1532402945127893,416.863321,1105.789288,0.000000,0.979655,-0.021797,0.013396,-0.199049
1532402945134271,416.877958,1105.783083,0.000000,0.979706,-0.021818,0.013367,-0.198801
1532402945137587,416.885562,1105.779857,0.000000,0.979732,-0.021830,0.013352,-0.198672
1532402945137660,416.885729,1105.779785,0.000000,0.979733,-0.021830,0.013351,-0.198669
1532402945141152,416.893731,1105.776388,0.000000,0.979760,-0.021849,0.013330,-0.198533
1532402945147505,416.908276,1105.770205,0.000000,0.979810,-0.021867,0.013306,-0.198285
1532402945148026,416.909457,1105.769717,0.000000,0.979813,-0.021894,0.013282,-0.198271
1532402945154844,416.925038,1105.763118,0.000000,0.979864,-0.021939,0.013230,-0.198016
1532402945162460,416.942444,1105.755748,0.000000,0.979921,-0.021990,0.013166,-0.197732
1532402945170339,416.960390,1105.748179,0.000000,0.979982,-0.022045,0.013091,-0.197430
1532402945174717,416.970351,1105.743983,0.000000,0.980016,-0.022076,0.013046,-0.197260
1532402945177893,416.977577,1105.740940,0.000000,0.980040,-0.022098,0.013013,-0.197137
1532402945180429,416.983347,1105.738509,0.000000,0.980060,-0.022116,0.012987,-0.197039
1532402945187525,416.999055,1105.731872,0.000000,0.980115,-0.022160,0.012906,-0.196768
1532402945197276,417.021675,1105.722362,0.000000,0.980191,-0.022219,0.012794,-0.196388
1532402945197423,417.019888,1105.723017,0.000000,0.980190,-0.022220,0.012792,-0.196395
1532402945204683,417.035169,1105.716521,0.000000,0.980244,-0.022260,0.012708,-0.196122
1532402945211194,417.048884,1105.710715,0.000000,0.980295,-0.022293,0.012632,-0.195868
1532402945212694,417.052043,1105.709377,0.000000,0.980307,-0.022301,0.012615,-0.195809
1532402945247022,417.130653,1105.676236,0.000000,0.980603,-0.022404,0.012178,-0.194337
1532402945250013,417.137811,1105.673241,0.000000,0.980631,-0.022392,0.012143,-0.194200
1532402945254844,417.149360,1105.668397,0.000000,0.980676,-0.022383,0.012079,-0.193980
1532402945260423,417.162698,1105.662804,0.000000,0.980727,-0.022372,0.012005,-0.193726
1532402945262460,417.167568,1105.660762,0.000000,0.980746,-0.022367,0.011978,-0.193634
1532402945270339,417.186063,1105.653028,0.000000,0.980818,-0.022345,0.011875,-0.193279
1532402945277893,417.203693,1105.645661,0.000000,0.980886,-0.022320,0.011785,-0.192939
1532402945283502,417.216783,1105.640189,0.000000,0.980937,-0.022297,0.011720,-0.192686
1532402945286323,417.223363,1105.637446,0.000000,0.980963,-0.022284,0.011688,-0.192556
1532402945287525,417.226165,1105.636282,0.000000,0.980975,-0.022278,0.011675,-0.192500
1532402945297341,417.249076,1105.626686,0.000000,0.981063,-0.022231,0.011567,-0.192063
1532402945297423,417.249239,1105.626695,0.000000,0.981068,-0.022232,0.011567,-0.192034
1532402945320144,417.302333,1105.604680,0.000000,0.981284,-0.022151,0.011314,-0.190952
1532402945330462,417.326833,1105.594511,0.000000,0.981383,-0.022110,0.011208,-0.190453
1532402945347103,417.366847,1105.577884,0.000000,0.981543,-0.022060,0.011067,-0.189641
1532402945353513,417.382139,1105.571563,0.000000,0.981604,-0.022062,0.011028,-0.189330
1532402945354844,417.385320,1105.570245,0.000000,0.981616,-0.022060,0.011020,-0.189266
1532402945358584,417.394261,1105.566544,0.000000,0.981652,-0.022054,0.010997,-0.189084
1532402945361318,417.400796,1105.563839,0.000000,0.981678,-0.022050,0.010980,-0.188951
1532402945362460,417.403526,1105.562709,0.000000,0.981688,-0.022048,0.010973,-0.188895
1532402945370339,417.422254,1105.555000,0.000000,0.981764,-0.022038,0.010926,-0.188508
1532402945377893,417.440174,1105.547635,0.000000,0.981835,-0.022036,0.010883,-0.188136
1532402945387525,417.462845,1105.538417,0.000000,0.981929,-0.022039,0.010826,-0.187648
1532402945395326,417.480880,1105.531274,0.000000,0.982010,-0.022047,0.010790,-0.187228
1532402945396883,417.485219,1105.529112,0.000000,0.982016,-0.022043,0.010770,-0.187199
1532402945397423,417.485727,1105.529354,0.000000,0.982031,-0.022049,0.010782,-0.187116
1532402945404844,417.502879,1105.522560,0.000000,0.982107,-0.022060,0.010751,-0.186717
1532402945410505,417.515821,1105.517459,0.000000,0.982164,-0.022070,0.010727,-0.186421
1532402945412460,417.520289,1105.515699,0.000000,0.982183,-0.022073,0.010719,-0.186319
1532402945420339,417.538294,1105.508605,0.000000,0.982261,-0.022087,0.010686,-0.185907
1532402945423615,417.545781,1105.505655,0.000000,0.982293,-0.022092,0.010672,-0.185736
1532402945428087,417.556001,1105.501630,0.000000,0.982338,-0.022094,0.010651,-0.185502
1532402945431215,417.563149,1105.498814,0.000000,0.982369,-0.022100,0.010641,-0.185339
1532402945437525,417.576832,1105.493451,0.000000,0.982428,-0.022117,0.010623,-0.185023
1532402945447201,417.597760,1105.485232,0.000000,0.982519,-0.022144,0.010596,-0.184539
1532402945447423,417.598245,1105.485044,0.000000,0.982520,-0.022144,0.010598,-0.184530
1532402945465402,417.637223,1105.469783,0.000000,0.982682,-0.022195,0.010549,-0.183666
1532402945485554,417.681137,1105.452724,0.000000,0.982865,-0.022243,0.010503,-0.182676
1532402945496960,417.705964,1105.443080,0.000000,0.982969,-0.022262,0.010484,-0.182116
1532402945499210,417.712691,1105.440468,0.000000,0.982993,-0.022273,0.010487,-0.181988
1532402945503160,417.721817,1105.436923,0.000000,0.983029,-0.022283,0.010480,-0.181789
1532402945504844,417.725701,1105.435418,0.000000,0.983045,-0.022288,0.010476,-0.181704
1532402945506595,417.729723,1105.433866,0.000000,0.983061,-0.022293,0.010472,-0.181617
1532402945512460,417.743196,1105.428668,0.000000,0.983115,-0.022309,0.010458,-0.181323
1532402945520339,417.761295,1105.421683,0.000000,0.983187,-0.022330,0.010439,-0.180929
1532402945527893,417.778400,1105.415098,0.000000,0.983257,-0.022334,0.010423,-0.180552
1532402945537525,417.799824,1105.406870,0.000000,0.983344,-0.022349,0.010416,-0.180074
1532402945540117,417.805585,1105.404656,0.000000,0.983367,-0.022354,0.010415,-0.179945
1532402945547280,417.821499,1105.398538,0.000000,0.983432,-0.022366,0.010409,-0.179589
1532402945547423,417.821802,1105.398430,0.000000,0.983433,-0.022372,0.010413,-0.179585
1532402945560752,417.851329,1105.387127,0.000000,0.983549,-0.022423,0.010412,-0.178941
1532402945568552,417.868603,1105.380537,0.000000,0.983618,-0.022450,0.010414,-0.178561
1532402945573193,417.878878,1105.376632,0.000000,0.983658,-0.022473,0.010417,-0.178333
1532402945581204,417.896611,1105.369889,0.000000,0.983729,-0.022514,0.010423,-0.177938
1532402945597045,417.931669,1105.356548,0.000000,0.983868,-0.022595,0.010430,-0.177159
1532402945604844,417.949643,1105.350148,0.000000,0.983937,-0.022638,0.010431,-0.176767
1532402945612460,417.966723,1105.343849,0.000000,0.984004,-0.022680,0.010430,-0.176388
1532402945615677,417.973937,1105.341188,0.000000,0.984032,-0.022698,0.010430,-0.176228
1532402945627893,418.001697,1105.330963,0.000000,0.984141,-0.022743,0.010426,-0.175612
1532402945635538,418.019800,1105.324333,0.000000,0.984212,-0.022775,0.010419,-0.175214
1532402945637525,418.024503,1105.322611,0.000000,0.984230,-0.022784,0.010416,-0.175110
1532402945644115,418.040097,1105.316898,0.000000,0.984290,-0.022820,0.010409,-0.174767
1532402945647364,418.047782,1105.314081,0.000000,0.984320,-0.022828,0.010405,-0.174597
1532402945647423,418.047897,1105.314050,0.000000,0.984320,-0.022839,0.010405,-0.174595
1532402945648048,418.049369,1105.313513,0.000000,0.984326,-0.022843,0.010404,-0.174563
1532402945651212,418.056820,1105.310797,0.000000,0.984355,-0.022857,0.010397,-0.174399
1532402945654844,418.065373,1105.307679,0.000000,0.984388,-0.022873,0.010388,-0.174212
1532402945662460,418.083309,1105.301140,0.000000,0.984457,-0.022906,0.010369,-0.173818
1532402945670339,418.101822,1105.294429,0.000000,0.984530,-0.022938,0.010349,-0.173402
1532402945677893,418.119547,1105.288018,0.000000,0.984600,-0.022972,0.010326,-0.172998
1532402945686243,418.139074,1105.280948,0.000000,0.984679,-0.023007,0.010303,-0.172547
1532402945687525,418.142007,1105.279884,0.000000,0.984692,-0.023012,0.010300,-0.172473
1532402945697148,418.164708,1105.271656,0.000000,0.984779,-0.023051,0.010277,-0.171970
1532402945697423,418.164658,1105.271673,0.000000,0.984792,-0.023044,0.010266,-0.171897
1532402945710560,418.194593,1105.260881,0.000000,0.984925,-0.023083,0.010227,-0.171130
1532402945717886,418.211199,1105.254933,0.000000,0.984999,-0.023104,0.010207,-0.170699
1532402945718887,418.213468,1105.254120,0.000000,0.985010,-0.023107,0.010204,-0.170640
1532402945726443,418.230595,1105.247988,0.000000,0.985086,-0.023122,0.010183,-0.170195
1532402945746899,418.276951,1105.231395,0.000000,0.985293,-0.023157,0.010120,-0.168992
1532402945754844,418.294694,1105.225115,0.000000,0.985370,-0.023142,0.010104,-0.168547
1532402945760662,418.307734,1105.220489,0.000000,0.985427,-0.023137,0.010089,-0.168217
1532402945762460,418.311764,1105.219059,0.000000,0.985444,-0.023136,0.010084,-0.168115
1532402945770339,418.329421,1105.212835,0.000000,0.985522,-0.023128,0.010059,-0.167663
1532402945777893,418.346348,1105.206882,0.000000,0.985596,-0.023121,0.010036,-0.167228
1532402945785809,418.364148,1105.200618,0.000000,0.985674,-0.023112,0.010016,-0.166772
1532402945787525,418.368086,1105.199230,0.000000,0.985691,-0.023110,0.010012,-0.166672
1532402945789276,418.372104,1105.197814,0.000000,0.985708,-0.023108,0.010007,-0.166569
1532402945793420,418.381614,1105.194462,0.000000,0.985749,-0.023101,0.009993,-0.166328
1532402945797210,418.389621,1105.191649,0.000000,0.985785,-0.023098,0.009989,-0.166116
1532402945797423,418.390801,1105.191225,0.000000,0.985789,-0.023095,0.009979,-0.166094
1532402945801309,418.399719,1105.188083,0.000000,0.985827,-0.023089,0.009967,-0.165868
1532402945830058,418.466059,1105.164909,0.000000,0.986105,-0.023053,0.009886,-0.164217
1532402945846984,418.506523,1105.150904,0.000000,0.986268,-0.023044,0.009825,-0.163239
1532402945854844,418.525246,1105.144468,0.000000,0.986339,-0.023051,0.009782,-0.162812
1532402945860632,418.539040,1105.139718,0.000000,0.986392,-0.023052,0.009752,-0.162493
1532402945862460,418.543396,1105.138218,0.000000,0.986409,-0.023052,0.009741,-0.162392
1532402945864169,418.547469,1105.136816,0.000000,0.986424,-0.023052,0.009730,-0.162298
1532402945864327,418.547845,1105.136687,0.000000,0.986426,-0.023052,0.009729,-0.162289
1532402945870339,418.562094,1105.131826,0.000000,0.986480,-0.023053,0.009692,-0.161960
1532402945877893,418.579997,1105.125716,0.000000,0.986549,-0.023059,0.009643,-0.161546
1532402945887525,418.602493,1105.118037,0.000000,0.986635,-0.023061,0.009581,-0.161019
1532402945897303,418.625991,1105.110009,0.000000,0.986723,-0.023063,0.009518,-0.160482
1532402945897423,418.624960,1105.110371,0.000000,0.986724,-0.023063,0.009510,-0.160479
1532402945904844,418.641802,1105.104628,0.000000,0.986790,-0.023068,0.009455,-0.160074
1532402945905045,418.642257,1105.104474,0.000000,0.986792,-0.023068,0.009453,-0.160064
1532402945912460,418.659040,1105.098789,0.000000,0.986857,-0.023075,0.009396,-0.159663
1532402945920339,418.676871,1105.092747,0.000000,0.986926,-0.023083,0.009335,-0.159237
1532402945927893,418.693704,1105.087076,0.000000,0.986992,-0.023074,0.009275,-0.158831
1532402945935767,418.710876,1105.081340,0.000000,0.987061,-0.023071,0.009210,-0.158412
1532402945937525,418.714708,1105.080059,0.000000,0.987076,-0.023072,0.009195,-0.158318
1532402945938761,418.717401,1105.079159,0.000000,0.987086,-0.023072,0.009185,-0.158253
1532402945940077,418.720269,1105.078201,0.000000,0.987098,-0.023073,0.009173,-0.158183
1532402945946526,418.734308,1105.073509,0.000000,0.987153,-0.023080,0.009113,-0.157840
1532402945947072,418.735504,1105.073107,0.000000,0.987158,-0.023077,0.009116,-0.157810
1532402945947423,418.736250,1105.072863,0.000000,0.987160,-0.023081,0.009105,-0.157794
1532402945980146,418.807301,1105.049312,0.000000,0.987436,-0.023193,0.008822,-0.156060
1532402945997386,418.844854,1105.036914,0.000000,0.987582,-0.023296,0.008683,-0.155126
1532402946004844,418.863488,1105.031015,0.000000,0.987660,-0.023379,0.008636,-0.154616
1532402946008883,418.872747,1105.028035,0.000000,0.987698,-0.023415,0.008608,-0.154373
1532402946008916,418.872823,1105.028011,0.000000,0.987698,-0.023415,0.008607,-0.154371
1532402946009976,418.875253,1105.027229,0.000000,0.987708,-0.023424,0.008600,-0.154308
1532402946012460,418.880948,1105.025396,0.000000,0.987731,-0.023446,0.008582,-0.154158
1532402946020339,418.899009,1105.019580,0.000000,0.987803,-0.023516,0.008526,-0.153684
1532402946021276,418.901157,1105.018888,0.000000,0.987812,-0.023525,0.008519,-0.153628
1532402946027893,418.916501,1105.013994,0.000000,0.987874,-0.023567,0.008471,-0.153223
1532402946037525,418.939113,1105.006854,0.000000,0.987965,-0.023664,0.008405,-0.152624
1532402946047146,418.961721,1104.999596,0.000000,0.988119,-0.023776,0.008331,-0.151614
1532402946047423,418.962298,1104.999527,0.000000,0.988057,-0.023793,0.008338,-0.152009
1532402946050038,418.968411,1104.997607,0.000000,0.988081,-0.023827,0.008322,-0.151849
1532402946083523,419.046538,1104.973215,0.000000,0.988387,-0.024302,0.008167,-0.149782
1532402946083914,419.047449,1104.972932,0.000000,0.988390,-0.024307,0.008165,-0.149757
1532402946084981,419.049879,1104.972172,0.000000,0.988400,-0.024322,0.008161,-0.149692
1532402946091328,419.064183,1104.967691,0.000000,0.988457,-0.024413,0.008136,-0.149303
1532402946096926,419.077750,1104.963498,0.000000,0.988508,-0.024494,0.008115,-0.148950
1532402946104844,419.094625,1104.958153,0.000000,0.988577,-0.024603,0.008081,-0.148476
1532402946112460,419.111702,1104.952844,0.000000,0.988644,-0.024706,0.008048,-0.148015
1532402946120001,419.128590,1104.947580,0.000000,0.988710,-0.024809,0.008015,-0.147559
1532402946120339,419.129346,1104.947344,0.000000,0.988713,-0.024813,0.008013,-0.147539
1532402946127893,419.146697,1104.942037,0.000000,0.988781,-0.024889,0.007978,-0.147069
1532402946147312,419.192892,1104.928309,0.000000,0.988963,-0.025075,0.007905,-0.145815
1532402946147423,419.193106,1104.928261,0.000000,0.988963,-0.025076,0.007905,-0.145813
1532402946153936,419.208472,1104.923722,0.000000,0.989022,-0.025125,0.007887,-0.145405
1532402946154844,419.210615,1104.923089,0.000000,0.989030,-0.025131,0.007885,-0.145349
1532402946159007,419.220437,1104.920188,0.000000,0.989068,-0.025159,0.007874,-0.145088
1532402946160148,419.223129,1104.919393,0.000000,0.989078,-0.025162,0.007871,-0.145016
1532402946162460,419.228584,1104.917782,0.000000,0.989099,-0.025169,0.007866,-0.144872
1532402946166276,419.237563,1104.915146,0.000000,0.989134,-0.025180,0.007856,-0.144630
1532402946170349,419.247123,1104.912354,0.000000,0.989172,-0.025187,0.007848,-0.144371
1532402946177893,419.264827,1104.907180,0.000000,0.989242,-0.025189,0.007837,-0.143890
1532402946195473,419.304666,1104.895446,0.000000,0.989409,-0.025147,0.007834,-0.142747
1532402946197032,419.309726,1104.894037,0.000000,0.989419,-0.025166,0.007829,-0.142670
1532402946197423,419.308992,1104.894166,0.000000,0.989427,-0.025138,0.007835,-0.142618
1532402946223969,419.367692,1104.876919,0.000000,0.989683,-0.025012,0.007858,-0.140859
1532402946229194,419.379155,1104.873599,0.000000,0.989732,-0.024966,0.007861,-0.140516
1532402946235519,419.393006,1104.869597,0.000000,0.989792,-0.024913,0.007874,-0.140102
1532402946241212,419.405465,1104.865995,0.000000,0.989846,-0.024858,0.007889,-0.139730
1532402946247325,419.418836,1104.862128,0.000000,0.989904,-0.024813,0.007898,-0.139330
1532402946254844,419.435172,1104.857446,0.000000,0.989974,-0.024704,0.007936,-0.138847
1532402946262460,419.451746,1104.852684,0.000000,0.990045,-0.024614,0.007964,-0.138356
1532402946270339,419.468878,1104.847805,0.000000,0.990119,-0.024517,0.007992,-0.137840
1532402946272136,419.472784,1104.846697,0.000000,0.990136,-0.024493,0.007999,-0.137721
1532402946277893,419.485294,1104.843144,0.000000,0.990190,-0.024415,0.008020,-0.137342
1532402946287525,419.506078,1104.837253,0.000000,0.990281,-0.024289,0.008054,-0.136704
1532402946297085,419.526983,1104.831285,0.000000,0.990370,-0.024165,0.008087,-0.136078
1532402946297423,419.526986,1104.831380,0.000000,0.990377,-0.024157,0.008087,-0.136034
1532402946299018,419.530355,1104.830433,0.000000,0.990392,-0.024136,0.008093,-0.135927
1532402946303524,419.539873,1104.827759,0.000000,0.990435,-0.024077,0.008106,-0.135622
1532402946309929,419.553389,1104.823993,0.000000,0.990496,-0.023996,0.008125,-0.135190
1532402946316679,419.567628,1104.820033,0.000000,0.990560,-0.023910,0.008145,-0.134734
1532402946340952,419.622990,1104.804505,0.000000,0.990796,-0.023585,0.008220,-0.133043
1532402946346929,419.637122,1104.800516,0.000000,0.990854,-0.023505,0.008230,-0.132620
1532402946368910,419.688668,1104.786138,0.000000,0.991060,-0.023151,0.008248,-0.131134
1532402946374549,419.701808,1104.782507,0.000000,0.991112,-0.023059,0.008240,-0.130759
1532402946404844,419.766751,1104.765021,0.000000,0.991382,-0.022516,0.008156,-0.128794
1532402946412460,419.782388,1104.760904,0.000000,0.991447,-0.022382,0.008122,-0.128321
1532402946415257,419.788131,1104.759392,0.000000,0.991471,-0.022333,0.008109,-0.128147
1532402946420339,419.798566,1104.756646,0.000000,0.991513,-0.022244,0.008087,-0.127831
1532402946427893,419.813452,1104.752741,0.000000,0.991574,-0.022109,0.008055,-0.127390
1532402946437525,419.831164,1104.748123,0.000000,0.991643,-0.021916,0.008003,-0.126884
1532402946443491,419.842132,1104.745264,0.000000,0.991686,-0.021787,0.007963,-0.126570
1532402946446954,419.848498,1104.743605,0.000000,0.991711,-0.021726,0.007951,-0.126388
1532402946447428,419.849356,1104.743389,0.000000,0.991714,-0.021701,0.007935,-0.126368
1532402946449321,419.852825,1104.742490,0.000000,0.991728,-0.021659,0.007921,-0.126272
1532402946460304,419.872945,1104.737268,0.000000,0.991805,-0.021403,0.007830,-0.125714
1532402946461184,419.874556,1104.736850,0.000000,0.991811,-0.021383,0.007820,-0.125669
1532402946485936,419.920632,1104.725000,0.000000,0.991989,-0.020738,0.007544,-0.124379
1532402946497272,419.941488,1104.719629,0.000000,0.992070,-0.020438,0.007408,-0.123791
1532402946504844,419.960478,1104.714880,0.000000,0.992135,-0.020260,0.007310,-0.123304
1532402946512460,419.976516,1104.710872,0.000000,0.992195,-0.020086,0.007213,-0.122859
1532402946513619,419.978954,1104.710261,0.000000,0.992204,-0.020059,0.007198,-0.122791
1532402946520339,419.993071,1104.706706,0.000000,0.992256,-0.019905,0.007112,-0.122398
1532402946523894,420.000529,1104.704819,0.000000,0.992284,-0.019823,0.007066,-0.122190
1532402946527893,420.008946,1104.702731,0.000000,0.992316,-0.019733,0.007013,-0.121946
1532402946536782,420.027652,1104.698098,0.000000,0.992387,-0.019551,0.006892,-0.121399
1532402946537525,420.029214,1104.697711,0.000000,0.992393,-0.019536,0.006882,-0.121353
1532402946540861,420.036229,1104.695973,0.000000,0.992420,-0.019466,0.006839,-0.121148
1532402946547026,420.049184,1104.692761,0.000000,0.992469,-0.019343,0.006753,-0.120769
1532402946547423,420.049729,1104.692656,0.000000,0.992473,-0.019328,0.006755,-0.120743
1532402946560319,420.075256,1104.686485,0.000000,0.992576,-0.019088,0.006583,-0.119942
1532402946589489,420.132102,1104.672899,0.000000,0.992809,-0.018790,0.006191,-0.118065
1532402946597346,420.148433,1104.669005,0.000000,0.992872,-0.018717,0.006088,-0.117549
1532402946599321,420.149997,1104.668609,0.000000,0.992885,-0.018739,0.006070,-0.117433
1532402946604844,420.160049,1104.666198,0.000000,0.992928,-0.018725,0.006006,-0.117078
1532402946608077,420.165941,1104.664814,0.000000,0.992954,-0.018717,0.005968,-0.116863
1532402946611013,420.171287,1104.663554,0.000000,0.992977,-0.018709,0.005934,-0.116668
1532402946612460,420.173920,1104.662932,0.000000,0.992989,-0.018706,0.005917,-0.116571
1532402946620339,420.188237,1104.659533,0.000000,0.993051,-0.018685,0.005826,-0.116047
1532402946627893,420.202001,1104.656279,0.000000,0.993112,-0.018651,0.005741,-0.115534
1532402946630253,420.206330,1104.655271,0.000000,0.993131,-0.018651,0.005718,-0.115368
1532402946637528,420.219666,1104.652165,0.000000,0.993190,-0.018666,0.005649,-0.114859
1532402946647118,420.237221,1104.648072,0.000000,0.993268,-0.018688,0.005556,-0.114187
1532402946647423,420.237837,1104.647987,0.000000,0.993270,-0.018689,0.005553,-0.114169
1532402946654846,420.251508,1104.644917,0.000000,0.993328,-0.018725,0.005483,-0.113660
1532402946658321,420.257866,1104.643461,0.000000,0.993355,-0.018743,0.005450,-0.113421
1532402946662460,420.265405,1104.641710,0.000000,0.993387,-0.018767,0.005417,-0.113137
1532402946670029,420.279419,1104.638580,0.000000,0.993448,-0.018814,0.005356,-0.112595
1532402946670339,420.279997,1104.638453,0.000000,0.993451,-0.018816,0.005353,-0.112573
1532402946677893,420.294013,1104.635354,0.000000,0.993513,-0.018875,0.005292,-0.112020
1532402946681240,420.300181,1104.633972,0.000000,0.993540,-0.018897,0.005268,-0.111775
1532402946685899,420.308864,1104.631995,0.000000,0.993577,-0.018927,0.005234,-0.111441
1532402946687525,420.312025,1104.631263,0.000000,0.993589,-0.018937,0.005223,-0.111331
1532402946697423,420.331264,1104.626806,0.000000,0.993663,-0.018990,0.005162,-0.110663
1532402946698038,420.330736,1104.626948,0.000000,0.993676,-0.018994,0.005157,-0.110545
1532402946705618,420.347201,1104.623124,0.000000,0.993724,-0.019046,0.005104,-0.110110
1532402946743601,420.421936,1104.606595,0.000000,0.994008,-0.019254,0.004858,-0.107484
1532402946747214,420.429083,1104.605047,0.000000,0.994035,-0.019279,0.004839,-0.107231
1532402946754844,420.444054,1104.601850,0.000000,0.994087,-0.019317,0.004793,-0.106750
1532402946762460,420.459029,1104.598640,0.000000,0.994139,-0.019363,0.004746,-0.106254
1532402946765910,420.465805,1104.597196,0.000000,0.994163,-0.019385,0.004724,-0.106030
1532402946770339,420.474484,1104.595366,0.000000,0.994193,-0.019414,0.004697,-0.105744
1532402946775962,420.485502,1104.593043,0.000000,0.994231,-0.019452,0.004663,-0.105380
1532402946777893,420.489286,1104.592245,0.000000,0.994244,-0.019465,0.004652,-0.105255
1532402946787525,420.508030,1104.588264,0.000000,0.994308,-0.019521,0.004592,-0.104641
1532402946797423,420.526946,1104.584163,0.000000,0.994371,-0.019584,0.004530,-0.104034
1532402946797517,420.527739,1104.584141,0.000000,0.994376,-0.019585,0.004529,-0.103985
1532402946803768,420.539071,1104.581532,0.000000,0.994411,-0.019630,0.004493,-0.103644
1532402946813786,420.558262,1104.577498,0.000000,0.994474,-0.019705,0.004434,-0.103025
1532402946826796,420.582966,1104.572174,0.000000,0.994556,-0.019775,0.004348,-0.102215
